Date,Order_ID,Product_Name,Category,Quantity,Unit_Price,Discount,Region
2016-11-08,CA-2016-152156,Bush Somerset Collection Bookcase,Furniture,2.0,130.98,0.0,South
2016-11-08,CA-2016-152156,"Hon Deluxe Fabric Upholstered Stacking Chairs, Rounded Back",Furniture,3.0,243.98,0.0,South
2016-06-12,CA-2016-138688,Self-Adhesive Address Labels for Typewriters by Universal,Office Supplies,2.0,7.31,0.0,West
2015-10-11,US-2015-108966,Bretford CR4500 Series Slim Rectangular Table,Furniture,5.0,191.52,45.0,South
2015-10-11,US-2015-108966,Eldon Fold 'N Roll Cart System,Office Supplies,2.0,11.18,20.0,South
2014-06-09,CA-2014-115812,"Eldon Expressions Wood and Plastic Desk Accessories, Cherry Wood",Furniture,7.0,6.98,0.0,West
2014-06-09,CA-2014-115812,Newell 322,Office Supplies,4.0,1.82,0.0,West
2014-06-09,CA-2014-115812,Mitel 5320 IP Phone VoIP phone,Technology,6.0,151.19,20.0,West
2014-06-09,CA-2014-115812,DXL Angle-View Binders with Locking Rings by Samsill,Office Supplies,3.0,6.17,20.0,West
2014-06-09,CA-2014-115812,Belkin F5C206VTEL 6 Outlet Surge,Office Supplies,5.0,22.98,0.0,West
2014-06-09,CA-2014-115812,Chromcraft Rectangular Conference Tables,Furniture,9.0,189.58,20.0,West
2014-06-09,CA-2014-115812,Konftel 250 Conference phone - Charcoal black,Technology,4.0,227.86,20.0,West
2017-04-15,CA-2017-114412,Xerox 1967,Office Supplies,3.0,5.18,20.0,South
2016-12-05,CA-2016-161389,Fellowes PB200 Plastic Comb Binding Machine,Office Supplies,3.0,135.99,20.0,West
2015-11-22,US-2015-118983,"Holmes Replacement Filter for HEPA Air Cleaner, Very Large Room, HEPA Filter",Office Supplies,5.0,13.76,80.0,Central
2015-11-22,US-2015-118983,Storex DuraTech Recycled Plastic Frosted Binders,Office Supplies,3.0,0.85,80.0,Central
2014-11-11,CA-2014-105893,"Stur-D-Stor Shelving, Vertical 5-Shelf: 72""H x 36""W x 18 1/2""D",Office Supplies,6.0,110.98,0.0,Central
2014-05-13,CA-2014-167164,Fellowes Super Stor/Drawer,Office Supplies,2.0,27.75,0.0,West
2014-08-27,CA-2014-143336,Newell 341,Office Supplies,2.0,4.28,0.0,West
2014-08-27,CA-2014-143336,Cisco SPA 501G IP Phone,Technology,3.0,71.16,20.0,West
2014-08-27,CA-2014-143336,"Wilson Jones Hanging View Binder, White, 1""",Office Supplies,4.0,5.68,20.0,West
2016-12-09,CA-2016-137330,Newell 318,Office Supplies,7.0,2.78,0.0,Central
2016-12-09,CA-2016-137330,"Acco Six-Outlet Power Strip, 4' Cord Length",Office Supplies,7.0,8.62,0.0,Central
2017-07-16,US-2017-156909,"Global Deluxe Stacking Chair, Gray",Furniture,2.0,35.69,30.0,East
2015-09-25,CA-2015-106320,Bretford CR4500 Series Slim Rectangular Table,Furniture,3.0,348.21,0.0,West
2016-01-16,CA-2016-121755,Wilson Jones Active Use Binders,Office Supplies,2.0,5.82,20.0,West
2016-01-16,CA-2016-121755,Imation 8GB Mini TravelDrive USB 2.0 Flash Drive,Technology,3.0,30.19,0.0,West
2015-09-17,US-2015-150630,"Riverside Palais Royal Lawyers Bookcase, Royale Cherry Finish",Furniture,7.0,440.49,50.0,East
2015-09-17,US-2015-150630,Avery Recycled Flexi-View Covers for Binding Systems,Office Supplies,2.0,4.81,70.0,East
2015-09-17,US-2015-150630,"Howard Miller 13-3/4"" Diameter Brushed Chrome Round Wall Clock",Furniture,3.0,41.4,20.0,East
2015-09-17,US-2015-150630,Poly String Tie Envelopes,Office Supplies,2.0,1.63,20.0,East
2015-09-17,US-2015-150630,"BOSTON Model 1800 Electric Pencil Sharpeners, Putty/Woodgrain",Office Supplies,6.0,14.38,20.0,East
2015-09-17,US-2015-150630,"Acco Pressboard Covers with Storage Hooks, 14 7/8"" x 11"", Executive Red",Office Supplies,6.0,1.14,70.0,East
2015-09-17,US-2015-150630,Lumber Crayons,Office Supplies,2.0,7.88,20.0,East
2017-10-19,CA-2017-107727,Easy-staple paper,Office Supplies,3.0,9.82,20.0,Central
2016-12-08,CA-2016-117590,GE 30524EE4,Technology,7.0,156.79,20.0,Central
2016-12-08,CA-2016-117590,"Electrix Architect's Clamp-On Swing Arm Lamp, Black",Furniture,5.0,38.18,60.0,Central
2015-12-27,CA-2015-117415,"#10-4 1/8"" x 9 1/2"" Premium Diagonal Seam Envelopes",Office Supplies,9.0,12.59,20.0,Central
2015-12-27,CA-2015-117415,"Atlantic Metals Mobile 3-Shelf Bookcases, Custom Colors",Furniture,3.0,177.47,32.0,Central
2015-12-27,CA-2015-117415,"Global Fabric Manager's Chair, Dark Gray",Furniture,3.0,70.69,30.0,Central
2015-12-27,CA-2015-117415,Plantronics HL10 Handset Lifter,Technology,4.0,92.79,20.0,Central
2017-09-10,CA-2017-120999,Panasonic Kx-TS550,Technology,4.0,36.79,20.0,Central
2016-07-17,CA-2016-101343,"Eldon Base for stackable storage shelf, platinum",Office Supplies,2.0,38.94,0.0,West
2017-09-19,CA-2017-139619,"Advantus 10-Drawer Portable Organizer, Chrome Metal Frame, Smoke Drawers",Office Supplies,2.0,47.81,20.0,South
2016-03-11,CA-2016-118255,"Verbatim 25 GB 6x Blu-ray Single Layer Recordable Disc, 25/Pack",Technology,2.0,22.99,0.0,Central
2016-03-11,CA-2016-118255,Wilson Jones Leather-Like Binders with DublLock Round Rings,Office Supplies,2.0,8.73,0.0,Central
2014-10-20,CA-2014-146703,"Gould Plastics 9-Pocket Panel Bin, 18-3/8w x 5-1/4d x 20-1/2h, Black",Office Supplies,4.0,52.99,0.0,Central
2016-06-20,CA-2016-169194,Imation 8gb Micro Traveldrive Usb 2.0 Flash Drive,Technology,3.0,15.0,0.0,East
2016-06-20,CA-2016-169194,"LF Elite 3D Dazzle Designer Hard Case Cover, Lf Stylus Pen and Wiper For Apple Iphone 5c Mini Lite",Technology,2.0,10.9,0.0,East
2015-04-18,CA-2015-115742,"C-Line Peel & Stick Add-On Filing Pockets, 8-3/4 x 5-1/8, 10/Pack",Office Supplies,6.0,6.37,0.0,Central
2015-04-18,CA-2015-115742,Avery 485,Office Supplies,6.0,12.53,0.0,Central
2015-04-18,CA-2015-115742,Longer-Life Soft White Bulbs,Furniture,2.0,3.08,0.0,Central
2015-04-18,CA-2015-115742,"Global Leather Task Chair, Black",Furniture,1.0,89.99,0.0,Central
2016-12-11,CA-2016-105816,Advantus Push Pins,Office Supplies,7.0,2.18,0.0,East
2016-12-11,CA-2016-105816,AT&T CL83451 4-Handset Telephone,Technology,5.0,205.99,0.0,East
2016-06-17,CA-2016-111682,Home/Office Personal File Carts,Office Supplies,6.0,34.76,0.0,East
2016-06-17,CA-2016-111682,Xerox 232,Office Supplies,5.0,6.48,0.0,East
2016-06-17,CA-2016-111682,Novimex Turbo Task Chair,Furniture,5.0,63.88,10.0,East
2016-06-17,CA-2016-111682,"Array Parchment Paper, Assorted Colors",Office Supplies,2.0,7.28,0.0,East
2016-06-17,CA-2016-111682,Imation 8gb Micro Traveldrive Usb 2.0 Flash Drive,Technology,2.0,15.0,0.0,East
2016-06-17,CA-2016-111682,Plastic Binding Combs,Office Supplies,4.0,12.12,20.0,East
2016-06-17,CA-2016-111682,Prang Dustless Chalk Sticks,Office Supplies,1.0,1.68,0.0,East
2015-11-24,CA-2015-135545,"Verbatim 25 GB 6x Blu-ray Single Layer Recordable Disc, 3/Pack",Technology,2.0,6.99,0.0,West
2015-11-24,CA-2015-135545,"Acco PRESSTEX Data Binder with Storage Hooks, Dark Blue, 14 7/8"" X 11""",Office Supplies,6.0,4.3,20.0,West
2015-11-24,CA-2015-135545,Xerox 1943,Office Supplies,3.0,48.91,0.0,West
2015-11-24,CA-2015-135545,Luxo Economy Swing Arm Lamp,Furniture,4.0,19.94,0.0,West
2015-04-30,US-2015-164175,"Global Value Mid-Back Manager's Chair, Gray",Furniture,5.0,42.62,30.0,Central
2014-12-05,CA-2014-106376,"Hunt BOSTON Model 1606 High-Volume Electric Pencil Sharpener, Beige",Office Supplies,8.0,139.13,20.0,West
2014-12-05,CA-2014-106376,netTALK DUO VoIP Telephone Service,Technology,4.0,41.99,20.0,West
2016-06-04,CA-2016-119823,"Snap-A-Way Black Print Carbonless Ruled Speed Letter, Triplicate",Office Supplies,2.0,37.94,0.0,South
2016-09-18,CA-2016-106075,Avery Binding System Hidden Tab Executive Style Index Sets,Office Supplies,1.0,4.62,20.0,East
2017-09-14,CA-2017-114440,"Telephone Message Books with Fax/Mobile Section, 5 1/2"" x 3 3/16""",Office Supplies,3.0,6.35,0.0,Central
2015-04-26,US-2015-134026,High-Back Leather Manager's Chair,Furniture,8.0,103.99,20.0,South
2015-04-26,US-2015-134026,"Tenex Traditional Chairmats for Medium Pile Carpet, Standard Lip, 36"" x 48""",Furniture,2.0,48.52,20.0,South
2015-04-26,US-2015-134026,Safco Industrial Wire Shelving System,Office Supplies,1.0,72.78,20.0,South
2017-12-09,US-2017-118038,Economy Binders,Office Supplies,3.0,0.42,80.0,Central
2017-12-09,US-2017-118038,"6"" Cubicle Wall Clock, Black",Furniture,3.0,3.24,60.0,Central
2017-12-09,US-2017-118038,"SimpliFile Personal File, Black Granite, 15w x 6-15/16d x 11-1/4h",Office Supplies,3.0,9.08,20.0,Central
2014-11-26,US-2014-147606,"Eldon Expressions Desk Accessory, Wood Pencil Holder, Oak",Furniture,5.0,3.86,60.0,Central
2016-06-12,CA-2016-127208,"1.7 Cubic Foot Compact ""Cube"" Office Refrigerators",Office Supplies,1.0,208.16,0.0,South
2016-06-12,CA-2016-127208,Avery Heavy-Duty EZD  Binder With Locking Rings,Office Supplies,3.0,5.58,0.0,South
2014-10-12,CA-2014-139451,"Premium Writing Pencils, Soft, #2 by Central Association for the Blind",Office Supplies,5.0,2.98,0.0,West
2014-10-12,CA-2014-139451,"Sortfiler Multipurpose Personal File Organizer, Black",Office Supplies,1.0,21.39,0.0,West
2015-09-03,CA-2015-149734,Jet-Pak Recycled Peel 'N' Seal Padded Mailers,Office Supplies,7.0,28.71,20.0,South
2017-11-13,US-2017-119662,Safco Industrial Wire Shelving,Office Supplies,3.0,76.79,20.0,Central
2017-05-28,CA-2017-140088,Novimex Swivel Fabric Task Chair,Furniture,2.0,150.98,0.0,South
2017-10-26,CA-2017-155558,Logitech LS21 Speaker System - PC Multimedia - 2.1-CH - Wired,Technology,1.0,19.99,0.0,Central
2017-10-26,CA-2017-155558,Avery 511,Office Supplies,2.0,3.08,0.0,Central
2016-04-05,CA-2016-159695,Eldon Portable Mobile Manager,Office Supplies,7.0,22.62,20.0,Central
2016-09-17,CA-2016-109806,Turquoise Lead Holder with Pocket Clip,Office Supplies,3.0,6.7,0.0,West
2016-09-17,CA-2016-109806,Panasonic Kx-TS550,Technology,2.0,36.79,20.0,West
2016-09-17,CA-2016-109806,Xerox 1995,Office Supplies,1.0,6.48,0.0,West
2015-01-31,CA-2015-149587,Xerox 1999,Office Supplies,2.0,6.48,0.0,Central
2015-01-31,CA-2015-149587,"Seth Thomas 13 1/2"" Wall Clock",Furniture,3.0,17.78,0.0,Central
2015-01-31,CA-2015-149587,Ibico Standard Transparent Covers,Office Supplies,2.0,16.48,0.0,Central
2017-11-06,US-2017-109484,Flexible Leather- Look Classic Collection Ring Binder,Office Supplies,1.0,5.68,70.0,West
2017-11-09,CA-2017-161018,9-3/4 Diameter Round Wall Clock,Furniture,7.0,13.79,0.0,East
2017-06-17,CA-2017-157833,Trimflex Flexible Post Binders,Office Supplies,3.0,17.1,20.0,West
2016-09-06,CA-2016-149223,Fellowes Basic Home/Office Series Surge Protectors,Office Supplies,6.0,12.98,0.0,Central
2016-08-29,CA-2016-158568,Avery Personal Creations Heavyweight Cards,Office Supplies,7.0,9.23,20.0,Central
2016-08-29,CA-2016-158568,SanDisk Ultra 64 GB MicroSDHC Class 10 Memory Card,Technology,3.0,31.99,20.0,Central
2016-08-29,CA-2016-158568,Avery Hidden Tab Dividers for Binding Systems,Office Supplies,3.0,0.6,80.0,Central
2016-12-01,CA-2016-129903,Universal Premium White Copier/Laser Paper (20Lb. and 87 Bright),Office Supplies,4.0,5.98,0.0,Central
2015-11-13,US-2015-156867,Logitech K350 2.4Ghz Wireless Keyboard,Technology,6.0,39.82,20.0,West
2015-11-13,US-2015-156867,"Deflect-o DuraMat Lighweight, Studded, Beveled Mat for Low Pile Carpeting",Furniture,3.0,34.12,20.0,West
2015-11-13,US-2015-156867,"Avery Trapezoid Ring Binder, 3"" Capacity, Black, 1040 sheets",Office Supplies,3.0,12.29,70.0,West
2017-11-23,CA-2017-119004,Memorex Mini Travel Drive 8 GB USB 2.0 Flash Drive,Technology,8.0,9.26,20.0,South
2017-11-23,CA-2017-119004,Speck Products Candyshell Flip Case,Technology,1.0,27.99,20.0,South
2017-11-23,CA-2017-119004,Newell Chalk Holder,Office Supplies,1.0,3.3,20.0,South
2015-10-15,CA-2015-129476,Logitech Gaming G510s - Keyboard,Technology,5.0,67.99,20.0,Central
2017-12-25,CA-2017-146780,Magnifier Swing Arm Lamp,Furniture,2.0,20.98,0.0,East
2016-11-03,CA-2016-128867,"Hunt PowerHouse Electric Pencil Sharpener, Blue",Office Supplies,2.0,37.98,0.0,Central
2016-11-03,CA-2016-128867,"Avery Durable Plastic 1"" Binders",Office Supplies,6.0,4.54,0.0,Central
2014-08-25,CA-2014-115259,"OIC Colored Binder Clips, Assorted Sizes",Office Supplies,14.0,2.86,20.0,East
2014-08-25,CA-2014-115259,"Redi-Strip #10 Envelopes, 4 1/8 x 9 1/2",Office Supplies,2.0,2.36,20.0,East
2014-08-25,CA-2014-115259,Xerox 1921,Office Supplies,3.0,7.99,20.0,East
2014-08-25,CA-2014-115259,"Tyvek  Top-Opening Peel & Seel Envelopes, Plain White",Office Supplies,6.0,21.74,20.0,East
2015-03-02,CA-2015-110457,Hon Racetrack Conference Tables,Furniture,3.0,262.51,0.0,West
2015-04-05,US-2015-136476,GBC DocuBind 300 Electric Binding Machine,Office Supplies,1.0,157.79,70.0,South
2016-06-12,CA-2016-103730,Artistic Insta-Plaque,Furniture,3.0,15.68,0.0,East
2016-06-12,CA-2016-103730,DXL Angle-View Binders with Locking Rings by Samsill,Office Supplies,4.0,7.71,0.0,East
2016-06-12,CA-2016-103730,"Companion Letter/Legal File, Black",Office Supplies,6.0,37.76,0.0,East
2016-06-12,CA-2016-103730,Globe Weis Peel & Seel First Class Envelopes,Office Supplies,9.0,12.78,0.0,East
2016-06-12,CA-2016-103730,KLD Oscar II Style Snap-on Ultra Thin Side Flip Synthetic Leather Cover Case for HTC One HTC M7,Technology,7.0,9.72,0.0,East
2014-12-26,US-2014-152030,Global Deluxe High-Back Manager's Chair,Furniture,3.0,200.19,30.0,Central
2014-09-20,US-2014-134614,Bevis 44 x 96 Conference Tables,Furniture,6.0,102.95,50.0,Central
2017-11-05,US-2017-107272,"Avery Durable Slant Ring Binders, No Labels",Office Supplies,2.0,1.19,70.0,West
2017-11-05,US-2017-107272,"Trav-L-File Heavy-Duty Shuttle II, Black",Office Supplies,7.0,34.86,20.0,West
2016-11-06,US-2016-125969,"Global Task Chair, Black",Furniture,2.0,40.71,20.0,West
2016-11-06,US-2016-125969,Eldon Cleatmat Plus Chair Mats for High Pile Carpets,Furniture,3.0,79.52,0.0,West
2017-02-02,US-2017-164147,Anker 36W 4-Port USB Wall Charger Travel Power Adapter for iPhone 5s 5c 5,Technology,5.0,11.99,40.0,East
2017-02-02,US-2017-164147,Xerox 1916,Office Supplies,2.0,39.15,20.0,East
2017-02-02,US-2017-164147,Staples,Office Supplies,9.0,2.38,20.0,East
2016-10-13,CA-2016-145583,Xerox 195,Office Supplies,3.0,6.68,0.0,West
2016-10-13,CA-2016-145583,Xerox 1880,Office Supplies,1.0,35.44,0.0,West
2016-10-13,CA-2016-145583,"Sanford Colorific Colored Pencils, 12/Box",Office Supplies,4.0,2.88,0.0,West
2016-10-13,CA-2016-145583,Ideal Clamps,Office Supplies,2.0,2.01,0.0,West
2016-10-13,CA-2016-145583,GBC Wire Binding Strips,Office Supplies,3.0,25.39,20.0,West
2016-10-13,CA-2016-145583,Fiskars Softgrip Scissors,Office Supplies,6.0,10.98,0.0,West
2016-10-13,CA-2016-145583,Longer-Life Soft White Bulbs,Furniture,14.0,3.08,0.0,West
2016-09-05,CA-2016-110366,"Howard Miller 13-3/4"" Diameter Brushed Chrome Round Wall Clock",Furniture,2.0,41.4,20.0,East
2017-09-18,CA-2017-106180,Newell 343,Office Supplies,3.0,2.94,0.0,West
2017-09-18,CA-2017-106180,Convenience Packs of Business Envelopes,Office Supplies,3.0,3.62,0.0,West
2017-09-18,CA-2017-106180,Xerox 1911,Office Supplies,3.0,47.9,0.0,West
2017-12-22,CA-2017-155376,Sanyo 2.5 Cubic Foot Mid-Size Office Refrigerators,Office Supplies,3.0,279.81,0.0,Central
2015-09-07,CA-2015-110744,Safco Industrial Wire Shelving,Office Supplies,7.0,95.99,0.0,West
2014-10-22,CA-2014-110072,"Seth Thomas 14"" Putty-Colored Wall Clock",Furniture,4.0,23.47,20.0,East
2016-12-05,CA-2016-114489,Plantronics Cordless Phone Headset with In-line Volume - M214C,Technology,11.0,34.95,0.0,Central
2016-12-05,CA-2016-114489,Anker Astro 15000mAh USB Portable Charger,Technology,3.0,49.99,0.0,Central
2016-12-05,CA-2016-114489,"Hon Deluxe Fabric Upholstered Stacking Chairs, Rounded Back",Furniture,8.0,243.98,0.0,Central
2016-12-05,CA-2016-114489,GBC Prestige Therm-A-Bind Covers,Office Supplies,5.0,34.31,0.0,Central
2016-03-13,CA-2016-158834,Belkin 7 Outlet SurgeMaster Surge Protector with Phone Protection,Office Supplies,5.0,31.58,20.0,West
2016-03-13,CA-2016-158834,Jabra BIZ 2300 Duo QD Duo Corded Headset,Technology,2.0,101.59,20.0,West
2015-05-31,CA-2015-124919,Southworth 25% Cotton Antique Laid Paper & Envelopes,Office Supplies,7.0,8.34,0.0,West
2015-05-31,CA-2015-124919,Xerox 1883,Office Supplies,4.0,26.38,0.0,West
2015-05-31,CA-2015-124919,"Tenex Personal Project File with Scoop Front Design, Black",Office Supplies,6.0,13.48,0.0,West
2015-05-28,CA-2015-118948,Newell 311,Office Supplies,3.0,2.21,0.0,West
2014-03-01,CA-2014-104269,Global Deluxe High-Back Manager's Chair,Furniture,2.0,228.78,20.0,West
2016-11-20,CA-2016-114104,Avery 519,Office Supplies,2.0,7.31,0.0,Central
2016-11-20,CA-2016-114104,Avaya 5420 Digital phone,Technology,7.0,134.99,0.0,Central
2016-05-11,CA-2016-162733,Xerox 1920,Office Supplies,1.0,5.98,0.0,West
2015-12-28,CA-2015-119697,Lenovo 17-Key USB Numeric Keypad,Technology,2.0,27.19,20.0,East
2016-11-16,CA-2016-154508,Staple envelope,Office Supplies,5.0,5.68,0.0,West
2016-11-07,CA-2016-113817,Wilson Jones International Size A4 Ring Binders,Office Supplies,2.0,13.84,20.0,West
2014-09-08,CA-2014-139892,BIC Brite Liner Highlighters,Office Supplies,3.0,3.31,20.0,Central
2014-09-08,CA-2014-139892,Lexmark MX611dhe Monochrome Laser Printer,Technology,8.0,1019.99,40.0,Central
2014-09-08,CA-2014-139892,Space Solutions HD Industrial Steel Shelving.,Office Supplies,3.0,91.98,20.0,Central
2014-09-08,CA-2014-139892,SAFCO Arco Folding Chair,Furniture,9.0,193.34,30.0,Central
2014-09-08,CA-2014-139892,Sanford Liquid Accent Highlighters,Office Supplies,6.0,5.34,20.0,Central
2014-09-08,CA-2014-139892,Kensington 7 Outlet MasterPiece Power Center,Office Supplies,5.0,35.6,80.0,Central
2014-09-08,CA-2014-139892,JBL Micro Wireless Portable Bluetooth Speaker,Technology,3.0,47.99,20.0,Central
2014-08-05,CA-2014-118962,"Adams Phone Message Book, Professional, 400 Message Capacity, 5 3/6” x 11”",Office Supplies,3.0,6.98,0.0,West
2014-08-05,CA-2014-118962,Xerox 1913,Office Supplies,2.0,55.48,0.0,West
2014-08-05,CA-2014-118962,"Global Value Steno Chair, Gray",Furniture,7.0,48.59,20.0,West
2014-09-14,US-2014-100853,Kensington 7 Outlet MasterPiece HOMEOFFICE Power Control Center,Office Supplies,2.0,26.22,80.0,Central
2014-09-14,US-2014-100853,Avery 51,Office Supplies,4.0,5.04,20.0,Central
2017-04-21,US-2017-152366,"Acco 7-Outlet Masterpiece Power Center, Wihtout Fax/Phone Line Protection",Office Supplies,4.0,24.32,80.0,Central
2015-11-21,US-2015-101511,"Padded Folding Chairs, Black, 4/Carton",Furniture,7.0,56.69,30.0,East
2015-11-21,US-2015-101511,Acme Rosewood Handle Letter Opener,Office Supplies,5.0,3.18,20.0,East
2015-12-15,CA-2015-137225,"Sanford Colorific Eraseable Coloring Pencils, 12 Count",Office Supplies,1.0,3.28,0.0,East
2014-12-05,CA-2014-166191,"Tenex File Box, Personal Filing Tote with Lid, Black",Office Supplies,2.0,12.41,20.0,Central
2014-12-05,CA-2014-166191,Imation Secure+ Hardware Encrypted USB 2.0 Flash Drive; 16GB,Technology,7.0,58.39,20.0,Central
2014-11-19,CA-2014-158274,AT&T TR1909W,Technology,4.0,125.99,0.0,South
2014-11-19,CA-2014-158274,Nokia Lumia 521 (T-Mobile),Technology,5.0,29.99,0.0,South
2014-11-19,CA-2014-158274,HP Standard 104 key PS/2 Keyboard,Technology,2.0,14.5,0.0,South
2016-11-28,CA-2016-105018,Avery Poly Binder Pockets,Office Supplies,2.0,3.58,0.0,East
2014-08-26,CA-2014-123260,SanDisk Ultra 32 GB MicroSDHC Class 10 Memory Card,Technology,8.0,22.1,0.0,West
2016-07-16,CA-2016-157000,"Personal Filing Tote with Lid, Black/Gray",Office Supplies,3.0,12.41,20.0,Central
2016-07-16,CA-2016-157000,Southworth 25% Cotton Antique Laid Paper & Envelopes,Office Supplies,3.0,6.67,20.0,Central
2015-10-12,CA-2015-102281,"Atlantic Metals Mobile 4-Shelf Bookcases, Custom Colors",Furniture,4.0,224.78,20.0,East
2015-10-12,CA-2015-102281,I Need's 3d Hello Kitty Hybrid Silicone Case Cover for HTC One X 4g with 3d Hello Kitty Stylus Pen Green/pink,Technology,6.0,11.96,0.0,East
2015-10-12,CA-2015-102281,Xerox 205,Office Supplies,8.0,6.48,0.0,East
2015-10-12,CA-2015-102281,"Atlantic Metals Mobile 3-Shelf Bookcases, Custom Colors",Furniture,3.0,208.78,20.0,East
2015-10-12,CA-2015-102281,4009 Highlighters by Sanford,Office Supplies,5.0,3.98,0.0,East
2015-10-31,CA-2015-131457,Poly String Tie Envelopes,Office Supplies,7.0,2.04,0.0,West
2014-03-21,CA-2014-140004,"Binney & Smith Crayola Metallic Colored Pencils, 8-Color Set",Office Supplies,2.0,3.7,20.0,East
2014-03-21,CA-2014-140004,"Binney & Smith inkTank Erasable Desk Highlighter, Chisel Tip, Yellow, 12/Box",Office Supplies,3.0,2.02,20.0,East
2017-11-06,CA-2017-107720,Decoflex Hanging Personal Folder File,Office Supplies,3.0,15.42,0.0,East
2017-07-06,US-2017-124303,"Pressboard Covers with Storage Hooks, 9 1/2"" x 11"", Light Blue",Office Supplies,2.0,1.47,70.0,East
2017-07-06,US-2017-124303,"Wirebound Message Books, 5-1/2 x 4 Forms, 2 or 4 Forms per Page",Office Supplies,3.0,5.35,20.0,East
2017-06-24,CA-2017-105074,Southworth 25% Cotton Linen-Finish Paper & Envelopes,Office Supplies,3.0,7.25,20.0,East
2014-08-03,CA-2014-133690,BoxOffice By Design Rectangular and Half-Moon Meeting Room Tables,Furniture,2.0,109.38,50.0,West
2014-08-03,CA-2014-133690,"Bravo II Megaboss 12-Amp Hard Body Upright, Replacement Belts, 2 Belts per Pack",Office Supplies,1.0,2.6,20.0,West
2017-12-17,US-2017-116701,Eureka Sanitaire  Commercial Upright,Office Supplies,2.0,33.14,80.0,Central
2017-06-03,CA-2017-126382,"Eldon 200 Class Desk Accessories, Burgundy",Furniture,7.0,5.02,20.0,South
2017-12-09,CA-2017-108329,Nortel Business Series Terminal T7208 Digital phone,Technology,4.0,111.19,20.0,West
2017-12-01,CA-2017-135860,"Tennsco Lockers, Gray",Office Supplies,4.0,20.98,0.0,Central
2017-12-01,CA-2017-135860,Panasonic KX-TG6844B Expandable Digital Cordless Telephone,Technology,2.0,65.99,0.0,Central
2017-12-01,CA-2017-135860,"Avery Durable Slant Ring Binders, No Labels",Office Supplies,4.0,3.98,0.0,Central
2017-12-01,CA-2017-135860,"Advantus Push Pins, Aluminum Head",Office Supplies,9.0,5.81,0.0,Central
2017-12-01,CA-2017-135860,"Gould Plastics 18-Pocket Panel Bin, 34w x 5-1/4d x 20-1/2h",Office Supplies,1.0,91.99,0.0,Central
2015-02-09,CA-2015-101007,Memorex Micro Travel Drive 8 GB,Technology,2.0,10.4,20.0,Central
2015-01-02,CA-2015-146262,Avery 505,Office Supplies,2.0,11.84,20.0,East
2015-01-02,CA-2015-146262,O'Sullivan 2-Door Barrister Bookcase in Odessa Pine,Furniture,5.0,90.49,50.0,East
2015-01-02,CA-2015-146262,Speck Products Candyshell Flip Case,Technology,3.0,20.99,40.0,East
2015-01-02,CA-2015-146262,Cisco 9971 IP Video Phone Charcoal,Technology,9.0,132.0,70.0,East
2015-01-02,CA-2015-146262,Sony Micro Vault Click 16 GB USB 2.0 Flash Drive,Technology,2.0,44.79,20.0,East
2016-10-28,CA-2016-130162,"Personal Filing Tote with Lid, Black/Gray",Office Supplies,6.0,15.51,0.0,West
2016-10-28,CA-2016-130162,Adtran 1202752G1,Technology,3.0,100.79,20.0,West
2015-12-24,CA-2015-169397,OIC Bulk Pack Metal Binder Clips,Office Supplies,2.0,2.79,20.0,East
2015-12-24,CA-2015-169397,"While You Were Out Pads, 50 per Pad, 4 x 5 1/4, Green Cycle",Office Supplies,6.0,3.78,20.0,East
2015-12-24,CA-2015-169397,Ibico Standard Transparent Covers,Office Supplies,4.0,4.94,70.0,East
2015-12-24,CA-2015-169397,"Executive Impressions 14"" Two-Color Numerals Wall Clock",Furniture,4.0,18.18,20.0,East
2015-12-24,CA-2015-169397,Swingline SM12-08 MicroCut Jam Free Shredder,Technology,4.0,120.0,70.0,East
2015-12-24,CA-2015-169397,Stanley Bostitch Contemporary Electric Pencil Sharpeners,Office Supplies,2.0,13.58,20.0,East
2015-08-09,CA-2015-163055,"Sanford Uni-Blazer View Highlighters, Chisel Tip, Yellow",Office Supplies,1.0,2.2,0.0,Central
2015-08-09,CA-2015-163055,Bevis 36 x 72 Conference Tables,Furniture,5.0,124.49,0.0,Central
2015-08-09,CA-2015-163055,Rogers Deluxe File Chest,Office Supplies,1.0,21.98,0.0,Central
2015-02-28,US-2015-145436,Global Low Back Tilter Chair,Furniture,2.0,80.78,20.0,South
2015-02-28,US-2015-145436,"Global Push Button Manager's Chair, Indigo",Furniture,8.0,48.71,20.0,South
2014-09-13,US-2014-156216,GBC Instant Index System for Binding Systems,Office Supplies,7.0,2.66,70.0,South
2017-04-07,US-2017-100930,Bush Advantage Collection Round Conference Table,Furniture,2.0,116.93,45.0,South
2017-04-07,US-2017-100930,Bretford Rectangular Conference Table Tops,Furniture,3.0,206.87,45.0,South
2017-04-07,US-2017-100930,GBC Instant Index System for Binding Systems,Office Supplies,2.0,2.66,70.0,South
2017-04-07,US-2017-100930,"Tenex Contemporary Contur Chairmats for Low and Medium Pile Carpet, Computer, 39"" x 49""",Furniture,3.0,86.02,20.0,South
2017-04-07,US-2017-100930,Logitech P710e Mobile Speakerphone,Technology,3.0,205.99,20.0,South
2017-11-12,CA-2017-160514,Xerox 4200 Series MultiUse Premium Copy Paper (20Lb. and 84 Bright),Office Supplies,2.0,5.28,0.0,West
2016-06-04,CA-2016-157749,Xerox 1957,Office Supplies,5.0,5.18,20.0,Central
2016-06-04,CA-2016-157749,Luxo Professional Fluorescent Magnifier Lamp with Clamp-Mount Base,Furniture,5.0,83.94,60.0,Central
2016-06-04,CA-2016-157749,Staple-based wall hangings,Furniture,3.0,3.9,60.0,Central
2016-06-04,CA-2016-157749,PureGear Roll-On Screen Protector,Technology,2.0,15.99,20.0,Central
2016-06-04,CA-2016-157749,KI Conference Tables,Furniture,5.0,35.44,50.0,Central
2016-06-04,CA-2016-157749,Eldon 100 Class Desk Accessories,Furniture,3.0,1.35,60.0,Central
2016-06-04,CA-2016-157749,"Binney & Smith Crayola Metallic Colored Pencils, 8-Color Set",Office Supplies,2.0,3.7,20.0,Central
2014-06-01,CA-2014-131926,Global Deluxe High-Back Manager's Chair,Furniture,7.0,285.98,0.0,Central
2014-06-01,CA-2014-131926,Safco Steel Mobile File Cart,Office Supplies,2.0,83.36,0.0,Central
2014-06-01,CA-2014-131926,"Adams Telephone Message Book w/Frequently-Called Numbers Space, 400 Messages per Book",Office Supplies,6.0,7.98,0.0,Central
2014-06-01,CA-2014-131926,Honeywell Enviracaire Portable HEPA Air Cleaner for 17' x 22' Room,Office Supplies,5.0,300.65,0.0,Central
2014-06-01,CA-2014-131926,Xerox 205,Office Supplies,4.0,6.48,0.0,Central
2016-12-10,CA-2016-154739,"Global Leather Highback Executive Chair with Pneumatic Height Adjustment, Black",Furniture,2.0,160.78,20.0,West
2016-09-11,CA-2016-145625,"Wirebound Message Books, Two 4 1/4"" x 5"" Forms per Page",Office Supplies,1.0,7.61,0.0,West
2016-09-11,CA-2016-145625,Logitech P710e Mobile Speakerphone,Technology,13.0,257.49,0.0,West
2016-12-10,CA-2016-146941,"Fellowes Personal Hanging Folder Files, Navy",Office Supplies,6.0,13.43,0.0,East
2016-12-10,CA-2016-146941,Tyvek Side-Opening Peel & Seel Expanding Envelopes,Office Supplies,4.0,90.48,0.0,East
2015-11-28,US-2015-159982,Eldon 100 Class Desk Accessories,Furniture,9.0,1.35,60.0,Central
2015-11-28,US-2015-159982,"Belkin 19"" Vented Equipment Shelf, Black",Office Supplies,2.0,41.18,20.0,Central
2015-11-28,US-2015-159982,"Tenex Personal Project File with Scoop Front Design, Black",Office Supplies,5.0,10.78,20.0,Central
2015-11-28,US-2015-159982,Logitech Mobile Speakerphone P710e - speaker phone,Technology,6.0,107.98,20.0,Central
2017-12-01,CA-2017-163139,Sabrent 4-Port USB 2.0 Hub,Technology,3.0,6.79,0.0,East
2017-12-01,CA-2017-163139,Safco Industrial Shelving,Office Supplies,3.0,73.85,0.0,East
2017-12-01,CA-2017-163139,Acco 3-Hole Punch,Office Supplies,5.0,3.5,20.0,East
2017-06-08,US-2017-155299,Eureka Disposable Bags for Sanitaire Vibra Groomer I Upright Vac,Office Supplies,2.0,0.81,80.0,Central
2014-09-19,US-2014-106992,Lexmark MX611dhe Monochrome Laser Printer,Technology,3.0,1019.99,40.0,Central
2014-09-19,US-2014-106992,Xerox WorkCentre 6505DN Laser Multifunction Printer,Technology,7.0,359.99,40.0,Central
2016-06-06,CA-2016-125318,Cisco Small Business SPA 502G VoIP phone,Technology,4.0,82.06,20.0,Central
2015-11-10,CA-2015-155040,Microsoft Sculpt Comfort Mouse,Technology,2.0,39.95,0.0,West
2017-06-16,CA-2017-136826,"Quartet Omega Colored Chalk, 12/Pack",Office Supplies,3.0,4.67,20.0,South
2016-01-22,CA-2016-111010,Bagged Rubber Bands,Office Supplies,6.0,1.26,0.0,East
2017-12-09,US-2017-145366,Safco Commercial Shelving,Office Supplies,1.0,37.21,20.0,East
2017-12-09,US-2017-145366,"Recycled Interoffice Envelopes with String and Button Closure, 10 x 13",Office Supplies,3.0,19.19,20.0,East
2017-12-28,CA-2017-163979,Adjustable Depth Letter/Legal Cart,Office Supplies,4.0,181.46,0.0,West
2015-07-30,CA-2015-155334,Logitech 910-002974 M325 Wireless Mouse for Web Scrolling,Technology,7.0,29.99,0.0,West
2015-07-30,CA-2015-155334,Regeneration Desk Collection,Furniture,3.0,1.76,0.0,West
2015-07-30,CA-2015-155334,Presstex Flexible Ring Binders,Office Supplies,3.0,3.64,20.0,West
2017-09-16,CA-2017-118136,"Ampad Gold Fibre Wirebound Steno Books, 6"" x 9"", Gregg Ruled",Office Supplies,2.0,4.41,0.0,West
2017-09-16,CA-2017-118136,Newell 330,Office Supplies,1.0,5.98,0.0,West
2017-10-13,CA-2017-132976,"Post-it “Important Message” Note Pad, Neon Colors, 50 Sheets/Pad",Office Supplies,2.0,5.82,20.0,East
2017-10-13,CA-2017-132976,"Adams Write n' Stick Phone Message Book, 11"" X 5 1/4"", 200 Messages",Office Supplies,4.0,4.54,20.0,East
2017-10-13,CA-2017-132976,Eldon Simplefile Box Office,Office Supplies,6.0,9.95,20.0,East
2017-10-13,CA-2017-132976,Avery 489,Office Supplies,3.0,8.28,20.0,East
2015-09-26,US-2015-161991,Round Ring Binders,Office Supplies,5.0,0.42,80.0,Central
2015-09-26,US-2015-161991,Bose SoundLink Bluetooth Speaker,Technology,7.0,159.2,20.0,Central
2015-11-02,CA-2015-130890,"Bevis Round Bullnose 29"" High Table Top",Furniture,5.0,207.77,20.0,West
2015-09-26,CA-2015-130883,Easy-staple paper,Office Supplies,5.0,28.35,20.0,West
2015-09-26,CA-2015-130883,Microsoft Arc Touch Mouse,Technology,5.0,47.96,20.0,West
2015-09-26,CA-2015-130883,Xerox 216,Office Supplies,6.0,5.18,20.0,West
2016-12-18,CA-2016-112697,GBC VeloBinder Electric Binding Machine,Office Supplies,7.0,36.29,70.0,South
2016-12-18,CA-2016-112697,"Acco 7-Outlet Masterpiece Power Center, Wihtout Fax/Phone Line Protection",Office Supplies,2.0,97.26,20.0,South
2016-12-18,CA-2016-112697,Premier Automatic Letter Opener,Office Supplies,5.0,192.3,20.0,South
2016-11-20,CA-2016-110772,Advantus SlideClip Paper Clips,Office Supplies,7.0,2.73,20.0,East
2016-11-20,CA-2016-110772,Avery 512,Office Supplies,8.0,2.31,20.0,East
2016-11-20,CA-2016-110772,Logitech Wireless Gaming Headset G930,Technology,2.0,127.99,20.0,East
2016-11-20,CA-2016-110772,"Bush Westfield Collection Bookcases, Medium Cherry Finish",Furniture,3.0,28.99,50.0,East
2014-12-26,CA-2014-111451,"Howard Miller 13"" Diameter Goldtone Round Wall Clock",Furniture,8.0,37.55,20.0,West
2014-12-26,CA-2014-111451,Global Deluxe Office Fabric Chairs,Furniture,3.0,76.78,20.0,West
2014-12-26,CA-2014-111451,Eldon ClusterMat Chair Mat with Cordless Antistatic Protection,Furniture,3.0,72.78,20.0,West
2014-12-26,CA-2014-111451,Ibico Laser Imprintable Binding System Covers,Office Supplies,5.0,15.72,70.0,West
2014-12-26,CA-2014-111451,"Vinyl Coated Wire Paper Clips in Organizer Box, 800/Box",Office Supplies,3.0,9.18,20.0,West
2016-10-28,CA-2016-142545,Xerox 223,Office Supplies,5.0,6.48,0.0,East
2016-10-28,CA-2016-142545,"Tennsco Stur-D-Stor Boltless Shelving, 5 Shelves, 24"" Deep, Sand",Office Supplies,8.0,135.31,0.0,East
2016-10-28,CA-2016-142545,Xerox 1939,Office Supplies,3.0,18.97,0.0,East
2016-10-28,CA-2016-142545,"Floodlight Indoor Halogen Bulbs, 1 Bulb per Pack, 60 Watts",Furniture,4.0,19.4,0.0,East
2016-10-28,CA-2016-142545,Avery Premier Heavy-Duty Binder with Round Locking Rings,Office Supplies,1.0,14.28,0.0,East
2017-11-19,US-2017-152380,BPI Conference Tables,Furniture,3.0,73.02,50.0,Central
2015-05-04,CA-2015-144253,Electrix 20W Halogen Replacement Bulb for Zoom-In Desk Lamp,Furniture,2.0,13.4,0.0,East
2014-12-30,CA-2014-130960,Newell 350,Office Supplies,3.0,3.28,0.0,Central
2014-06-01,CA-2014-111003,"GBC Clear Cover, 8-1/2 x 11, unpunched, 25 covers per pack",Office Supplies,3.0,15.16,0.0,East
2014-06-01,CA-2014-111003,Boston Heavy-Duty Trimline Electric Pencil Sharpeners,Office Supplies,6.0,48.2,0.0,East
2017-04-15,CA-2017-126774,Faber Castell Col-Erase Pencils,Office Supplies,1.0,4.89,0.0,South
2016-09-12,CA-2016-142902,C-Line Cubicle Keepers Polyproplyene Holder With Velcro Backings,Furniture,4.0,3.78,20.0,West
2016-09-12,CA-2016-142902,Hon 4070 Series Pagoda Armless Upholstered Stacking Chairs,Furniture,2.0,233.38,20.0,West
2016-09-12,CA-2016-142902,"Eldon Expressions Desk Accessory, Wood Photo Frame, Mahogany",Furniture,1.0,15.23,20.0,West
2016-09-12,CA-2016-142902,Avery 509,Office Supplies,3.0,2.09,20.0,West
2014-09-27,CA-2014-120887,"Deflect-o SuperTray Unbreakable Stackable Tray, Letter, Black",Furniture,3.0,29.18,0.0,East
2014-08-09,CA-2014-167850,AT&T 1070 Corded Phone,Technology,2.0,89.19,20.0,South
2014-08-09,CA-2014-167850,Xerox 21,Office Supplies,3.0,5.18,20.0,South
2014-12-28,CA-2014-164259,"Boston School Pro Electric Pencil Sharpener, 1670",Office Supplies,4.0,24.78,20.0,East
2014-11-04,CA-2014-164973,DMI Arturo Collection Mission-style Design Wood Chair,Furniture,1.0,135.88,10.0,East
2014-11-04,CA-2014-164973,Canon imageCLASS MF7460 Monochrome Digital Laser Multifunction Copier,Technology,2.0,1995.99,0.0,East
2014-11-04,CA-2014-164973,Panasonic Kx-TS550,Technology,6.0,45.99,0.0,East
2014-11-04,CA-2014-164973,NETGEAR N750 Dual Band Wi-Fi Gigabit Router,Technology,4.0,90.0,0.0,East
2014-11-04,CA-2014-164973,"Trav-L-File Heavy-Duty Shuttle II, Black",Office Supplies,1.0,43.57,0.0,East
2014-09-19,CA-2014-156601,OIC Binder Clips,Office Supplies,2.0,3.58,0.0,West
2016-04-23,CA-2016-162138,Ibico Laser Imprintable Binding System Covers,Office Supplies,6.0,41.92,20.0,West
2016-04-23,CA-2016-162138,Logitech Wireless Headset h800,Technology,1.0,99.99,0.0,West
2017-11-03,CA-2017-153339,Telescoping Adjustable Floor Lamp,Furniture,1.0,15.99,20.0,South
2016-08-30,US-2016-141544,Aastra 57i VoIP phone,Technology,3.0,96.97,40.0,East
2016-08-30,US-2016-141544,"File Shuttle II and Handi-File, Black",Office Supplies,2.0,27.11,20.0,East
2016-08-30,US-2016-141544,Hon 2090 “Pillow Soft” Series Mid Back Swivel/Tilt Chairs,Furniture,4.0,196.69,30.0,East
2016-08-30,US-2016-141544,Round Specialty Laser Printer Labels,Office Supplies,10.0,10.02,20.0,East
2016-08-30,US-2016-141544,GBC Premium Transparent Covers with Diagonal Lined Pattern,Office Supplies,6.0,6.29,70.0,East
2016-04-25,US-2016-150147,AT&T 841000 Phone,Technology,2.0,41.4,40.0,East
2016-04-25,US-2016-150147,Ibico Recycled Grain-Textured Covers,Office Supplies,2.0,10.36,70.0,East
2016-04-25,US-2016-150147,Wilson Jones Custom Binder Spines & Labels,Office Supplies,3.0,1.63,70.0,East
2015-09-01,CA-2015-137946,Storex Dura Pro Binders,Office Supplies,1.0,4.75,20.0,West
2015-09-01,CA-2015-137946,Hewlett Packard LaserJet 3310 Copier,Technology,2.0,479.99,20.0,West
2015-09-01,CA-2015-137946,Avery Non-Stick Binders,Office Supplies,4.0,3.59,20.0,West
2014-07-12,CA-2014-129924,Tuff Stuff Recycled Round Ring Binders,Office Supplies,2.0,3.86,20.0,West
2014-07-12,CA-2014-129924,Hon 5100 Series Wood Tables,Furniture,3.0,232.78,20.0,West
2015-06-22,CA-2015-128167,"OIC Binder Clips, Mini, 1/4"" Capacity, Black",Office Supplies,4.0,1.24,0.0,West
2014-04-13,CA-2014-122336,Newell 314,Office Supplies,4.0,4.46,20.0,East
2014-04-13,CA-2014-122336,Fellowes PB200 Plastic Comb Binding Machine,Office Supplies,10.0,51.0,70.0,East
2014-04-13,CA-2014-122336,Staples,Office Supplies,13.0,2.38,20.0,East
2014-04-13,CA-2014-122336,"Square Credit Card Reader, 4 1/2"" x 4 1/2"" x 1"", White",Technology,12.0,5.99,40.0,East
2015-12-20,US-2015-120712,Fellowes Super Stor/Drawer,Office Supplies,4.0,22.2,20.0,Central
2017-06-15,CA-2017-169901,Anker 36W 4-Port USB Wall Charger Travel Power Adapter for iPhone 5s 5c 5,Technology,3.0,15.99,20.0,West
2017-07-08,CA-2017-134306,"Binney & Smith inkTank Erasable Desk Highlighter, Chisel Tip, Yellow, 12/Box",Office Supplies,3.0,2.52,0.0,East
2017-07-08,CA-2017-134306,Easy-staple paper,Office Supplies,2.0,12.28,0.0,East
2017-07-08,CA-2017-134306,"BIC Brite Liner Highlighters, Chisel Tip",Office Supplies,2.0,6.48,0.0,East
2016-09-01,CA-2016-129714,Sabrent 4-Port USB 2.0 Hub,Technology,1.0,6.79,0.0,East
2016-09-01,CA-2016-129714,Xerox 1881,Office Supplies,2.0,12.28,0.0,East
2016-09-01,CA-2016-129714,Acco Hanging Data Binders,Office Supplies,1.0,3.05,20.0,East
2016-09-01,CA-2016-129714,Xerox 1881,Office Supplies,4.0,12.28,0.0,East
2016-09-01,CA-2016-129714,GBC DocuBind P400 Electric Binding System,Office Supplies,4.0,1088.79,20.0,East
2016-04-08,CA-2016-138520,Sauder Barrister Bookcases,Furniture,6.0,64.78,20.0,East
2016-04-08,CA-2016-138520,"#10 Gummed Flap White Envelopes, 100/Box",Office Supplies,2.0,4.13,0.0,East
2016-04-08,CA-2016-138520,"Dixon Prang Watercolor Pencils, 10-Color Set with Brush",Office Supplies,4.0,4.26,0.0,East
2016-04-08,CA-2016-138520,"Adams Phone Message Book, 200 Message Capacity, 8 1/16” x 11”",Office Supplies,5.0,6.88,0.0,East
2016-04-23,CA-2016-130001,Southworth 25% Cotton Linen-Finish Paper & Envelopes,Office Supplies,5.0,7.25,20.0,South
2017-03-08,CA-2017-155698,Belkin 8 Outlet SurgeMaster II Gold Surge Protector with Phone Protection,Office Supplies,8.0,80.98,0.0,South
2017-03-08,CA-2017-155698,"Avery Address/Shipping Labels for Typewriters, 4"" x 2""",Office Supplies,2.0,10.35,0.0,South
2017-09-25,CA-2017-144904,"Avery Address/Shipping Labels for Typewriters, 4"" x 2""",Office Supplies,2.0,10.35,0.0,East
2017-09-25,CA-2017-144904,Global Ergonomic Managers Chair,Furniture,3.0,162.88,10.0,East
2017-09-25,CA-2017-144904,Newell 333,Office Supplies,2.0,2.78,0.0,East
2017-09-25,CA-2017-144904,Eldon Wave Desk Accessories,Furniture,8.0,5.89,0.0,East
2014-09-24,CA-2014-123344,"Gould Plastics 9-Pocket Panel Bin, 18-3/8w x 5-1/4d x 20-1/2h, Black",Office Supplies,4.0,52.99,0.0,West
2016-10-21,CA-2016-155516,Wilson Jones “Snap” Scratch Pad Binder Tool for Ring Binders,Office Supplies,4.0,5.8,0.0,East
2016-10-21,CA-2016-155516,Staple remover,Office Supplies,2.0,3.68,0.0,East
2016-10-21,CA-2016-155516,Pizazz Global Quick File,Office Supplies,7.0,14.97,0.0,East
2016-10-21,CA-2016-155516,"Atlantic Metals Mobile 3-Shelf Bookcases, Custom Colors",Furniture,4.0,260.98,0.0,East
2017-05-29,CA-2017-104745,Xerox 1930,Office Supplies,5.0,5.18,20.0,Central
2017-05-29,CA-2017-104745,File Shuttle I and Handi-File,Office Supplies,3.0,17.81,20.0,Central
2014-07-23,US-2014-119137,Wilson Jones Custom Binder Spines & Labels,Office Supplies,5.0,1.63,70.0,West
2014-07-23,US-2014-119137,NETGEAR AC1750 Dual Band Gigabit Smart WiFi Router,Technology,8.0,127.99,20.0,West
2014-07-23,US-2014-119137,Newell 324,Office Supplies,1.0,9.24,20.0,West
2014-07-23,US-2014-119137,Microsoft Natural Keyboard Elite,Technology,10.0,47.9,20.0,West
2016-09-28,US-2016-134656,Xerox 1960,Office Supplies,4.0,24.78,20.0,Central
2017-08-27,US-2017-134481,"Office Impressions End Table, 20-1/2""H x 24""W x 20""D",Furniture,7.0,212.63,30.0,East
2015-04-28,CA-2015-130792,Holmes Odor Grabber,Office Supplies,3.0,2.88,80.0,Central
2015-04-28,CA-2015-130792,Akro-Mils 12-Gallon Tote,Office Supplies,3.0,7.94,20.0,Central
2015-04-28,CA-2015-130792,"GBC Twin Loop Wire Binding Elements, 9/16"" Spine, Black",Office Supplies,4.0,3.04,80.0,Central
2016-10-28,CA-2016-134775,Southworth Structures Collection,Office Supplies,7.0,7.28,0.0,West
2016-10-28,CA-2016-134775,"Square Ring Data Binders, Rigid 75 Pt. Covers, 11"" x 14-7/8""",Office Supplies,3.0,16.51,20.0,West
2015-06-26,CA-2015-125395,Sony 32GB Class 10 Micro SDHC R40 Memory Card,Technology,2.0,20.95,0.0,Central
2015-11-27,US-2015-168935,"Hon Practical Foundations 30 x 60 Training Table, Light Gray/Charcoal",Furniture,3.0,125.15,45.0,South
2015-11-27,US-2015-168935,Logitech Media Keyboard K200,Technology,3.0,27.99,20.0,South
2015-12-03,CA-2015-122756,Lexmark MarkNet N8150 Wireless Print Server,Technology,4.0,120.58,70.0,East
2015-12-03,CA-2015-122756,3M Hangers With Command Adhesive,Furniture,1.0,2.96,20.0,East
2014-11-24,CA-2014-115973,Crayola Colored Pencils,Office Supplies,1.0,2.62,20.0,East
2017-12-11,CA-2017-101798,"Angle-D Binders with Locking Rings, Label Holders",Office Supplies,4.0,5.84,20.0,East
2017-12-11,CA-2017-101798,Logitech LS21 Speaker System - PC Multimedia - 2.1-CH - Wired,Technology,2.0,19.99,0.0,East
2014-09-21,US-2014-135972,Nortel Meridian M3904 Professional Digital phone,Technology,2.0,123.19,20.0,West
2014-09-21,US-2014-135972,Canon PC1080F Personal Copier,Technology,3.0,599.99,0.0,West
2014-06-07,US-2014-134971,Wilson Jones Century Plastic Molded Ring Binders,Office Supplies,3.0,4.15,80.0,Central
2017-06-30,CA-2017-102946,Tuf-Vin Binders,Office Supplies,3.0,25.26,20.0,West
2017-10-17,CA-2017-165603,2300 Heavy-Duty Transfer File Systems by Perma,Office Supplies,2.0,24.98,0.0,East
2017-10-17,CA-2017-165603,Xerox 1958,Office Supplies,2.0,6.48,0.0,East
2015-10-31,CA-2015-122259,"Acme 10"" Easy Grip Assistive Scissors",Office Supplies,4.0,17.53,0.0,Central
2016-09-08,CA-2016-108987,Super Decoflex Portable Personal File,Office Supplies,3.0,11.98,20.0,Central
2016-09-08,CA-2016-108987,"Riverside Palais Royal Lawyers Bookcase, Royale Cherry Finish",Furniture,4.0,599.07,32.0,Central
2016-09-08,CA-2016-108987,"Contico 72""H Heavy-Duty Storage System",Office Supplies,4.0,32.78,20.0,Central
2016-09-08,CA-2016-108987,Sony 64GB Class 10 Micro SDHC R40 Memory Card,Technology,2.0,28.79,20.0,Central
2014-12-24,CA-2014-113166,Xerox 1974,Office Supplies,2.0,4.78,20.0,South
2014-04-16,CA-2014-155208,"Avery Hi-Liter EverBold Pen Style Fluorescent Highlighters, 4/Pack",Office Supplies,6.0,6.51,20.0,South
2017-12-24,CA-2017-117933,Staple holder,Office Supplies,3.0,11.97,0.0,East
2017-12-08,CA-2017-117457,Sony 64GB Class 10 Micro SDHC R40 Memory Card,Technology,5.0,35.99,0.0,West
2017-12-08,CA-2017-117457,Sharp AL-1530CS Digital Copier,Technology,3.0,399.99,20.0,West
2017-12-08,CA-2017-117457,"Wirebound Message Book, 4 per Page",Office Supplies,5.0,5.43,0.0,West
2017-12-08,CA-2017-117457,"Bevis Round Conference Table Top, X-Base",Furniture,7.0,143.43,20.0,West
2017-12-08,CA-2017-117457,"Wirebound Service Call Books, 5 1/2"" x 4""",Office Supplies,1.0,9.68,0.0,West
2017-12-08,CA-2017-117457,Self-Adhesive Removable Labels,Office Supplies,9.0,3.15,0.0,West
2017-12-08,CA-2017-117457,Xerox 1908,Office Supplies,1.0,55.98,0.0,West
2017-12-08,CA-2017-117457,O'Sullivan 4-Shelf Bookcase in Odessa Pine,Furniture,13.0,102.83,15.0,West
2017-12-08,CA-2017-117457,Novimex High-Tech Fabric Mesh Task Chair,Furniture,2.0,56.78,20.0,West
2017-11-03,CA-2017-142636,Xerox 191,Office Supplies,7.0,19.98,0.0,West
2017-11-03,CA-2017-142636,Global Deluxe Office Fabric Chairs,Furniture,4.0,76.78,20.0,West
2017-06-24,CA-2017-122105,Bulldog Vacuum Base Pencil Sharpener,Office Supplies,8.0,11.99,0.0,West
2016-04-14,CA-2016-148796,Bevis Steel Folding Chairs,Furniture,5.0,76.76,20.0,West
2017-11-06,CA-2017-154816,Xerox 1987,Office Supplies,1.0,5.78,0.0,South
2017-03-04,CA-2017-110478,American Pencil,Office Supplies,4.0,2.33,0.0,West
2017-03-04,CA-2017-110478,"White Envelopes, White Envelopes with Clear Poly Window",Office Supplies,1.0,15.25,0.0,West
2014-06-22,CA-2014-142048,KeyTronic 6101 Series - Keyboard - Black,Technology,6.0,32.79,20.0,West
2017-10-19,CA-2017-125388,"Westinghouse Mesh Shade Clip-On Gooseneck Lamp, Black",Furniture,4.0,14.14,0.0,East
2017-10-19,CA-2017-125388,Crate-A-Files,Office Supplies,3.0,10.9,0.0,East
2017-08-21,CA-2017-155705,Hon Multipurpose Stacking Arm Chairs,Furniture,4.0,216.6,0.0,South
2017-11-23,CA-2017-149160,Coloredge Poster Frame,Furniture,2.0,14.2,0.0,Central
2017-11-23,CA-2017-149160,GBC VeloBinder Manual Binding System,Office Supplies,8.0,35.99,0.0,Central
2014-09-12,CA-2014-101476,"Epson WorkForce WF-2530 All-in-One Printer, Copier Scanner",Technology,1.0,69.99,0.0,East
2017-10-01,CA-2017-152275,Design Ebony Sketching Pencil,Office Supplies,6.0,1.11,20.0,Central
2016-04-15,US-2016-123750,GBC ProClick 150 Presentation Binding System,Office Supplies,2.0,94.79,70.0,South
2016-04-15,US-2016-123750,Imation Secure+ Hardware Encrypted USB 2.0 Flash Drive; 16GB,Technology,7.0,58.39,20.0,South
2016-04-15,US-2016-123750,Imation Secure+ Hardware Encrypted USB 2.0 Flash Drive; 16GB,Technology,5.0,58.39,20.0,South
2016-04-15,US-2016-123750,Woodgrain Magazine Files by Perma,Office Supplies,2.0,2.38,20.0,South
2016-06-06,CA-2016-127369,Letter Size Cart,Office Supplies,5.0,142.86,0.0,East
2014-12-19,US-2014-150574,Insertable Tab Post Binder Dividers,Office Supplies,2.0,2.41,70.0,South
2014-12-19,US-2014-150574,Belkin QODE FastFit Bluetooth Keyboard,Technology,5.0,49.56,20.0,South
2016-06-12,CA-2016-147375,"Canon Color ImageCLASS MF8580Cdw Wireless Laser All-In-One Printer, Copier, Scanner",Technology,3.0,335.99,30.0,Central
2016-06-12,CA-2016-147375,Xerox 1908,Office Supplies,7.0,44.78,20.0,Central
2017-09-15,CA-2017-130043,Xerox 1897,Office Supplies,8.0,3.98,20.0,Central
2017-01-20,CA-2017-157252,Global Deluxe Steno Chair,Furniture,3.0,69.28,10.0,East
2016-09-05,CA-2016-115756,Aluminum Document Frame,Furniture,1.0,12.22,0.0,Central
2016-09-05,CA-2016-115756,Fellowes Bankers Box Staxonsteel Drawer File/Stacking System,Office Supplies,3.0,64.98,0.0,Central
2016-09-05,CA-2016-115756,Eldon Mobile Mega Data Cart  Mega Stackable  Add-On Trays,Office Supplies,3.0,23.65,0.0,Central
2016-09-05,CA-2016-115756,"Xerox Color Copier Paper, 11"" x 17"", Ream",Office Supplies,4.0,22.84,0.0,Central
2016-09-05,CA-2016-115756,Office Star - Ergonomically Designed Knee Chair,Furniture,3.0,80.98,0.0,Central
2016-09-05,CA-2016-115756,Avery 520,Office Supplies,7.0,3.15,0.0,Central
2017-03-20,CA-2017-154214,"GE General Purpose, Extra Long Life, Showcase & Floodlight Incandescent Bulbs",Furniture,1.0,2.91,0.0,Central
2016-04-01,CA-2016-166674,Newell 345,Office Supplies,3.0,19.84,0.0,East
2016-04-01,CA-2016-166674,Fellowes Bankers Box Recycled Super Stor/Drawer,Office Supplies,3.0,53.98,0.0,East
2016-04-01,CA-2016-166674,Boston 1645 Deluxe Heavier-Duty Electric Pencil Sharpener,Office Supplies,6.0,43.98,0.0,East
2016-04-01,CA-2016-166674,50 Colored Long Pencils,Office Supplies,3.0,10.16,0.0,East
2016-04-01,CA-2016-166674,Newell 342,Office Supplies,3.0,3.28,0.0,East
2016-04-01,CA-2016-166674,Belkin Grip Candy Sheer Case / Cover for iPhone 5 and 5S,Technology,4.0,8.78,0.0,East
2017-10-20,CA-2017-147277,Chromcraft Rectangular Conference Tables,Furniture,2.0,142.18,40.0,East
2017-10-20,CA-2017-147277,Deluxe Rollaway Locking File with Drawer,Office Supplies,2.0,332.7,20.0,East
2016-12-13,CA-2016-100153,Memorex Mini Travel Drive 16 GB USB 2.0 Flash Drive,Technology,4.0,15.97,0.0,Central
2014-02-12,US-2014-110674,"Global Geo Office Task Chair, Gray",Furniture,2.0,64.78,20.0,West
2016-09-26,US-2016-157945,Hon 4700 Series Mobuis Mid-Back Task Chairs with Adjustable Arms,Furniture,3.0,249.19,30.0,Central
2016-09-26,US-2016-157945,Staple envelope,Office Supplies,2.0,4.46,20.0,Central
2015-12-15,CA-2015-109638,3M Office Air Cleaner,Office Supplies,4.0,25.98,0.0,West
2015-12-15,CA-2015-109638,Logitech G700s Rechargeable Gaming Mouse,Technology,9.0,99.99,0.0,West
2015-12-15,CA-2015-109638,Acco D-Ring Binder w/DublLock,Office Supplies,3.0,17.1,20.0,West
2016-04-22,CA-2016-109869,Eldon Wave Desk Accessories,Furniture,5.0,4.71,20.0,West
2016-04-22,CA-2016-109869,Bush Advantage Collection Racetrack Conference Table,Furniture,6.0,212.1,50.0,West
2016-04-22,CA-2016-109869,Poly Designer Cover & Back,Office Supplies,5.0,5.7,70.0,West
2016-04-22,CA-2016-109869,Premier Electric Letter Opener,Office Supplies,2.0,92.69,20.0,West
2016-04-22,CA-2016-109869,"Fellowes Premier Superior Surge Suppressor, 10-Outlet, With Phone and Remote",Office Supplies,2.0,39.14,20.0,West
2015-01-17,US-2015-101399,Eldon ClusterMat Chair Mat with Cordless Antistatic Protection,Furniture,7.0,36.39,60.0,Central
2017-03-31,CA-2017-154907,Bush Mission Pointe Library,Furniture,2.0,102.67,32.0,Central
2016-12-16,US-2016-100419,Cardinal Hold-It CD Pocket,Office Supplies,3.0,1.6,80.0,Central
2015-12-20,CA-2015-154144,"Eaton Premium Continuous-Feed Paper, 25% Cotton, Letter Size, White, 1000 Shts/Box",Office Supplies,1.0,55.48,0.0,East
2014-11-09,CA-2014-144666,SAFCO Boltless Steel Shelving,Office Supplies,3.0,113.64,0.0,West
2014-11-09,CA-2014-144666,"Sauder Mission Library with Doors, Fruitwood Finish",Furniture,2.0,111.33,15.0,West
2014-11-09,CA-2014-144666,Samsung Galaxy Note 3,Technology,4.0,175.99,20.0,West
2014-11-09,CA-2014-144666,"Decoflex Hanging Personal Folder File, Blue",Office Supplies,6.0,15.42,0.0,West
2014-11-09,CA-2014-144666,"Recycled Desk Saver Line ""While You Were Out"" Book, 5 1/2"" X 4""",Office Supplies,7.0,8.95,0.0,West
2014-11-09,CA-2014-144666,Xerox 1912,Office Supplies,5.0,18.97,0.0,West
2016-07-12,CA-2016-103891,Cisco SPA525G2 IP Phone - Wireless,Technology,6.0,15.96,20.0,West
2016-10-27,CA-2016-152632,Electrix 20W Halogen Replacement Bulb for Zoom-In Desk Lamp,Furniture,3.0,13.4,0.0,East
2016-06-26,CA-2016-100790,Prang Colored Pencils,Office Supplies,5.0,2.94,0.0,East
2016-06-26,CA-2016-100790,"Fellowes Strictly Business Drawer File, Letter/Legal Size",Office Supplies,5.0,140.85,0.0,East
2014-10-06,CA-2014-134677,Imation USB 2.0 Swivel Flash Drive USB flash drive - 4 GB - Pink,Technology,3.0,3.03,0.0,West
2014-07-22,CA-2014-127691,"Premium Writing Pencils, Soft, #2 by Central Association for the Blind",Office Supplies,2.0,2.98,0.0,East
2014-07-22,CA-2014-127691,Logitech G602 Wireless Gaming Mouse,Technology,2.0,79.99,0.0,East
2017-06-10,CA-2017-140963,Alphabetical Labels for Top Tab Filing,Office Supplies,2.0,14.8,0.0,West
2017-06-10,CA-2017-140963,O'Sullivan Living Dimensions 2-Shelf Bookcases,Furniture,5.0,102.83,15.0,West
2017-06-10,CA-2017-140963,iHome FM Clock Radio with Lightning Dock,Technology,5.0,55.99,20.0,West
2014-10-29,CA-2014-154627,Apple iPhone 5S,Technology,6.0,455.99,20.0,Central
2014-06-09,CA-2014-133753,Square Credit Card Reader,Technology,1.0,7.99,20.0,Central
2014-06-09,CA-2014-133753,Logitech M510 Wireless Mouse,Technology,2.0,31.99,20.0,Central
2014-06-09,CA-2014-133753,Boston 1645 Deluxe Heavier-Duty Electric Pencil Sharpener,Office Supplies,2.0,35.18,20.0,Central
2014-09-14,CA-2014-113362,Fellowes Officeware Wire Shelving,Office Supplies,5.0,89.83,0.0,East
2014-09-14,CA-2014-113362,Colored Envelopes,Office Supplies,3.0,3.69,0.0,East
2016-05-09,CA-2016-169166,Sony Micro Vault Click 8 GB USB 2.0 Flash Drive,Technology,2.0,46.99,0.0,West
2016-03-18,US-2016-120929,Balt Solid Wood Rectangular Table,Furniture,3.0,63.29,40.0,South
2015-12-27,CA-2015-134782,"Strathmore #10 Envelopes, Ultimate White",Office Supplies,2.0,52.71,0.0,South
2016-07-25,CA-2016-126158,Clear Mylar Reinforcing Strips,Office Supplies,8.0,14.95,20.0,West
2016-07-25,CA-2016-126158,"Howard Miller 14-1/2"" Diameter Chrome Round Wall Clock",Furniture,4.0,63.94,0.0,West
2016-07-25,CA-2016-126158,DMI Arturo Collection Mission-style Design Wood Chair,Furniture,2.0,120.78,20.0,West
2016-07-25,CA-2016-126158,Deflect-O Glasstique Clear Desk Accessories,Furniture,9.0,7.7,0.0,West
2016-05-30,US-2016-105578,Vinyl Sectional Post Binders,Office Supplies,2.0,11.31,70.0,West
2016-05-30,US-2016-105578,GBC Standard Therm-A-Bind Covers,Office Supplies,2.0,7.48,70.0,West
2016-05-30,US-2016-105578,Global Troy Executive Leather Low-Back Tilter,Furniture,2.0,400.78,20.0,West
2016-05-30,US-2016-105578,Storex Flexible Poly Binders with Double Pockets,Office Supplies,3.0,0.79,70.0,West
2016-05-30,US-2016-105578,"White Dual Perf Computer Printout Paper, 2700 Sheets, 1 Part, Heavyweight, 20 lbs., 14 7/8 x 11",Office Supplies,1.0,32.79,20.0,West
2017-11-12,CA-2017-134978,"Avery Durable Slant Ring Binders, No Labels",Office Supplies,5.0,3.18,20.0,East
2015-03-16,CA-2015-145352,Rogers Handheld Barrel Pencil Sharpener,Office Supplies,1.0,2.74,0.0,South
2015-03-16,CA-2015-145352,Newell 344,Office Supplies,3.0,2.78,0.0,South
2015-03-16,CA-2015-145352,Personal File Boxes with Fold-Down Carry Handle,Office Supplies,3.0,15.58,0.0,South
2015-03-16,CA-2015-145352,Fellowes PB500 Electric Punch Plastic Comb Binding Machine with Manual Bind,Office Supplies,5.0,1270.99,0.0,South
2017-11-26,CA-2017-135307,Executive Impressions Supervisor Wall Clock,Furniture,3.0,42.1,0.0,Central
2017-11-26,CA-2017-135307,SanDisk Cruzer 32 GB USB Flash Drive,Technology,2.0,19.02,0.0,Central
2016-10-20,CA-2016-106341,"Premium Writing Pencils, Soft, #2 by Central Association for the Blind",Office Supplies,3.0,2.38,20.0,East
2017-12-21,CA-2017-163405,Newell 327,Office Supplies,3.0,2.21,0.0,West
2017-12-21,CA-2017-163405,Newell 317,Office Supplies,2.0,2.94,0.0,West
2017-01-22,CA-2017-127432,Canon Image Class D660 Copier,Technology,5.0,599.99,0.0,West
2017-01-22,CA-2017-127432,Advantus Rolling Storage Box,Office Supplies,3.0,17.15,0.0,West
2017-01-22,CA-2017-127432,Great White Multi-Use Recycled Paper (20Lb. and 84 Bright),Office Supplies,2.0,5.98,0.0,West
2017-01-22,CA-2017-127432,Tennsco Single-Tier Lockers,Office Supplies,3.0,375.34,0.0,West
2015-03-22,CA-2015-157812,"Verbatim 25 GB 6x Blu-ray Single Layer Recordable Disc, 25/Pack",Technology,1.0,18.39,20.0,Central
2015-03-22,CA-2015-157812,Carina Double Wide Media Storage Towers in Natural & Black,Office Supplies,2.0,64.78,20.0,Central
2015-03-22,CA-2015-157812,XtraLife ClearVue Slant-D Ring Binders by Cardinal,Office Supplies,9.0,1.57,80.0,Central
2017-01-23,CA-2017-145142,Balt Solid Wood Rectangular Table,Furniture,2.0,105.49,0.0,Central
2016-05-21,US-2016-139486,Motorola HK250 Universal Bluetooth Headset,Technology,3.0,18.39,20.0,West
2016-05-21,US-2016-139486,Imation 16GB Mini TravelDrive USB 2.0 Flash Drive,Technology,2.0,33.13,0.0,West
2015-12-26,CA-2015-158792,Staples,Office Supplies,5.0,4.44,0.0,East
2017-10-21,CA-2017-113558,Global Commerce Series High-Back Swivel/Tilt Chairs,Furniture,3.0,227.98,20.0,South
2017-10-21,CA-2017-113558,"Eldon Expressions Desk Accessory, Wood Photo Frame, Mahogany",Furniture,3.0,15.23,20.0,South
2015-09-03,US-2015-138303,Eldon Gobal File Keepers,Office Supplies,3.0,12.11,20.0,East
2015-09-03,US-2015-138303,Martin Yale Chadless Opener Electric Letter Opener,Office Supplies,1.0,666.25,20.0,East
2015-09-03,US-2015-138303,"White Business Envelopes with Contemporary Seam, Recycled White Business Envelopes",Office Supplies,6.0,8.75,20.0,East
2015-11-07,CA-2015-102848,Safco Contoured Stacking Chairs,Furniture,1.0,190.72,20.0,West
2017-09-07,US-2017-129441,Tenex Chairmats For Use With Carpeted Floors,Furniture,3.0,15.98,0.0,West
2016-05-29,CA-2016-168753,Panasonic KX-TG9471B,Technology,5.0,195.99,0.0,South
2016-05-29,CA-2016-168753,Presstex Flexible Ring Binders,Office Supplies,5.0,4.55,0.0,South
2016-07-10,CA-2016-126613,Sterilite Officeware Hinged File Box,Office Supplies,2.0,8.38,20.0,West
2017-09-03,US-2017-122637,"Premier Elliptical Ring Binder, Black",Office Supplies,7.0,6.09,80.0,Central
2015-12-03,CA-2015-147851,Cardinal Poly Pocket Divider Pockets for Ring Binders,Office Supplies,4.0,2.69,20.0,East
2015-12-07,CA-2015-134894,Eureka The Boss Cordless Rechargeable Stick Vac,Office Supplies,3.0,50.98,0.0,South
2015-12-07,CA-2015-134894,"Situations Contoured Folding Chairs, 4/Set",Furniture,4.0,70.98,0.0,South
2014-02-01,CA-2014-140795,Enermax Aurora Lite Keyboard,Technology,6.0,78.15,0.0,Central
2016-07-14,CA-2016-136924,LG Electronics Tone+ HBS-730 Bluetooth Headset,Technology,8.0,47.61,20.0,West
2015-12-18,US-2015-120161,Fellowes Officeware Wire Shelving,Office Supplies,9.0,71.86,20.0,East
2014-05-11,CA-2014-103849,SanDisk Cruzer 64 GB USB Flash Drive,Technology,2.0,29.06,20.0,Central
2014-05-11,CA-2014-103849,Xblue XB-1670-86 X16 Small Office Telephone - Titanium,Technology,1.0,100.79,20.0,Central
2014-05-11,CA-2014-103849,"Deflect-o EconoMat Studded, No Bevel Mat for Low Pile Carpeting",Furniture,4.0,16.53,60.0,Central
2017-11-19,CA-2017-162929,Avery Printable Repositionable Plastic Tabs,Office Supplies,6.0,6.88,20.0,East
2017-11-19,CA-2017-162929,Xerox 1898,Office Supplies,2.0,6.68,0.0,East
2015-11-15,CA-2015-113173,Home/Office Personal File Carts,Office Supplies,9.0,27.81,20.0,Central
2015-11-15,CA-2015-113173,Flexible Leather- Look Classic Collection Ring Binder,Office Supplies,3.0,3.79,80.0,Central
2015-11-15,CA-2015-113173,Staple remover,Office Supplies,5.0,1.74,20.0,Central
2016-04-15,CA-2016-136406,HON 5400 Series Task Chairs for Big and Tall,Furniture,2.0,560.78,20.0,West
2017-09-11,CA-2017-112774,"Howard Miller 11-1/2"" Diameter Grantwood Wall Clock",Furniture,1.0,34.5,20.0,South
2017-11-24,CA-2017-101945,Advantus T-Pin Paper Clips,Office Supplies,3.0,3.61,20.0,Central
2017-06-29,CA-2017-100650,Tennsco 16-Compartment Lockers with Coat Rack,Office Supplies,2.0,647.89,0.0,West
2014-03-03,CA-2014-155852,Zebra Zazzle Fluorescent Highlighters,Office Supplies,4.0,4.86,20.0,South
2016-06-10,CA-2016-113243,Avery 473,Office Supplies,2.0,10.35,0.0,West
2016-06-10,CA-2016-113243,Bretford “Just In Time” Height-Adjustable Multi-Task Work Tables,Furniture,4.0,333.92,20.0,West
2016-06-10,CA-2016-113243,Xerox 226,Office Supplies,5.0,6.48,0.0,West
2017-11-20,CA-2017-118731,Coloredge Poster Frame,Furniture,3.0,14.2,0.0,West
2017-11-20,CA-2017-118731,"GBC Prepunched Paper, 19-Hole, for Binding Systems, 24-lb",Office Supplies,7.0,12.01,20.0,West
2014-09-14,CA-2014-145576,"Sanitaire Vibra Groomer IR Commercial Upright Vacuum, Replacement Belts",Office Supplies,5.0,2.6,20.0,South
2014-09-14,CA-2014-145576,Advantus Panel Wall Acrylic Frame,Furniture,3.0,4.38,20.0,South
2015-12-07,CA-2015-130736,"Alliance Big Bands Rubber Bands, 12/Pack",Office Supplies,2.0,1.98,0.0,West
2015-12-07,CA-2015-130736,Avery 509,Office Supplies,1.0,2.61,0.0,West
2017-12-07,CA-2017-137099,Cisco SPA301,Technology,3.0,124.79,20.0,West
2017-10-01,CA-2017-156951,Personal Creations Ink Jet Cards and Labels,Office Supplies,8.0,11.48,0.0,West
2017-10-01,CA-2017-156951,"GBC White Gloss Covers, Plain Front",Office Supplies,7.0,11.58,20.0,West
2017-10-01,CA-2017-156951,Xerox 222,Office Supplies,3.0,6.48,0.0,West
2017-10-01,CA-2017-156951,Hon Every-Day Series Multi-Task Chairs,Furniture,3.0,150.38,20.0,West
2017-12-28,CA-2017-164826,Avery 473,Office Supplies,7.0,10.35,0.0,East
2017-12-28,CA-2017-164826,OIC Bulk Pack Metal Binder Clips,Office Supplies,4.0,3.49,0.0,East
2017-12-28,CA-2017-164826,Storex Dura Pro Binders,Office Supplies,7.0,4.75,20.0,East
2017-12-28,CA-2017-164826,Cush Cases Heavy Duty Rugged Cover Case for Samsung Galaxy S5 - Purple,Technology,3.0,4.95,0.0,East
2016-11-03,CA-2016-127250,Newell 332,Office Supplies,3.0,2.94,0.0,West
2015-09-18,CA-2015-149713,Personal Creations Ink Jet Cards and Labels,Office Supplies,14.0,11.48,0.0,West
2015-09-18,CA-2015-149713,Rediform S.O.S. Phone Message Books,Office Supplies,4.0,4.98,0.0,West
2015-09-18,CA-2015-149713,Acme Value Line Scissors,Office Supplies,2.0,3.65,0.0,West
2017-07-20,CA-2017-118640,"Trav-L-File Heavy-Duty Shuttle II, Black",Office Supplies,2.0,34.86,20.0,Central
2017-07-20,CA-2017-118640,"Contract Clock, 14"", Brown",Furniture,1.0,8.79,60.0,Central
2015-09-10,CA-2015-132906,Martin-Yale Premier Letter Opener,Office Supplies,4.0,12.88,0.0,West
2017-12-01,CA-2017-145233,GE 30524EE4,Technology,3.0,156.79,20.0,West
2017-12-01,CA-2017-145233,AT&T SB67148 SynJ,Technology,2.0,52.79,20.0,West
2017-12-01,CA-2017-145233,Fellowes Basic Home/Office Series Surge Protectors,Office Supplies,3.0,10.38,20.0,West
2017-12-01,CA-2017-145233,Recycled Pressboard Report Cover with Reinforced Top Hinge,Office Supplies,7.0,0.97,70.0,West
2017-12-01,CA-2017-145233,Jabra BIZ 2300 Duo QD Duo Corded Headset,Technology,4.0,101.59,20.0,West
2015-07-03,CA-2015-128139,Novimex High-Tech Fabric Mesh Task Chair,Furniture,1.0,70.98,0.0,South
2015-07-03,CA-2015-128139,"Dot Matrix Printer Tape Reel Labels, White, 5000/Box",Office Supplies,3.0,98.31,0.0,South
2016-03-20,US-2016-156986,i.Sound Portable Power - 8000 mAh,Technology,2.0,42.39,20.0,West
2016-03-20,US-2016-156986,Xerox 225,Office Supplies,4.0,5.18,20.0,West
2016-03-20,US-2016-156986,Clear Mylar Reinforcing Strips,Office Supplies,3.0,5.61,70.0,West
2016-03-20,US-2016-156986,Xerox 1894,Office Supplies,2.0,5.18,20.0,West
2014-01-09,CA-2014-135405,Newell 312,Office Supplies,2.0,4.67,20.0,Central
2014-01-09,CA-2014-135405,Memorex Micro Travel Drive 8 GB,Technology,3.0,10.4,20.0,Central
2014-08-08,CA-2014-131450,Fellowes Superior 10 Outlet Split Surge Protector,Office Supplies,2.0,38.06,0.0,West
2014-08-08,CA-2014-131450,Sharp AL-1530CS Digital Copier,Technology,3.0,399.99,20.0,West
2014-08-08,CA-2014-131450,AT&T 1070 Corded Phone,Technology,5.0,89.19,20.0,West
2014-08-08,CA-2014-131450,Dana Halogen Swing-Arm Architect Lamp,Furniture,8.0,40.97,0.0,West
2016-07-14,CA-2016-120180,Acme Stainless Steel Office Snips,Office Supplies,2.0,5.82,20.0,East
2016-07-16,US-2016-100720,Mophie Juice Pack Helium for iPhone,Technology,3.0,47.99,40.0,East
2016-07-16,US-2016-100720,GE 2-Jack Phone Line Splitter,Technology,4.0,123.59,40.0,East
2016-07-16,US-2016-100720,Acme Value Line Scissors,Office Supplies,2.0,2.92,20.0,East
2014-03-15,CA-2014-149958,"Hot File 7-Pocket, Floor Stand",Office Supplies,1.0,142.78,20.0,South
2014-03-15,CA-2014-149958,"Eldon Expressions Desk Accessory, Wood Photo Frame, Mahogany",Furniture,3.0,15.23,20.0,South
2014-03-15,CA-2014-149958,Insertable Tab Post Binder Dividers,Office Supplies,3.0,2.41,70.0,South
2014-03-15,CA-2014-149958,GBC VeloBinder Manual Binding System,Office Supplies,4.0,10.8,70.0,South
2014-03-15,CA-2014-149958,Xerox 1889,Office Supplies,3.0,43.97,20.0,South
2014-05-23,US-2014-105767,Angle-D Ring Binders,Office Supplies,2.0,1.64,70.0,East
2014-05-23,US-2014-105767,Newell 317,Office Supplies,9.0,2.35,20.0,East
2014-05-23,US-2014-105767,Motorola L804,Technology,2.0,27.59,40.0,East
2016-04-28,CA-2016-161816,Nortel Meridian M3904 Professional Digital phone,Technology,3.0,123.19,20.0,Central
2016-04-28,CA-2016-161816,Avery 493,Office Supplies,4.0,3.93,20.0,Central
2016-09-11,CA-2016-121223,Xerox 1972,Office Supplies,2.0,4.22,20.0,East
2016-09-11,CA-2016-121223,Cisco 8x8 Inc. 6753i IP Business Phone System,Technology,9.0,80.99,40.0,East
2017-11-14,CA-2017-138611,PureGear Roll-On Screen Protector,Technology,10.0,11.99,40.0,East
2017-11-14,CA-2017-138611,Prestige Round Ring Binders,Office Supplies,2.0,1.82,70.0,East
2017-08-18,CA-2017-117947,"DAX Metal Frame, Desktop, Stepped-Edge",Furniture,2.0,20.24,0.0,East
2017-08-18,CA-2017-117947,"DAX Value U-Channel Document Frames, Easel Back",Furniture,2.0,4.97,0.0,East
2017-08-18,CA-2017-117947,Recycled Easel Ring Binders,Office Supplies,9.0,11.94,20.0,East
2017-08-18,CA-2017-117947,Grandstream GXP1160 VoIP phone,Technology,1.0,37.91,0.0,East
2017-08-18,CA-2017-117947,"Seth Thomas 14"" Putty-Colored Wall Clock",Furniture,3.0,29.34,0.0,East
2014-12-26,US-2014-111171,"Cardinal Slant-D Ring Binder, Heavy Gauge Vinyl",Office Supplies,5.0,1.74,80.0,Central
2015-11-29,CA-2015-138009,"Global Manager's Adjustable Task Chair, Storm",Furniture,2.0,150.98,0.0,Central
2015-11-29,CA-2015-138009,Honeywell Enviracaire Portable HEPA Air Cleaner for up to 10 x 16 Room,Office Supplies,5.0,111.04,10.0,Central
2015-11-29,CA-2015-138009,"Mini 13-1/2 Capacity Data Binder Rack, Pearl",Office Supplies,4.0,130.87,0.0,Central
2015-11-29,CA-2015-138009,"BOSTON Model 1800 Electric Pencil Sharpeners, Putty/Woodgrain",Office Supplies,9.0,17.98,0.0,Central
2017-09-15,CA-2017-163020,"Master Caster Door Stop, Brown",Furniture,7.0,5.08,0.0,East
2017-05-19,CA-2017-153787,Belkin Premiere Surge Master II 8-outlet surge protector,Office Supplies,2.0,48.58,0.0,West
2017-12-17,CA-2017-133431,"Acco Pressboard Covers with Storage Hooks, 9 1/2"" x 11"", Executive Red",Office Supplies,5.0,3.05,20.0,West
2017-12-17,CA-2017-133431,"Ampad Gold Fibre Wirebound Steno Books, 6"" x 9"", Gregg Ruled",Office Supplies,3.0,4.41,0.0,West
2016-12-11,US-2016-135720,Tennsco Regal Shelving Units,Office Supplies,3.0,81.13,20.0,West
2016-12-11,US-2016-135720,Imation 32GB Pocket Pro USB 3.0 Flash Drive - 32 GB - Black - 1 P ...,Technology,5.0,23.96,20.0,West
2016-12-11,US-2016-135720,Jabra SPEAK 410,Technology,4.0,75.19,20.0,West
2017-09-24,CA-2017-144694,"Verbatim 25 GB 6x Blu-ray Single Layer Recordable Disc, 1/Pack",Technology,3.0,5.96,20.0,South
2017-09-24,CA-2017-144694,"Dot Matrix Printer Tape Reel Labels, White, 5000/Box",Office Supplies,3.0,78.65,20.0,South
2015-10-04,CA-2015-168004,Office Star - Mesh Screen back chair with Vinyl seat,Furniture,3.0,130.98,0.0,South
2016-08-15,US-2016-123470,Premium Transparent Presentation Covers by GBC,Office Supplies,3.0,6.29,70.0,West
2016-08-15,US-2016-123470,Tripp Lite TLP810NET Broadband Surge for Modem/Fax,Office Supplies,3.0,40.78,20.0,West
2016-05-20,CA-2016-115917,Luxo Professional Fluorescent Magnifier Lamp with Clamp-Mount Base,Furniture,5.0,209.84,0.0,West
2016-05-20,CA-2016-115917,Wilson Jones Turn Tabs Binder Tool for Ring Binders,Office Supplies,4.0,3.86,20.0,West
2016-12-18,CA-2016-147067,Eldon 200 Class Desk Accessories,Furniture,3.0,6.28,0.0,Central
2017-07-30,CA-2017-167913,Economy Rollaway Files,Office Supplies,2.0,165.2,0.0,West
2017-07-30,CA-2017-167913,Avery 480,Office Supplies,7.0,3.75,0.0,West
2017-06-10,CA-2017-106103,Imation 16GB Mini TravelDrive USB 2.0 Flash Drive,Technology,4.0,33.13,0.0,Central
2017-07-21,US-2017-127719,Xerox 1993,Office Supplies,1.0,6.48,0.0,East
2017-12-30,CA-2017-126221,"Eureka The Boss Plus 12-Amp Hard Box Upright Vacuum, Red",Office Supplies,2.0,104.65,0.0,Central
2016-04-01,CA-2016-103947,Staples,Office Supplies,5.0,6.31,20.0,West
2016-04-01,CA-2016-103947,Belkin F9H710-06 7 Outlet SurgeMaster Surge Protector,Office Supplies,2.0,15.07,20.0,West
2016-12-11,CA-2016-160745,3M Hangers With Command Adhesive,Furniture,4.0,3.7,0.0,West
2016-12-11,CA-2016-160745,AT&T TR1909W,Technology,3.0,100.79,20.0,West
2016-12-11,CA-2016-160745,First Data FD10 PIN Pad,Technology,4.0,79.0,0.0,West
2016-10-23,CA-2016-132661,"Snap-A-Way Black Print Carbonless Ruled Speed Letter, Triplicate",Office Supplies,10.0,37.94,0.0,East
2017-06-19,CA-2017-140844,Xerox 1943,Office Supplies,2.0,48.91,0.0,East
2017-06-19,CA-2017-140844,Sony 16GB Class 10 Micro SDHC R40 Memory Card,Technology,8.0,12.89,0.0,East
2016-08-22,CA-2016-137239,Tripp Lite Isotel 8 Ultra 8 Outlet Metal Surge,Office Supplies,2.0,56.78,20.0,East
2016-08-22,CA-2016-137239,Avery Durable Poly Binders,Office Supplies,2.0,1.66,70.0,East
2016-08-22,CA-2016-137239,Airmail Envelopes,Office Supplies,2.0,67.14,20.0,East
2016-09-19,US-2016-156097,Global Troy Executive Leather Low-Back Tilter,Furniture,2.0,350.69,30.0,Central
2016-09-19,US-2016-156097,Avery Binding System Hidden Tab Executive Style Index Sets,Office Supplies,2.0,1.15,80.0,Central
2015-08-24,CA-2015-146563,"Hot File 7-Pocket, Floor Stand",Office Supplies,7.0,142.78,20.0,Central
2015-08-24,CA-2015-146563,Space Solutions Commercial Steel Shelving,Office Supplies,14.0,51.72,20.0,Central
2015-08-24,CA-2015-146563,Hon Racetrack Conference Tables,Furniture,5.0,183.76,30.0,Central
2015-08-24,CA-2015-146563,"Avery Durable Plastic 1"" Binders",Office Supplies,3.0,0.91,80.0,Central
2016-03-26,CA-2016-123666,"Gould Plastics 18-Pocket Panel Bin, 34w x 5-1/4d x 20-1/2h",Office Supplies,5.0,91.99,0.0,East
2016-11-04,CA-2016-143308,"OIC Colored Binder Clips, Assorted Sizes",Office Supplies,3.0,3.58,0.0,South
2017-06-08,CA-2017-132682,Acme Tagit Stainless Steel Antibacterial Scissors,Office Supplies,3.0,7.92,20.0,Central
2017-06-08,CA-2017-132682,Easy-staple paper,Office Supplies,3.0,28.35,20.0,Central
2017-06-08,CA-2017-132682,ClearOne Communications CHAT 70 OC Speaker Phone,Technology,3.0,127.19,20.0,Central
2014-12-24,CA-2014-156314,"Master Giant Foot Doorstop, Safety Yellow",Furniture,5.0,6.07,20.0,East
2017-06-09,US-2017-106663,12-1/2 Diameter Round Wall Clock,Furniture,3.0,7.99,60.0,Central
2017-06-09,US-2017-106663,"Chromcraft Bull-Nose Wood Round Conference Table Top, Wood Base",Furniture,1.0,108.92,50.0,Central
2017-06-09,US-2017-106663,"Adams Telephone Message Book W/Dividers/Space For Phone Numbers, 5 1/4""X8 1/2"", 200/Messages",Office Supplies,8.0,4.54,20.0,Central
2017-06-15,CA-2017-111178,Newell 331,Office Supplies,5.0,3.91,20.0,Central
2017-12-05,CA-2017-130351,Kensington 6 Outlet Guardian Standard Surge Protector,Office Supplies,3.0,20.48,0.0,Central
2017-12-05,CA-2017-130351,"Southworth 100% Résumé Paper, 24lb.",Office Supplies,5.0,7.78,0.0,Central
2017-12-05,CA-2017-130351,Imation 16GB Mini TravelDrive USB 2.0 Flash Drive,Technology,3.0,33.13,0.0,Central
2017-03-18,US-2017-119438,Hoover Portapower Portable Vacuum,Office Supplies,3.0,0.9,80.0,Central
2017-03-18,US-2017-119438,"Verbatim 25 GB 6x Blu-ray Single Layer Recordable Disc, 10/Pack",Technology,3.0,9.27,20.0,Central
2017-03-18,US-2017-119438,"Howard Miller 13-1/2"" Diameter Rosebrook Wall Clock",Furniture,3.0,27.51,60.0,Central
2017-03-18,US-2017-119438,Ibico Hi-Tech Manual Binding System,Office Supplies,3.0,61.0,80.0,Central
2016-11-19,CA-2016-164511,Avery Hanging File Binders,Office Supplies,3.0,4.78,20.0,East
2016-11-19,CA-2016-164511,Fellowes Neat Ideas Storage Cubes,Office Supplies,2.0,32.48,0.0,East
2016-11-19,CA-2016-164511,Advantus Rolling Storage Box,Office Supplies,4.0,17.15,0.0,East
2017-11-04,US-2017-168116,Cubify CubeX 3D Printer Triple Head Print,Technology,4.0,2000.0,50.0,South
2017-11-04,US-2017-168116,"Eureka The Boss Plus 12-Amp Hard Box Upright Vacuum, Red",Office Supplies,2.0,83.72,20.0,South
2014-07-05,CA-2014-157784,NETGEAR AC1750 Dual Band Gigabit Smart WiFi Router,Technology,3.0,159.99,0.0,South
2014-07-05,CA-2014-157784,Avery 516,Office Supplies,2.0,7.31,0.0,South
2014-07-05,CA-2014-157784,Xerox 1995,Office Supplies,3.0,6.48,0.0,South
2017-12-25,CA-2017-161480,"Bush Andora Bookcase, Maple/Graphite Gray Finish",Furniture,2.0,95.99,20.0,East
2014-06-21,US-2014-117135,Luxo Professional Magnifying Clamp-On Fluorescent Lamps,Furniture,1.0,104.01,0.0,South
2014-06-21,US-2014-117135,Konftel 250 Conference phone - Charcoal black,Technology,1.0,284.82,0.0,South
2014-06-21,US-2014-117135,Recycled Eldon Regeneration Jumbo File,Office Supplies,3.0,12.28,0.0,South
2015-03-28,CA-2015-131534,Imation Bio 8GB USB Flash Drive Imation Corp,Technology,1.0,166.24,0.0,West
2015-03-28,CA-2015-131534,Xerox 1977,Office Supplies,5.0,6.68,0.0,West
2015-05-14,CA-2015-119291,"Boston School Pro Electric Pencil Sharpener, 1670",Office Supplies,8.0,24.78,20.0,East
2015-05-14,CA-2015-119291,Avery 490,Office Supplies,4.0,11.84,20.0,East
2015-05-14,CA-2015-119291,Jet-Pak Recycled Peel 'N' Seal Padded Mailers,Office Supplies,7.0,28.71,20.0,East
2015-05-14,CA-2015-119291,"Avery 4027 File Folder Labels for Dot Matrix Printers, 5000 Labels per Box, White",Office Supplies,4.0,24.42,20.0,East
2015-05-14,CA-2015-119291,"Binney & Smith Crayola Metallic Crayons, 16-Color Pack",Office Supplies,1.0,2.7,20.0,East
2015-05-14,CA-2015-119291,GBC Linen Binding Covers,Office Supplies,2.0,9.29,70.0,East
2015-05-14,CA-2015-119291,Wilson Jones Custom Binder Spines & Labels,Office Supplies,3.0,1.63,70.0,East
2017-09-02,CA-2017-114552,"Eldon 200 Class Desk Accessories, Burgundy",Furniture,3.0,5.02,20.0,East
2016-11-04,CA-2016-163755,"Tenex ""The Solids"" Textured Chair Mats",Furniture,3.0,69.96,0.0,West
2015-04-09,CA-2015-142027,Laminate Occasional Tables,Furniture,3.0,123.3,20.0,West
2014-09-12,CA-2014-138527,Xerox 220,Office Supplies,2.0,5.18,20.0,South
2014-09-12,CA-2014-138527,Fellowes 8 Outlet Superior Workstation Surge Protector,Office Supplies,5.0,33.37,20.0,South
2014-09-12,CA-2014-138527,SanDisk Cruzer 32 GB USB Flash Drive,Technology,1.0,15.22,20.0,South
2014-12-02,CA-2014-112158,Logitech 910-002974 M325 Wireless Mouse for Web Scrolling,Technology,4.0,29.99,0.0,East
2014-12-02,CA-2014-112158,O'Sullivan Living Dimensions 5-Shelf Bookcases,Furniture,5.0,176.78,20.0,East
2014-12-02,CA-2014-112158,"Angle-D Binders with Locking Rings, Label Holders",Office Supplies,8.0,5.84,20.0,East
2014-04-05,CA-2014-113887,"Eaton Premium Continuous-Feed Paper, 25% Cotton, Letter Size, White, 1000 Shts/Box",Office Supplies,1.0,55.48,0.0,East
2017-09-03,CA-2017-146136,"#10- 4 1/8"" x 9 1/2"" Security-Tint Envelopes",Office Supplies,4.0,6.11,20.0,South
2017-05-19,US-2017-100048,Bionaire Personal Warm Mist Humidifier/Vaporizer,Office Supplies,6.0,46.89,0.0,East
2017-05-19,US-2017-100048,Nortel Meridian M3904 Professional Digital phone,Technology,2.0,153.99,0.0,East
2017-05-19,US-2017-100048,Logitech Wireless Performance Mouse MX for PC and Mac,Technology,3.0,99.99,0.0,East
2014-07-01,CA-2014-153150,Cardinal Holdit Business Card Pockets,Office Supplies,5.0,3.98,20.0,West
2014-01-11,CA-2014-130092,"DAX Value U-Channel Document Frames, Easel Back",Furniture,2.0,4.97,0.0,East
2017-09-24,CA-2017-108910,"Howard Miller 13"" Diameter Pewter Finish Round Wall Clock",Furniture,3.0,34.35,20.0,East
2014-06-02,CA-2014-104472,GBC Standard Therm-A-Bind Covers,Office Supplies,3.0,19.94,20.0,West
2014-06-02,CA-2014-104472,Aluminum Document Frame,Furniture,6.0,12.22,0.0,West
2016-02-13,CA-2016-112942,Tops Green Bar Computer Printout Paper,Office Supplies,3.0,48.94,0.0,West
2016-12-15,CA-2016-142335,Chromcraft Bull-Nose Wood Oval Conference Tables & Bases,Furniture,3.0,550.98,0.0,Central
2016-12-15,CA-2016-142335,"Recycled Data-Pak for Archival Bound Computer Printouts, 12-1/2 x 12-1/2 x 16",Office Supplies,3.0,98.79,0.0,Central
2014-10-07,CA-2014-117429,"Seth Thomas 16"" Steel Case Clock",Furniture,5.0,25.98,20.0,East
2016-07-07,CA-2016-114713,Acme Softgrip Scissors,Office Supplies,7.0,6.51,20.0,South
2017-09-16,CA-2017-144113,"Manila Recycled Extra-Heavyweight Clasp Envelopes, 6"" x 9""",Office Supplies,2.0,8.78,20.0,Central
2017-09-16,CA-2017-144113,ClearSounds CSC500 Amplified Spirit Phone Corded phone,Technology,1.0,55.99,20.0,Central
2016-12-03,US-2016-150861,Xerox 1964,Office Supplies,8.0,22.84,0.0,East
2016-12-03,US-2016-150861,"Bevis Traditional Conference Table Top, Plinth Base",Furniture,2.0,200.02,40.0,East
2016-12-03,US-2016-150861,"Personal Folder Holder, Ebony",Office Supplies,3.0,11.21,0.0,East
2016-12-03,US-2016-150861,"Global Leather Highback Executive Chair with Pneumatic Height Adjustment, Black",Furniture,3.0,180.88,10.0,East
2016-12-03,US-2016-150861,Avery 520,Office Supplies,2.0,3.15,0.0,East
2017-01-21,CA-2017-131954,Carina Double Wide Media Storage Towers in Natural & Black,Office Supplies,3.0,80.98,0.0,West
2017-01-21,CA-2017-131954,Logitech Illuminated - Keyboard,Technology,3.0,59.99,0.0,West
2017-01-21,CA-2017-131954,Wilson Jones Century Plastic Molded Ring Binders,Office Supplies,6.0,16.62,20.0,West
2017-01-21,CA-2017-131954,Wilson Jones Leather-Like Binders with DublLock Round Rings,Office Supplies,4.0,6.98,20.0,West
2017-01-21,CA-2017-131954,O'Sullivan Cherrywood Estates Traditional Bookcase,Furniture,1.0,84.98,0.0,West
2017-01-21,CA-2017-131954,Acco Translucent Poly Ring Binders,Office Supplies,5.0,3.74,20.0,West
2014-09-08,CA-2014-132500,Logitech Wireless Touch Keyboard K400,Technology,2.0,24.99,0.0,West
2014-01-04,CA-2014-112326,Avery 508,Office Supplies,3.0,3.93,20.0,Central
2014-01-04,CA-2014-112326,SAFCO Boltless Steel Shelving,Office Supplies,3.0,90.91,20.0,Central
2014-01-04,CA-2014-112326,GBC Standard Plastic Binding Systems Combs,Office Supplies,2.0,1.77,80.0,Central
2016-08-27,US-2016-146710,Martin-Yale Premier Letter Opener,Office Supplies,5.0,10.3,20.0,Central
2016-08-27,US-2016-146710,"Ampad Gold Fibre Wirebound Steno Books, 6"" x 9"", Gregg Ruled",Office Supplies,1.0,3.53,20.0,Central
2016-08-27,US-2016-146710,Xerox 196,Office Supplies,1.0,4.62,20.0,Central
2016-08-27,US-2016-146710,"Fiskars 8"" Scissors, 2/Pack",Office Supplies,4.0,13.79,20.0,Central
2014-05-27,CA-2014-124429,KI Conference Tables,Furniture,10.0,56.71,20.0,West
2014-05-27,CA-2014-124429,Fellowes Officeware Wire Shelving,Office Supplies,4.0,89.83,0.0,West
2016-03-20,CA-2016-150889,Belkin iPhone and iPad Lightning Cable,Technology,1.0,11.99,20.0,Central
2017-10-02,CA-2017-126074,GBC Durable Plastic Covers,Office Supplies,3.0,19.35,0.0,Central
2017-10-02,CA-2017-126074,Nu-Dell Leatherette Frames,Furniture,11.0,14.34,0.0,Central
2017-10-02,CA-2017-126074,"Avery Hi-Liter EverBold Pen Style Fluorescent Highlighters, 4/Pack",Office Supplies,7.0,8.14,0.0,Central
2017-10-02,CA-2017-126074,Avery Durable Binders,Office Supplies,1.0,2.88,0.0,Central
2016-04-07,CA-2016-110499,Hewlett Packard 610 Color Digital Copier / Printer,Technology,3.0,399.99,20.0,West
2015-12-07,CA-2015-135272,12-1/2 Diameter Round Wall Clock,Furniture,4.0,19.98,0.0,West
2016-09-18,CA-2016-140928,Chromcraft Round Conference Tables,Furniture,4.0,95.86,45.0,South
2014-12-29,CA-2014-106803,Recycled Eldon Regeneration Jumbo File,Office Supplies,2.0,12.28,0.0,Central
2014-12-29,CA-2014-106803,Imation 32GB Pocket Pro USB 3.0 Flash Drive - 32 GB - Black - 1 P ...,Technology,4.0,29.95,0.0,Central
2017-07-23,CA-2017-117240,Angle-D Ring Binders,Office Supplies,3.0,4.38,20.0,East
2017-09-18,CA-2017-133333,"Adams Telephone Message Book W/Dividers/Space For Phone Numbers, 5 1/4""X8 1/2"", 200/Messages",Office Supplies,4.0,5.68,0.0,Central
2015-08-31,CA-2015-112319,Xerox 226,Office Supplies,9.0,6.48,0.0,West
2017-11-03,CA-2017-126046,Avery 476,Office Supplies,3.0,4.13,0.0,South
2015-02-08,CA-2015-114923,JBL Micro Wireless Portable Bluetooth Speaker,Technology,3.0,35.99,40.0,East
2014-01-13,CA-2014-162775,Staple envelope,Office Supplies,2.0,5.68,0.0,South
2014-01-13,CA-2014-162775,Brown Kraft Recycled Envelopes,Office Supplies,3.0,16.98,0.0,South
2014-01-13,CA-2014-162775,Plantronics S12 Corded Telephone Headset System,Technology,6.0,107.79,0.0,South
2014-01-13,CA-2014-162775,3-ring staple pack,Office Supplies,3.0,1.88,0.0,South
2014-01-13,CA-2014-162775,Fellowes Stor/Drawer Steel Plus Storage Drawers,Office Supplies,6.0,95.43,0.0,South
2014-05-14,CA-2014-106810,Electrix Halogen Magnifier Lamp,Furniture,2.0,155.44,20.0,South
2016-05-19,CA-2016-157245,Hon 4070 Series Pagoda Round Back Stacking Chairs,Furniture,2.0,320.98,0.0,South
2017-01-30,CA-2017-104220,Cardinal EasyOpen D-Ring Binders,Office Supplies,2.0,9.14,0.0,Central
2017-01-30,CA-2017-104220,AT&T 841000 Phone,Technology,3.0,69.0,0.0,Central
2017-01-30,CA-2017-104220,GBC Instant Report Kit,Office Supplies,5.0,6.47,0.0,Central
2017-01-30,CA-2017-104220,DXL Angle-View Binders with Locking Rings by Samsill,Office Supplies,1.0,7.71,0.0,Central
2017-01-30,CA-2017-104220,Boston 19500 Mighty Mite Electric Pencil Sharpener,Office Supplies,2.0,20.15,0.0,Central
2017-01-30,CA-2017-104220,"C-Line Magnetic Cubicle Keepers, Clear Polypropylene",Furniture,7.0,4.94,0.0,Central
2014-06-29,CA-2014-165974,"Dixon My First Ticonderoga Pencil, #2",Office Supplies,7.0,4.68,20.0,East
2015-08-21,CA-2015-144267,Hon GuestStacker Chair,Furniture,3.0,181.34,20.0,West
2015-08-21,CA-2015-144267,Xerox 191,Office Supplies,3.0,19.98,0.0,West
2015-08-21,CA-2015-144267,Xerox 1974,Office Supplies,4.0,5.98,0.0,West
2015-08-21,CA-2015-144267,Xerox 1927,Office Supplies,1.0,4.28,0.0,West
2015-10-03,US-2015-157014,Acco D-Ring Binder w/DublLock,Office Supplies,5.0,6.41,70.0,East
2015-10-03,US-2015-157014,Imation 8gb Micro Traveldrive Usb 2.0 Flash Drive,Technology,2.0,12.0,20.0,East
2015-10-03,US-2015-157014,"Safco Value Mate Series Steel Bookcases, Baked Enamel Finish on Steel, Gray",Furniture,1.0,35.49,50.0,East
2015-10-03,US-2015-157014,Microsoft Natural Ergonomic Keyboard 4000,Technology,2.0,23.99,20.0,East
2015-05-23,CA-2015-154921,Cameo Buff Policy Envelopes,Office Supplies,3.0,62.23,0.0,South
2017-03-17,CA-2017-129567,Heavy-Duty E-Z-D Binders,Office Supplies,2.0,8.73,20.0,West
2015-12-12,CA-2015-154620,"Lifetime Advantage Folding Chairs, 4/Carton",Furniture,2.0,174.46,20.0,West
2015-06-26,CA-2015-115938,GBC VeloBinder Manual Binding System,Office Supplies,4.0,35.99,0.0,South
2015-06-26,CA-2015-115938,"Decoflex Hanging Personal Folder File, Blue",Office Supplies,1.0,15.42,0.0,South
2015-06-26,CA-2015-115938,"Acco PRESSTEX Data Binder with Storage Hooks, Dark Blue, 9 1/2"" X 11""",Office Supplies,8.0,5.38,0.0,South
2015-06-26,CA-2015-115938,Office Star - Contemporary Task Swivel Chair,Furniture,3.0,110.98,0.0,South
2016-05-20,CA-2016-105256,Cisco Unified IP Phone 7945G VoIP phone,Technology,5.0,272.79,20.0,South
2014-09-20,CA-2014-156433,Avery 499,Office Supplies,2.0,4.98,0.0,West
2014-09-20,CA-2014-156433,"Wirebound Message Book, 4 per Page",Office Supplies,4.0,5.43,0.0,West
2017-09-21,CA-2017-151428,Avery Durable Binders,Office Supplies,7.0,2.88,0.0,Central
2015-12-24,CA-2015-124653,Xerox 1887,Office Supplies,7.0,18.97,0.0,East
2015-12-24,CA-2015-124653,Xerox 1967,Office Supplies,2.0,6.48,0.0,East
2015-12-24,CA-2015-124653,Smead Alpha-Z Color-Coded Second Alphabetical Labels and Starter Set,Office Supplies,7.0,3.08,0.0,East
2015-11-27,CA-2015-101910,"Situations Contoured Folding Chairs, 4/Set",Furniture,5.0,56.78,20.0,West
2017-02-20,CA-2017-105809,"Executive Impressions 14"" Contract Wall Clock",Furniture,1.0,22.23,0.0,West
2017-02-20,CA-2017-105809,Logitech Mobile Speakerphone P710e - speaker phone,Technology,2.0,107.98,20.0,West
2016-08-18,CA-2016-136133,Belkin 7 Outlet SurgeMaster II,Office Supplies,9.0,39.48,0.0,East
2016-03-12,CA-2016-115504,Xerox 218,Office Supplies,2.0,6.48,0.0,South
2017-04-22,CA-2017-135783,"Eldon Stackable Tray, Side-Load, Legal, Smoke",Furniture,2.0,9.14,0.0,West
2014-11-01,CA-2014-134313,Model L Table or Wall-Mount Pencil Sharpener,Office Supplies,3.0,14.39,20.0,West
2014-11-01,CA-2014-134313,ClearOne CHATAttach 160 - speaker phone,Technology,4.0,495.99,20.0,West
2015-02-03,CA-2015-140921,Coloredge Poster Frame,Furniture,2.0,14.2,0.0,Central
2015-02-03,CA-2015-140921,Kensington SlimBlade Notebook Wireless Mouse with Nano Receiver ,Technology,3.0,49.99,0.0,Central
2014-10-13,CA-2014-151995,Newell 32,Office Supplies,4.0,2.88,0.0,West
2014-10-13,CA-2014-151995,"Bevis Round Bullnose 29"" High Table Top",Furniture,5.0,259.71,0.0,West
2014-10-13,CA-2014-151995,Belkin F9G930V10-GRY 9 Outlet Surge,Office Supplies,4.0,53.48,0.0,West
2014-10-13,CA-2014-151995,Sony 16GB Class 10 Micro SDHC R40 Memory Card,Technology,2.0,12.89,0.0,West
2017-05-14,CA-2017-143686,"Eldon Stackable Tray, Side-Load, Legal, Smoke",Furniture,2.0,9.14,0.0,West
2017-05-14,CA-2017-143686,Razer Tiamat Over Ear 7.1 Surround Sound PC Gaming Headset,Technology,7.0,199.99,0.0,West
2015-03-20,CA-2015-106565,Xerox 205,Office Supplies,8.0,6.48,0.0,Central
2016-09-15,CA-2016-149370,Xerox 1968,Office Supplies,1.0,5.34,20.0,East
2014-06-28,CA-2014-140858,Xerox 1995,Office Supplies,8.0,5.18,20.0,East
2014-06-28,CA-2014-140858,Self-Adhesive Ring Binder Labels,Office Supplies,3.0,1.06,70.0,East
2014-06-28,CA-2014-140858,Global Leather Executive Chair,Furniture,5.0,245.69,30.0,East
2014-06-28,CA-2014-140858,GBC Recycled Grain Textured Covers,Office Supplies,3.0,10.36,70.0,East
2014-06-28,CA-2014-140858,Xerox 1941,Office Supplies,4.0,83.88,20.0,East
2017-06-20,CA-2017-101434,Razer Kraken PRO Over Ear PC and Music Headset,Technology,3.0,79.99,0.0,East
2017-06-20,CA-2017-101434,Avery 508,Office Supplies,2.0,4.91,0.0,East
2014-05-09,US-2014-102071,Kingston Digital DataTraveler 32GB USB 2.0,Technology,4.0,16.95,0.0,West
2014-05-09,US-2014-102071,Sony Micro Vault Click 16 GB USB 2.0 Flash Drive,Technology,3.0,55.99,0.0,West
2017-08-21,CA-2017-126956,Advantus Plastic Paper Clips,Office Supplies,7.0,5.0,0.0,Central
2017-08-21,CA-2017-126956,Acme Forged Steel Scissors with Black Enamel Handles,Office Supplies,4.0,9.31,0.0,Central
2017-08-21,CA-2017-126956,Security-Tint Envelopes,Office Supplies,2.0,7.64,0.0,Central
2017-06-16,CA-2017-129462,"Global Airflow Leather Mesh Back Chair, Black",Furniture,2.0,150.98,0.0,South
2017-06-16,CA-2017-129462,"Fellowes Smart Surge Ten-Outlet Protector, Platinum",Office Supplies,3.0,60.22,0.0,South
2017-06-16,CA-2017-129462,Pyle PMP37LED,Technology,2.0,95.99,0.0,South
2017-06-16,CA-2017-129462,Clarity 53712,Technology,1.0,65.99,0.0,South
2016-07-23,CA-2016-165316,Boston 16801 Nautilus Battery Pencil Sharpener,Office Supplies,2.0,17.61,20.0,South
2016-07-23,CA-2016-165316,"Holmes Replacement Filter for HEPA Air Cleaner, Large Room",Office Supplies,2.0,11.85,20.0,South
2016-07-23,CA-2016-165316,Zebra GX420t Direct Thermal/Thermal Transfer Printer,Technology,1.0,265.48,50.0,South
2014-09-08,US-2014-115987,GBC ProClick Punch Binding System,Office Supplies,4.0,12.8,80.0,Central
2017-11-04,US-2017-156083,"Adams Telephone Message Books, 5 1/4” x 11”",Office Supplies,2.0,4.83,20.0,South
2016-03-07,US-2016-137547,Belkin Grip Candy Sheer Case / Cover for iPhone 5 and 5S,Technology,3.0,7.02,20.0,Central
2015-11-20,CA-2015-100454,Boston 19500 Mighty Mite Electric Pencil Sharpener,Office Supplies,3.0,20.15,0.0,East
2015-11-20,CA-2015-100454,Newell 335,Office Supplies,4.0,2.88,0.0,East
2015-11-20,CA-2015-100454,O'Sullivan 3-Shelf Heavy-Duty Bookcases,Furniture,4.0,46.51,20.0,East
2016-11-07,CA-2016-161669,Fellowes Binding Cases,Office Supplies,4.0,9.36,20.0,West
2016-11-07,CA-2016-161669,Ibico Plastic and Wire Spiral Binding Combs,Office Supplies,4.0,6.74,20.0,West
2016-11-07,CA-2016-161669,Acme Preferred Stainless Steel Scissors,Office Supplies,2.0,5.68,0.0,West
2016-11-07,CA-2016-161669,Avery 486,Office Supplies,2.0,7.31,0.0,West
2015-10-13,CA-2015-114300,I Need's 3d Hello Kitty Hybrid Silicone Case Cover for HTC One X 4g with 3d Hello Kitty Stylus Pen Green/pink,Technology,7.0,11.96,0.0,South
2015-10-13,CA-2015-114300,Global Deluxe Office Fabric Chairs,Furniture,3.0,95.98,0.0,South
2017-01-01,CA-2017-107503,"Linden 10"" Round Wall Clock, Black",Furniture,4.0,12.22,20.0,East
2014-02-07,CA-2014-107755,Maxell DVD-RAM Discs,Technology,7.0,16.48,0.0,East
2016-06-20,CA-2016-152534,DIXON Oriole Pencils,Office Supplies,2.0,2.58,0.0,West
2016-06-20,CA-2016-152534,Xerox 202,Office Supplies,6.0,6.48,0.0,West
2016-05-28,CA-2016-113747,"Boston School Pro Electric Pencil Sharpener, 1670",Office Supplies,6.0,30.98,0.0,South
2016-02-19,CA-2016-123274,"Executive Impressions 14"" Contract Wall Clock",Furniture,2.0,22.23,0.0,East
2016-02-19,CA-2016-123274,Carina Double Wide Media Storage Towers in Natural & Black,Office Supplies,3.0,80.98,0.0,East
2014-08-03,CA-2014-125612,Xerox 1884,Office Supplies,2.0,19.98,0.0,East
2014-08-03,CA-2014-125612,Acme Box Cutter Scissors,Office Supplies,10.0,10.23,0.0,East
2014-08-03,CA-2014-125612,Staple magnet,Office Supplies,2.0,10.68,0.0,East
2017-04-10,CA-2017-161984,"Wirebound Message Books, Two 4 1/4"" x 5"" Forms per Page",Office Supplies,1.0,7.61,0.0,East
2017-04-10,CA-2017-161984,OIC Binder Clips,Office Supplies,2.0,3.58,0.0,East
2014-06-09,CA-2014-133851,Staple remover,Office Supplies,2.0,3.68,0.0,West
2014-06-09,CA-2014-133851,Deluxe Chalkboard Eraser Cleaner,Office Supplies,2.0,11.55,0.0,West
2016-01-05,CA-2016-134474,Logitech MX Performance Wireless Mouse,Technology,6.0,31.91,20.0,South
2016-01-05,CA-2016-134474,Newell 337,Office Supplies,2.0,2.62,20.0,South
2016-01-05,CA-2016-134474,"Logitech B530 USB Headset - headset - Full size, Binaural",Technology,2.0,29.59,20.0,South
2014-01-10,CA-2014-149020,Avery 482,Office Supplies,1.0,2.89,0.0,South
2014-01-10,CA-2014-149020,"Howard Miller 11-1/2"" Diameter Ridgewood Wall Clock",Furniture,1.0,51.94,0.0,South
2016-09-29,CA-2016-134362,Avery 483,Office Supplies,4.0,3.98,20.0,East
2014-04-06,CA-2014-136742,Large Capacity Hanging Post Binders,Office Supplies,6.0,7.49,70.0,East
2016-09-03,CA-2016-158099,GBC Ibimaster 500 Manual ProClick Binding System,Office Supplies,5.0,228.29,70.0,East
2016-09-03,CA-2016-158099,Cisco SPA301,Technology,3.0,93.59,40.0,East
2015-10-19,CA-2015-131128,Southworth 100% Cotton The Best Paper,Office Supplies,3.0,11.48,0.0,East
2014-12-10,CA-2014-148488,"Adams Write n' Stick Phone Message Book, 11"" X 5 1/4"", 200 Messages",Office Supplies,2.0,5.68,0.0,East
2014-12-10,CA-2014-148488,Poly Designer Cover & Back,Office Supplies,7.0,15.19,20.0,East
2017-08-25,CA-2017-114636,Xerox 1910,Office Supplies,5.0,38.43,20.0,South
2016-01-17,CA-2016-116736,"Tenex Contemporary Contur Chairmats for Low and Medium Pile Carpet, Computer, 39"" x 49""",Furniture,3.0,107.53,0.0,East
2016-01-17,CA-2016-116736,Logitech 910-002974 M325 Wireless Mouse for Web Scrolling,Technology,1.0,29.99,0.0,East
2016-01-17,CA-2016-116736,Logitech G19 Programmable Gaming Keyboard,Technology,3.0,123.99,0.0,East
2014-09-17,US-2014-158638,"Acco Pressboard Covers with Storage Hooks, 14 7/8"" x 11"", Light Blue",Office Supplies,4.0,1.47,70.0,East
2017-11-30,CA-2017-111689,Lock-Up Easel 'Spel-Binder',Office Supplies,3.0,22.82,20.0,East
2017-11-30,CA-2017-111689,SAFCO Arco Folding Chair,Furniture,5.0,248.58,10.0,East
2015-10-09,CA-2015-129098,"Decoflex Hanging Personal Folder File, Blue",Office Supplies,2.0,15.42,0.0,South
2017-12-23,US-2017-123463,"Binney & Smith Crayola Metallic Crayons, 16-Color Pack",Office Supplies,4.0,3.37,0.0,West
2016-10-22,CA-2016-165148,Eldon 200 Class Desk Accessories,Furniture,5.0,6.28,0.0,Central
2014-04-29,CA-2014-134061,Dax Clear Box Frame,Furniture,2.0,8.73,0.0,East
2015-04-25,CA-2015-143602,Fellowes Black Plastic Comb Bindings,Office Supplies,3.0,4.65,20.0,West
2017-06-26,CA-2017-115364,Eldon Shelf Savers Cubes and Bins,Office Supplies,12.0,6.98,0.0,West
2017-10-14,CA-2017-150707,"Acco PRESSTEX Data Binder with Storage Hooks, Dark Blue, 14 7/8"" X 11""",Office Supplies,7.0,5.38,0.0,East
2014-12-09,CA-2014-104976,Xerox 1987,Office Supplies,6.0,5.78,0.0,West
2017-06-20,CA-2017-132934,Anker Ultrathin Bluetooth Wireless Keyboard Aluminum Cover with Stand ,Technology,5.0,29.99,0.0,East
2017-06-20,CA-2017-132934,Acco D-Ring Binder w/DublLock,Office Supplies,3.0,17.1,20.0,East
2017-06-26,CA-2017-133256,"Ampad Poly Cover Wirebound Steno Book, 6"" x 9"" Assorted Colors, Gregg Ruled",Office Supplies,1.0,4.54,0.0,Central
2017-06-26,CA-2017-133256,Fluorescent Highlighters by Dixon,Office Supplies,4.0,3.98,0.0,Central
2017-06-26,CA-2017-133256,Nortel Networks T7316 E Nt8 B27,Technology,8.0,67.99,0.0,Central
2016-11-10,CA-2016-105494,File Shuttle I and Handi-File,Office Supplies,7.0,22.26,0.0,West
2016-11-10,CA-2016-105494,Binding Machine Supplies,Office Supplies,3.0,23.34,20.0,West
2016-10-03,CA-2016-140634,Staple envelope,Office Supplies,2.0,7.82,20.0,Central
2014-09-09,CA-2014-144407,Alphabetical Labels for Top Tab Filing,Office Supplies,7.0,14.8,0.0,Central
2017-10-29,CA-2017-160983,Things To Do Today Pad,Office Supplies,8.0,5.87,0.0,East
2016-04-10,US-2016-114622,Wilson Jones Hanging Recycled Pressboard Data Binders,Office Supplies,2.0,4.45,70.0,East
2017-11-11,CA-2017-150959,Permanent Self-Adhesive File Folder Labels for Typewriters by Universal,Office Supplies,5.0,2.09,20.0,Central
2017-11-11,CA-2017-150959,Deluxe Heavy-Duty Vinyl Round Ring Binder,Office Supplies,4.0,4.58,80.0,Central
2017-09-15,CA-2017-132353,Avaya 5420 Digital phone,Technology,3.0,107.99,20.0,Central
2016-04-08,CA-2016-130477,Xerox 1923,Office Supplies,3.0,6.68,0.0,West
2016-04-08,CA-2016-130477,Fellowes Neat Ideas Storage Cubes,Office Supplies,2.0,32.48,0.0,West
2016-04-08,CA-2016-130477,Xerox 1931,Office Supplies,2.0,6.48,0.0,West
2017-12-30,CA-2017-143259,"Bush Westfield Collection Bookcases, Fully Assembled",Furniture,4.0,80.78,20.0,East
2017-12-30,CA-2017-143259,Gear Head AU3700S Headset,Technology,7.0,12.99,0.0,East
2017-12-30,CA-2017-143259,Wilson Jones Legal Size Ring Binders,Office Supplies,3.0,17.59,20.0,East
2017-09-02,CA-2017-137596,Polycom CX600 IP Phone VoIP phone,Technology,4.0,299.95,0.0,Central
2017-09-02,CA-2017-137596,Maxell iVDR EX 500GB Cartridge,Technology,7.0,275.54,0.0,Central
2017-09-02,CA-2017-137596,Fellowes High-Stak Drawer Files,Office Supplies,2.0,176.19,0.0,Central
2015-05-31,CA-2015-133627,3M Hangers With Command Adhesive,Furniture,6.0,3.7,0.0,East
2017-11-27,CA-2017-102519,"Howard Miller 13"" Diameter Goldtone Round Wall Clock",Furniture,1.0,46.94,0.0,Central
2017-11-27,CA-2017-102519,Memorex Mini Travel Drive 16 GB USB 2.0 Flash Drive,Technology,9.0,15.97,0.0,Central
2014-06-15,US-2014-141215,"Lesro Sheffield Collection Coffee Table, End Table, Center Table, Corner Table",Furniture,2.0,49.96,30.0,Central
2014-06-15,US-2014-141215,Global Commerce Series High-Back Swivel/Tilt Chairs,Furniture,4.0,199.49,30.0,Central
2014-06-15,US-2014-141215,Avery Premier Heavy-Duty Binder with Round Locking Rings,Office Supplies,3.0,2.86,80.0,Central
2016-03-05,CA-2016-165218,Cameo Buff Policy Envelopes,Office Supplies,3.0,49.78,20.0,Central
2016-03-05,CA-2016-165218,Acco Perma 4000 Stacking Storage Drawers,Office Supplies,1.0,12.99,20.0,Central
2014-12-05,CA-2014-138296,Recycled Eldon Regeneration Jumbo File,Office Supplies,2.0,12.28,0.0,South
2015-04-11,CA-2015-111164,Maxell 4.7GB DVD-R,Technology,3.0,28.38,0.0,East
2015-04-11,CA-2015-111164,OtterBox Commuter Series Case - iPhone 5 & 5s,Technology,1.0,21.99,0.0,East
2015-04-11,CA-2015-111164,Kensington 4 Outlet MasterPiece Compact Power Control Center,Office Supplies,5.0,81.32,0.0,East
2016-09-15,CA-2016-149797,GBC DocuBind 300 Electric Binding Machine,Office Supplies,2.0,420.78,20.0,East
2014-09-13,CA-2014-132962,Xerox 1985,Office Supplies,3.0,5.18,20.0,East
2014-09-13,CA-2014-132962,Hypercom P1300 Pinpad,Technology,5.0,50.4,20.0,East
2015-10-05,CA-2015-115091,Newell 324,Office Supplies,4.0,11.55,0.0,South
2015-10-05,CA-2015-115091,Holmes Odor Grabber,Office Supplies,2.0,14.42,0.0,South
2017-04-14,CA-2017-144932,Zebra Zazzle Fluorescent Highlighters,Office Supplies,3.0,4.86,20.0,East
2017-04-14,CA-2017-144932,"Sanford Prismacolor Professional Thick Lead Art Pencils, 36-Color Set",Office Supplies,3.0,29.95,20.0,East
2017-04-14,CA-2017-144932,Xerox 196,Office Supplies,3.0,4.62,20.0,East
2017-09-02,CA-2017-114216,"RSVP Cards & Envelopes, Blank White, 8-1/2"" X 11"", 24 Cards/25 Envelopes/Set",Office Supplies,3.0,4.06,20.0,East
2016-06-20,CA-2016-140081,"Wirebound Message Books, 2 7/8"" x 5"", 3 Forms per Page",Office Supplies,8.0,5.63,20.0,East
2016-06-20,CA-2016-140081,JM Magazine Binder,Office Supplies,6.0,4.95,70.0,East
2016-06-20,CA-2016-140081,Xerox 202,Office Supplies,3.0,5.18,20.0,East
2016-06-20,CA-2016-140081,Sanyo 2.5 Cubic Foot Mid-Size Office Refrigerators,Office Supplies,2.0,223.85,20.0,East
2017-11-05,US-2017-111745,NETGEAR AC1750 Dual Band Gigabit Smart WiFi Router,Technology,1.0,159.99,0.0,West
2015-12-13,CA-2015-148250,Xerox 213,Office Supplies,2.0,6.48,0.0,West
2015-12-13,CA-2015-148250,Fellowes 8 Outlet Superior Workstation Surge Protector w/o Phone/Fax/Modem Protection,Office Supplies,4.0,33.62,0.0,West
2016-06-19,CA-2016-105760,"Message Book, Standard Line ""While You Were Out"", 5 1/2"" X 4"", 200 Sets/Book",Office Supplies,2.0,8.56,0.0,West
2016-12-13,CA-2016-142958,"Acco Pressboard Covers with Storage Hooks, 14 7/8"" x 11"", Dark Blue",Office Supplies,2.0,3.05,20.0,West
2016-12-13,CA-2016-142958,Bretford CR4500 Series Slim Rectangular Table,Furniture,4.0,278.57,20.0,West
2015-05-29,CA-2015-120880,Xerox 1894,Office Supplies,5.0,6.48,0.0,West
2015-05-29,CA-2015-120880,Standard Rollaway File with Lock,Office Supplies,3.0,180.19,0.0,West
2015-05-29,CA-2015-120880,"Avery Trapezoid Extra Heavy Duty 4"" Binders",Office Supplies,5.0,33.55,20.0,West
2015-07-26,US-2015-140200,Bevis Boat-Shaped Conference Table,Furniture,3.0,131.06,50.0,West
2017-11-28,US-2017-110576,"Deflect-o RollaMat Studded, Beveled Mat for Medium Pile Carpeting",Furniture,7.0,73.78,20.0,East
2017-11-28,US-2017-110576,Luxo Professional Fluorescent Magnifier Lamp with Clamp-Mount Base,Furniture,6.0,167.87,20.0,East
2017-11-28,US-2017-110576,"Riverside Furniture Oval Coffee Table, Oval End Table, End Table with Drawer",Furniture,12.0,172.11,40.0,East
2017-11-28,US-2017-110576,Xerox 210,Office Supplies,3.0,5.18,20.0,East
2017-11-28,US-2017-110576,Xerox 4200 Series MultiUse Premium Copy Paper (20Lb. and 84 Bright),Office Supplies,6.0,4.22,20.0,East
2017-04-03,CA-2017-131156,Staple-based wall hangings,Furniture,4.0,6.37,20.0,East
2017-12-28,CA-2017-136539,Stanley Bostitch Contemporary Electric Pencil Sharpeners,Office Supplies,2.0,13.58,20.0,Central
2017-12-28,CA-2017-136539,"Bush Westfield Collection Bookcases, Medium Cherry Finish",Furniture,2.0,39.43,32.0,Central
2017-11-30,CA-2017-119305,Home/Office Personal File Carts,Office Supplies,5.0,34.76,0.0,South
2017-05-15,CA-2017-102414,"Logitech B530 USB Headset - headset - Full size, Binaural",Technology,1.0,29.59,20.0,West
2017-05-15,CA-2017-102414,Avery Durable Slant Ring Binders,Office Supplies,2.0,2.38,70.0,West
2017-05-15,CA-2017-102414,"Universal Ultra Bright White Copier/Laser Paper, 8 1/2"" x 11"", Ream",Office Supplies,3.0,5.18,20.0,West
2015-09-22,CA-2015-112571,Luxo Professional Combination Clamp-On Lamps,Furniture,2.0,102.3,0.0,West
2017-11-14,CA-2017-152142,"Global Leather Highback Executive Chair with Pneumatic Height Adjustment, Black",Furniture,2.0,160.78,20.0,West
2015-11-27,CA-2015-160059,Zipper Ring Binder Pockets,Office Supplies,2.0,3.12,0.0,South
2016-09-01,CA-2016-120859,"White Business Envelopes with Contemporary Seam, Recycled White Business Envelopes",Office Supplies,2.0,10.94,0.0,West
2014-09-22,CA-2014-127488,Avery File Folder Labels,Office Supplies,2.0,2.3,20.0,South
2017-04-09,CA-2017-135279,Color-Coded Legal Exhibit Labels,Office Supplies,2.0,4.91,0.0,East
2017-04-09,CA-2017-135279,Bulldog Vacuum Base Pencil Sharpener,Office Supplies,3.0,11.99,0.0,East
2017-04-09,CA-2017-135279,Xerox 212,Office Supplies,2.0,6.48,0.0,East
2017-04-09,CA-2017-135279,Computer Printout Paper with Letter-Trim Fine Perforations,Office Supplies,4.0,47.9,0.0,East
2017-04-09,CA-2017-135279,Avery File Folder Labels,Office Supplies,3.0,2.88,0.0,East
2017-04-09,CA-2017-135279,Office Impressions Heavy Duty Welded Shelving & Multimedia Storage Drawers,Office Supplies,3.0,167.27,0.0,East
2014-01-16,CA-2014-115791,DAX Black Cherry Wood-Tone Poster Frame,Furniture,6.0,21.18,20.0,East
2014-01-16,CA-2014-115791,AT&T 841000 Phone,Technology,3.0,41.4,40.0,East
2014-01-16,CA-2014-115791,GBC Linen Binding Covers,Office Supplies,2.0,9.29,70.0,East
2014-01-16,CA-2014-115791,Round Specialty Laser Printer Labels,Office Supplies,3.0,10.02,20.0,East
2017-10-05,US-2017-103247,Motorola HK250 Universal Bluetooth Headset,Technology,7.0,22.99,0.0,East
2017-10-05,US-2017-103247,Tuf-Vin Binders,Office Supplies,3.0,25.26,20.0,East
2017-07-09,US-2017-100209,Wilson Jones Easy Flow II Sheet Lifters,Office Supplies,2.0,0.54,70.0,West
2017-01-07,CA-2017-159366,Lexmark MX611dhe Monochrome Laser Printer,Technology,2.0,1529.99,10.0,Central
2016-05-30,CA-2016-145499,Angle-D Ring Binders,Office Supplies,2.0,1.64,70.0,South
2015-12-09,CA-2015-157035,Xerox 188,Office Supplies,3.0,11.34,0.0,Central
2016-10-03,CA-2016-144939,Office Star - Contemporary Task Swivel Chair,Furniture,6.0,99.88,10.0,East
2014-11-11,CA-2014-163419,"BIC Brite Liner Grip Highlighters, Assorted, 5/Pack",Office Supplies,1.0,3.39,20.0,West
2014-11-11,CA-2014-163419,Samsung Galaxy S III - 16GB - pebble blue (T-Mobile),Technology,2.0,279.99,20.0,West
2014-11-11,CA-2014-163419,"Global Airflow Leather Mesh Back Chair, Black",Furniture,5.0,120.78,20.0,West
2017-09-29,CA-2017-100314,Avery 499,Office Supplies,2.0,3.98,20.0,Central
2017-09-29,CA-2017-100314,"#10- 4 1/8"" x 9 1/2"" Recycled Envelopes",Office Supplies,4.0,6.99,20.0,Central
2017-09-29,CA-2017-100314,Wasp CCD Handheld Bar Code Reader,Technology,3.0,112.17,40.0,Central
2015-03-10,CA-2015-146829,Acco Suede Grain Vinyl Round Ring Binder,Office Supplies,2.0,0.56,80.0,Central
2017-05-21,CA-2017-167899,Luxo Professional Magnifying Clamp-On Fluorescent Lamps,Furniture,5.0,104.01,0.0,East
2017-05-21,CA-2017-167899,Bulldog Table or Wall-Mount Pencil Sharpener,Office Supplies,3.0,5.99,0.0,East
2015-03-29,CA-2015-153549,Hon 4070 Series Pagoda Armless Upholstered Stacking Chairs,Furniture,5.0,233.38,20.0,South
2016-09-09,CA-2016-110023,Cardinal EasyOpen D-Ring Binders,Office Supplies,2.0,7.31,20.0,East
2016-08-26,CA-2016-105585,Advantus SlideClip Paper Clips,Office Supplies,3.0,3.41,0.0,West
2016-08-26,CA-2016-105585,Xerox 1979,Office Supplies,5.0,30.98,0.0,West
2014-05-21,CA-2014-117639,Fellowes PB300 Plastic Comb Binding Machine,Office Supplies,7.0,387.99,0.0,South
2014-05-21,CA-2014-117639,Plantronics Voyager Pro Legend,Technology,3.0,205.99,0.0,South
2015-10-28,CA-2015-162537,Laser & Ink Jet Business Envelopes,Office Supplies,1.0,10.67,0.0,South
2015-10-28,CA-2015-162537,Portable Personal File Box,Office Supplies,3.0,12.21,0.0,South
2015-10-28,CA-2015-162537,Magna Visual Magnetic Picture Hangers,Furniture,5.0,4.82,0.0,South
2015-10-28,CA-2015-162537,C-Line Cubicle Keepers Polyproplyene Holder With Velcro Backings,Furniture,7.0,4.73,0.0,South
2016-11-13,CA-2016-155488,Boston 16801 Nautilus Battery Pencil Sharpener,Office Supplies,2.0,22.01,0.0,West
2015-07-31,CA-2015-124891,Plantronics CS510 - Over-the-Head monaural Wireless Headset System,Technology,7.0,329.95,0.0,East
2015-07-31,CA-2015-124891,"Bevis Round Bullnose 29"" High Table Top",Furniture,7.0,155.83,40.0,East
2015-07-31,CA-2015-124891,Xerox 212,Office Supplies,3.0,6.48,0.0,East
2015-08-27,CA-2015-126445,Fellowes Super Stor/Drawer Files,Office Supplies,3.0,161.55,0.0,West
2015-11-13,CA-2015-111199,Xerox 1910,Office Supplies,3.0,38.43,20.0,South
2015-11-06,CA-2015-105312,"Redi-Strip #10 Envelopes, 4 1/8 x 9 1/2",Office Supplies,3.0,2.36,20.0,West
2015-11-06,CA-2015-105312,UniKeep View Case Binders,Office Supplies,3.0,1.47,70.0,West
2017-12-26,US-2017-106705,"Recycled Desk Saver Line ""While You Were Out"" Book, 5 1/2"" X 4""",Office Supplies,5.0,8.95,0.0,Central
2017-08-01,CA-2017-135034,JBL Micro Wireless Portable Bluetooth Speaker,Technology,2.0,47.99,20.0,Central
2014-11-24,CA-2014-158540,"Eldon Delta Triangular Chair Mat, 52"" x 58"", Clear",Furniture,4.0,37.93,0.0,West
2017-06-17,CA-2017-118437,"Howard Miller 13-3/4"" Diameter Brushed Chrome Round Wall Clock",Furniture,3.0,51.75,0.0,West
2017-06-17,CA-2017-118437,Project Tote Personal File,Office Supplies,1.0,14.03,0.0,West
2015-12-21,US-2015-126214,Bevis 36 x 72 Conference Tables,Furniture,13.0,124.49,0.0,West
2015-12-21,US-2015-126214,Enermax Acrylux Wireless Keyboard,Technology,1.0,99.6,0.0,West
2015-09-17,CA-2015-133025,Xerox 216,Office Supplies,5.0,6.48,0.0,West
2015-07-06,CA-2015-108665,G.E. Halogen Desk Lamp Bulbs,Furniture,2.0,6.98,0.0,East
2015-07-06,CA-2015-108665,"Howard Miller 11-1/2"" Diameter Ridgewood Wall Clock",Furniture,3.0,51.94,0.0,East
2015-07-06,CA-2015-108665,OtterBox Commuter Series Case - Samsung Galaxy S4,Technology,5.0,24.99,0.0,East
2015-07-06,CA-2015-108665,Iceberg Mobile Mega Data/Printer Cart ,Office Supplies,5.0,120.33,0.0,East
2015-04-27,CA-2015-124450,Staples in misc. colors,Office Supplies,3.0,7.58,0.0,East
2015-04-27,CA-2015-124450,Global Comet Stacking Arm Chair,Furniture,3.0,422.51,0.0,East
2015-04-27,CA-2015-124450,Cisco SPA525G2 5-Line IP Phone,Technology,8.0,172.49,0.0,East
2015-06-16,CA-2015-167269,Peel & Seel Envelopes,Office Supplies,2.0,3.1,20.0,East
2017-12-17,CA-2017-106964,GBC Plastic Binding Combs,Office Supplies,2.0,5.9,20.0,West
2016-01-11,CA-2016-126529,Xerox 2,Office Supplies,3.0,5.18,20.0,East
2016-01-11,CA-2016-126529,Xerox 1935,Office Supplies,3.0,21.1,20.0,East
2016-01-11,CA-2016-126529,Cyber Acoustics AC-202b Speech Recognition Stereo Headset,Technology,2.0,7.79,40.0,East
2014-07-11,CA-2014-163552,Easy-staple paper,Office Supplies,5.0,35.44,0.0,East
2014-07-11,CA-2014-163552,Cisco SPA508G,Technology,3.0,65.99,0.0,East
2014-07-11,CA-2014-163552,Global Commerce Series High-Back Swivel/Tilt Chairs,Furniture,3.0,284.98,0.0,East
2014-07-11,CA-2014-163552,9-3/4 Diameter Round Wall Clock,Furniture,9.0,13.79,0.0,East
2014-07-11,CA-2014-163552,Avery 514,Office Supplies,5.0,2.88,0.0,East
2016-11-20,CA-2016-109820,Southworth 25% Cotton Granite Paper & Envelopes,Office Supplies,3.0,5.23,20.0,East
2016-11-20,CA-2016-109820,Acco 3-Hole Punch,Office Supplies,2.0,1.31,70.0,East
2016-11-20,CA-2016-109820,Avery Recycled Flexi-View Covers for Binding Systems,Office Supplies,3.0,4.81,70.0,East
2016-04-22,CA-2016-113061,Eldon Advantage Chair Mats for Low to Medium Pile Carpets,Furniture,2.0,43.31,0.0,Central
2015-06-13,CA-2015-127418,Aluminum Screw Posts,Office Supplies,3.0,12.21,20.0,West
2017-11-20,CA-2017-121818,Newell 336,Office Supplies,7.0,3.42,20.0,South
2017-11-20,CA-2017-121818,Staples in misc. colors,Office Supplies,3.0,9.58,20.0,South
2016-03-20,CA-2016-127670,Chromcraft Round Conference Tables,Furniture,4.0,174.29,0.0,Central
2016-09-06,CA-2016-102981,Maxell 4.7GB DVD+RW 3/Pack,Technology,2.0,15.93,0.0,East
2016-09-06,CA-2016-102981,"Atlantic Metals Mobile 5-Shelf Bookcases, Custom Colors",Furniture,3.0,240.78,20.0,East
2017-07-09,CA-2017-115651,"Quartet Alpha White Chalk, 12/Pack",Office Supplies,5.0,1.77,20.0,Central
2017-07-09,CA-2017-115651,Belkin F9S820V06 8 Outlet Surge,Office Supplies,9.0,6.5,80.0,Central
2017-10-12,CA-2017-152702,"Global Stack Chair without Arms, Black",Furniture,14.0,18.19,30.0,Central
2016-03-08,CA-2016-169103,Cisco Unified IP Phone 7945G VoIP phone,Technology,5.0,272.79,20.0,South
2016-03-08,CA-2016-169103,"Deflect-o DuraMat Lighweight, Studded, Beveled Mat for Low Pile Carpeting",Furniture,3.0,34.12,20.0,South
2014-05-27,CA-2014-139192,Plantronics HL10 Handset Lifter,Technology,12.0,92.79,20.0,West
2014-05-27,CA-2014-139192,Logitech Wireless Performance Mouse MX for PC and Mac,Technology,1.0,99.99,0.0,West
2015-07-03,US-2015-153500,Eldon Antistatic Chair Mats for Low to Medium Pile Carpets,Furniture,2.0,84.23,20.0,East
2015-07-03,US-2015-153500,"Important Message Pads, 50 4-1/4 x 5-1/2 Forms per Pad",Office Supplies,2.0,3.36,20.0,East
2015-07-03,US-2015-153500,"Howard Miller 12"" Round Wall Clock",Furniture,9.0,31.43,20.0,East
2015-04-04,CA-2015-110667,DIXON Ticonderoga Erasable Checking Pencils,Office Supplies,2.0,5.58,0.0,East
2015-04-04,CA-2015-110667,Eldon Advantage Foldable Chair Mats for Low Pile Carpets,Furniture,2.0,54.2,0.0,East
2015-04-04,CA-2015-110667,GBC Prestige Therm-A-Bind Covers,Office Supplies,3.0,27.45,20.0,East
2015-04-04,CA-2015-110667,Avery Round Ring Poly Binders,Office Supplies,4.0,2.27,20.0,East
2017-12-10,CA-2017-167150,Avery Hole Reinforcements,Office Supplies,4.0,4.98,20.0,West
2017-12-10,CA-2017-167150,"Wilson Jones Ledger-Size, Piano-Hinge Binder, 2"", Blue",Office Supplies,2.0,32.78,20.0,West
2016-11-24,CA-2016-105284,Stockwell Gold Paper Clips,Office Supplies,3.0,1.47,20.0,East
2015-03-23,US-2015-125374,Global Deluxe Steno Chair,Furniture,2.0,53.89,30.0,Central
2015-04-16,CA-2015-161263,Belkin F9H710-06 7 Outlet SurgeMaster Surge Protector,Office Supplies,3.0,15.07,20.0,East
2015-04-16,CA-2015-161263,"Super Bands, 12/Pack",Office Supplies,7.0,1.49,20.0,East
2015-04-16,CA-2015-161263,Crayola Colored Pencils,Office Supplies,3.0,2.62,20.0,East
2015-04-16,CA-2015-161263,Plantronics 81402,Technology,3.0,39.59,40.0,East
2015-04-16,CA-2015-161263,Assorted Color Push Pins,Office Supplies,1.0,1.45,20.0,East
2015-04-16,CA-2015-161263,"GBC Velobind Prepunched Cover Sets, Regency Series",Office Supplies,5.0,11.09,70.0,East
2016-10-01,CA-2016-157686,"Global Value Mid-Back Manager's Chair, Gray",Furniture,4.0,48.71,20.0,West
2017-09-28,US-2017-139955,Staple remover,Office Supplies,1.0,1.74,20.0,Central
2015-07-25,US-2015-150161,GBC Premium Transparent Covers with Diagonal Lined Pattern,Office Supplies,4.0,6.29,70.0,East
2015-11-20,CA-2015-144652,Newell 333,Office Supplies,7.0,2.78,0.0,West
2016-04-28,CA-2016-152814,Xerox 1881,Office Supplies,3.0,9.82,20.0,West
2017-11-14,CA-2017-106943,3M Organizer Strips,Office Supplies,2.0,4.32,20.0,East
2016-11-12,CA-2016-134348,Avery Durable Slant Ring Binders With Label Holder,Office Supplies,5.0,1.25,70.0,West
2016-11-12,CA-2016-134348,Round Ring Binders,Office Supplies,7.0,0.62,70.0,West
2016-11-12,CA-2016-134348,Micropad Numeric Keypads,Technology,2.0,15.99,20.0,West
2016-09-29,CA-2016-161781,Newell 328,Office Supplies,7.0,5.84,0.0,Central
2017-09-23,CA-2017-132521,Belkin 8 Outlet SurgeMaster II Gold Surge Protector,Office Supplies,2.0,59.98,0.0,West
2017-09-23,CA-2017-132521,Sterilite Officeware Hinged File Box,Office Supplies,3.0,10.48,0.0,West
2017-09-23,CA-2017-132521,Avery Printable Repositionable Plastic Tabs,Office Supplies,1.0,6.88,20.0,West
2015-11-29,CA-2015-110016,Easy-staple paper,Office Supplies,4.0,4.98,0.0,Central
2015-11-29,CA-2015-110016,"Global High-Back Leather Tilter, Burgundy",Furniture,9.0,122.99,0.0,Central
2016-03-01,US-2016-143819,Chromcraft Round Conference Tables,Furniture,8.0,104.57,40.0,East
2016-03-01,US-2016-143819,Easy-staple paper,Office Supplies,1.0,26.38,0.0,East
2016-03-01,US-2016-143819,Adjustable Depth Letter/Legal Cart,Office Supplies,2.0,181.46,0.0,East
2016-03-01,US-2016-143819,Ativa V4110MDD Micro-Cut Shredder,Technology,7.0,699.99,0.0,East
2016-08-12,CA-2016-167584,Xerox 224,Office Supplies,1.0,6.48,0.0,Central
2016-08-15,CA-2016-166163,Nokia Lumia 521 (T-Mobile),Technology,3.0,23.99,20.0,West
2016-08-15,CA-2016-166163,Avery 488,Office Supplies,1.0,3.15,0.0,West
2017-06-04,CA-2017-158407,Telescoping Adjustable Floor Lamp,Furniture,2.0,15.99,20.0,South
2017-06-04,CA-2017-158407,Innergie mMini Combo Duo USB Travel Charging Kit,Technology,2.0,35.99,20.0,South
2015-12-06,CA-2015-143490,Stanley Contemporary Battery Pencil Sharpeners,Office Supplies,9.0,13.35,0.0,West
2015-12-06,CA-2015-143490,AT&T 1080 Corded phone,Technology,2.0,109.59,20.0,West
2015-12-27,CA-2015-165085,Xerox 1950,Office Supplies,5.0,5.78,0.0,East
2015-12-27,CA-2015-165085,Kensington 7 Outlet MasterPiece Power Center,Office Supplies,2.0,177.98,0.0,East
2017-01-21,CA-2017-160423,"Fellowes Mobile File Cart, Black",Office Supplies,7.0,49.74,20.0,South
2017-01-21,CA-2017-160423,GBC Recycled VeloBinder Covers,Office Supplies,7.0,5.11,70.0,South
2014-06-25,CA-2014-159338,Hon 4060 Series Tables,Furniture,5.0,89.57,20.0,West
2016-06-14,CA-2016-107216,Newell 326,Office Supplies,4.0,1.76,0.0,West
2016-06-14,CA-2016-107216,"GE General Purpose, Extra Long Life, Showcase & Floodlight Incandescent Bulbs",Furniture,3.0,2.91,0.0,West
2016-06-14,CA-2016-107216,Logitech ClearChat Comfort/USB Headset H390,Technology,1.0,29.29,0.0,West
2016-06-14,CA-2016-107216,Newell 346,Office Supplies,3.0,2.88,0.0,West
2017-04-21,US-2017-145863,Avery Non-Stick Binders,Office Supplies,3.0,0.9,80.0,Central
2017-04-21,US-2017-145863,UniKeep View Case Binders,Office Supplies,3.0,0.98,80.0,Central
2016-10-21,CA-2016-112340,"Rediform Wirebound ""Phone Memo"" Message Book, 11 x 5-3/4",Office Supplies,3.0,7.64,0.0,West
2016-11-19,US-2016-110156,"Tennsco Lockers, Gray",Office Supplies,6.0,16.78,20.0,Central
2016-11-19,US-2016-110156,"GE General Purpose, Extra Long Life, Showcase & Floodlight Incandescent Bulbs",Furniture,2.0,1.16,60.0,Central
2016-11-19,US-2016-110156,"GBC Standard Recycled Report Covers, Clear Plastic Sheets",Office Supplies,5.0,2.16,80.0,Central
2016-11-19,US-2016-110156,Staples,Office Supplies,12.0,4.86,20.0,Central
2016-11-19,US-2016-110156,"Recycled Interoffice Envelopes with Re-Use-A-Seal Closure, 10 x 13",Office Supplies,3.0,13.66,20.0,Central
2016-11-19,US-2016-110156,invisibleSHIELD by ZAGG Smudge-Free Screen Protector,Technology,5.0,14.39,20.0,Central
2016-11-19,US-2016-110156,Xerox 1905,Office Supplies,2.0,5.18,20.0,Central
2016-11-19,US-2016-110156,Avery Hidden Tab Dividers for Binding Systems,Office Supplies,2.0,0.6,80.0,Central
2017-12-18,CA-2017-140585,Binding Machine Supplies,Office Supplies,2.0,23.34,20.0,West
2017-12-18,CA-2017-140585,"Bush Saratoga Collection 5-Shelf Bookcase, Hanover Cherry, *Special Order",Furniture,1.0,119.83,15.0,West
2017-12-18,CA-2017-140585,Logitech Illuminated - Keyboard,Technology,2.0,59.99,0.0,West
2016-07-22,CA-2016-144855,Self-Adhesive Removable Labels,Office Supplies,2.0,3.15,0.0,West
2015-09-04,CA-2015-142755,Xerox 1908,Office Supplies,5.0,55.98,0.0,South
2015-09-04,CA-2015-142755,Logitech G19 Programmable Gaming Keyboard,Technology,5.0,123.99,0.0,South
2015-09-04,CA-2015-142755,"Ampad Evidence Wirebond Steno Books, 6"" x 9""",Office Supplies,2.0,2.18,0.0,South
2015-09-04,CA-2015-142755,Security-Tint Envelopes,Office Supplies,2.0,7.64,0.0,South
2014-01-20,US-2014-147627,Apple iPhone 5C,Technology,7.0,99.99,0.0,South
2014-01-20,US-2014-147627,Newell 351,Office Supplies,7.0,3.28,0.0,South
2014-01-20,US-2014-147627,"Eldon Expressions Desk Accessory, Wood Pencil Holder, Oak",Furniture,4.0,9.65,0.0,South
2014-01-20,US-2014-147627,Newell 327,Office Supplies,3.0,2.21,0.0,South
2014-01-20,US-2014-147627,Staple envelope,Office Supplies,3.0,7.78,0.0,South
2014-01-20,US-2014-147627,Hon 4700 Series Mobuis Mid-Back Task Chairs with Adjustable Arms,Furniture,3.0,355.98,0.0,South
2015-03-02,CA-2015-105970,50 Colored Long Pencils,Office Supplies,1.0,10.16,0.0,Central
2015-03-02,CA-2015-105970,Brown Kraft Recycled Envelopes,Office Supplies,6.0,16.98,0.0,Central
2016-04-12,CA-2016-112102,KI Adjustable-Height Table,Furniture,4.0,85.98,0.0,South
2016-04-12,CA-2016-112102,Xerox 1945,Office Supplies,1.0,40.99,0.0,South
2016-04-12,CA-2016-112102,Globe Weis Peel & Seel First Class Envelopes,Office Supplies,5.0,12.78,0.0,South
2016-12-06,US-2016-114776,Xerox 216,Office Supplies,3.0,6.48,0.0,West
2016-06-05,US-2016-134908,"Eldon Base for stackable storage shelf, platinum",Office Supplies,4.0,31.15,20.0,East
2016-06-05,US-2016-134908,Avery 502,Office Supplies,3.0,2.52,20.0,East
2016-12-11,US-2016-148803,Steel Personal Filing/Posting Tote,Office Supplies,3.0,28.41,20.0,South
2016-11-12,CA-2016-152170,"Tyvek  Top-Opening Peel & Seel  Envelopes, Gray",Office Supplies,8.0,35.94,0.0,Central
2016-11-12,CA-2016-152170,Belkin F9H710-06 7 Outlet SurgeMaster Surge Protector,Office Supplies,2.0,18.84,0.0,Central
2016-11-12,CA-2016-152170,Xerox 1896,Office Supplies,2.0,9.99,0.0,Central
2016-11-12,CA-2016-152170,Newell 332,Office Supplies,7.0,2.94,0.0,Central
2016-11-12,CA-2016-152170,Cardinal Slant-D Ring Binders,Office Supplies,2.0,8.69,0.0,Central
2014-09-29,CA-2014-146969,Luxo Professional Combination Clamp-On Lamps,Furniture,2.0,102.3,0.0,West
2014-09-29,CA-2014-146969,Stockwell Push Pins,Office Supplies,4.0,2.18,0.0,West
2014-09-29,CA-2014-146969,Xerox 223,Office Supplies,1.0,6.48,0.0,West
2014-09-29,CA-2014-146969,Star Micronics TSP800 TSP847IIU Receipt Printer,Technology,2.0,343.16,20.0,West
2014-09-29,CA-2014-146969,"Fellowes Mobile File Cart, Black",Office Supplies,1.0,62.18,0.0,West
2015-04-04,CA-2015-112452,Hoover Shoulder Vac Commercial Portable Vacuum,Office Supplies,2.0,322.04,10.0,Central
2015-04-04,CA-2015-112452,Staples,Office Supplies,2.0,2.92,0.0,Central
2015-04-04,CA-2015-112452,Acco Expandable Hanging Binders,Office Supplies,2.0,6.38,0.0,Central
2015-04-04,CA-2015-112452,Shocksock Galaxy S4 Armband,Technology,1.0,10.95,0.0,Central
2015-04-04,CA-2015-112452,Brother DCP1000 Digital 3 in 1 Multifunction Machine,Technology,2.0,299.99,0.0,Central
2015-05-08,CA-2015-113971,"Eldon Regeneration Recycled Desk Accessories, Smoke",Furniture,6.0,1.39,20.0,East
2016-12-31,CA-2017-160395,"Crayola Anti Dust Chalk, 12/Pack",Office Supplies,2.0,1.82,0.0,West
2016-12-31,CA-2017-160395,Lock-Up Easel 'Spel-Binder',Office Supplies,7.0,22.82,20.0,West
2014-12-20,CA-2014-136567,"SAFCO Commercial Wire Shelving, 72h",Office Supplies,2.0,61.24,0.0,South
2014-12-20,CA-2014-136567,"Chromcraft 48"" x 96"" Racetrack Double Pedestal Table",Furniture,7.0,320.64,0.0,South
2014-12-20,CA-2014-136567,Wilson Jones Century Plastic Molded Ring Binders,Office Supplies,3.0,20.77,0.0,South
2014-12-20,CA-2014-136567,"Hon Practical Foundations 30 x 60 Training Table, Light Gray/Charcoal",Furniture,2.0,227.55,0.0,South
2016-07-02,CA-2016-149314,Hon Deluxe Fabric Upholstered Stacking Chairs,Furniture,1.0,195.18,20.0,West
2017-06-29,CA-2017-147039,"Belkin 325VA UPS Surge Protector, 6'",Office Supplies,3.0,120.98,0.0,Central
2017-06-29,CA-2017-147039,Avery Binding System Hidden Tab Executive Style Index Sets,Office Supplies,2.0,5.77,0.0,Central
2014-09-01,CA-2014-126522,"BOSTON Model 1800 Electric Pencil Sharpeners, Putty/Woodgrain",Office Supplies,3.0,17.98,0.0,West
2014-03-03,CA-2014-127964,PowerGen Dual USB Car Charger,Technology,1.0,9.99,0.0,East
2014-03-03,CA-2014-127964,Ibico Laser Imprintable Binding System Covers,Office Supplies,3.0,41.92,20.0,East
2014-03-03,CA-2014-127964,"Cardinal HOLDit! Binder Insert Strips,Extra Strips",Office Supplies,5.0,5.06,20.0,East
2014-05-04,CA-2014-117709,Fellowes Binding Cases,Office Supplies,4.0,11.7,0.0,Central
2015-11-02,CA-2015-125416,Logitech K350 2.4Ghz Wireless Keyboard,Technology,9.0,49.77,0.0,West
2017-12-08,CA-2017-145226,"C-Line Cubicle Keepers Polyproplyene Holder w/Velcro Back, 8-1/2x11, 25/Bx",Furniture,2.0,54.74,0.0,East
2017-12-08,CA-2017-145226,Safco Industrial Wire Shelving System,Office Supplies,3.0,90.98,0.0,East
2017-12-08,CA-2017-145226,Xerox 1996,Office Supplies,3.0,6.48,0.0,East
2017-12-08,CA-2017-145226,Iris Project Case,Office Supplies,4.0,7.98,0.0,East
2014-03-10,US-2014-100279,"Geographics Note Cards, Blank, White, 8 1/2"" x 11""",Office Supplies,2.0,11.19,0.0,Central
2014-04-21,CA-2014-158064,ACCOHIDE Binder by Acco,Office Supplies,5.0,3.3,20.0,West
2015-10-22,US-2015-104430,GBC Instant Report Kit,Office Supplies,4.0,1.29,80.0,Central
2015-08-22,CA-2015-132080,"Avery 3 1/2"" Diskette Storage Pages, 10/Pack",Office Supplies,6.0,8.35,20.0,East
2016-08-29,CA-2016-161207,Acme Forged Steel Scissors with Black Enamel Handles,Office Supplies,3.0,9.31,0.0,East
2014-12-27,CA-2014-120243,Staple-on labels,Office Supplies,4.0,2.89,0.0,West
2016-12-01,CA-2016-113621,Harbour Creations Steel Folding Chair,Furniture,2.0,86.25,0.0,East
2016-12-01,CA-2016-113621,JBL Micro Wireless Portable Bluetooth Speaker,Technology,3.0,59.99,0.0,East
2016-04-24,CA-2016-168081,Plantronics S12 Corded Telephone Headset System,Technology,3.0,86.23,20.0,Central
2014-06-21,CA-2014-128146,Wireless Extenders zBoost YX545 SOHO Signal Booster,Technology,7.0,188.99,0.0,East
2014-06-21,CA-2014-128146,"OIC #2 Pencils, Medium Soft",Office Supplies,2.0,1.88,0.0,East
2017-01-14,CA-2017-138779,"Tyvek  Top-Opening Peel & Seel Envelopes, Plain White",Office Supplies,1.0,21.74,20.0,South
2017-01-14,CA-2017-138779,Sannysis Cute Owl Design Soft Skin Case Cover for Samsung Galaxy S4,Technology,5.0,1.58,20.0,South
2014-11-24,CA-2014-127131,Peel & Stick Add-On Corner Pockets,Office Supplies,7.0,1.73,20.0,West
2014-11-24,CA-2014-127131,"Carina 42""Hx23 3/4""W Media Storage Unit",Office Supplies,6.0,80.98,0.0,West
2014-11-24,CA-2014-127131,Xerox 220,Office Supplies,4.0,6.48,0.0,West
2014-11-24,CA-2014-127131,"Recycled Data-Pak for Archival Bound Computer Printouts, 12-1/2 x 12-1/2 x 16",Office Supplies,2.0,98.79,0.0,West
2017-02-26,CA-2017-117212,Kensington 6 Outlet Guardian Standard Surge Protector,Office Supplies,4.0,20.48,0.0,West
2017-02-26,CA-2017-117212,Toshiba IPT2010-SD IP Telephone,Technology,8.0,111.19,20.0,West
2017-02-26,CA-2017-117212,GuestStacker Chair with Chrome Finish Legs,Furniture,3.0,297.41,20.0,West
2017-02-26,CA-2017-117212,Xerox 1908,Office Supplies,4.0,55.98,0.0,West
2017-02-26,CA-2017-117212,Xerox 1924,Office Supplies,4.0,5.78,0.0,West
2015-09-15,US-2015-130519,Xerox 21,Office Supplies,3.0,5.18,20.0,South
2015-09-15,US-2015-130519,Ultra Door Push Plate,Furniture,4.0,3.93,20.0,South
2015-09-15,US-2015-130519,"Decoflex Hanging Personal Folder File, Blue",Office Supplies,2.0,12.34,20.0,South
2015-09-15,US-2015-130519,"Tenex ""The Solids"" Textured Chair Mats",Furniture,1.0,55.97,20.0,South
2016-04-08,CA-2016-130946,Kensington Orbit Wireless Mobile Trackball for PC and Mac,Technology,9.0,47.99,20.0,Central
2016-04-08,CA-2016-130946,Global Chrome Stack Chair,Furniture,4.0,24.0,30.0,Central
2016-04-08,CA-2016-130946,GBC DocuBind P400 Electric Binding System,Office Supplies,4.0,272.2,80.0,Central
2016-07-18,CA-2016-114727,Hon GuestStacker Chair,Furniture,3.0,181.34,20.0,West
2016-07-18,CA-2016-114727,Round Ring Binders,Office Supplies,3.0,0.62,70.0,West
2016-07-18,CA-2016-114727,Hon 4700 Series Mobuis Mid-Back Task Chairs with Adjustable Arms,Furniture,3.0,284.78,20.0,West
2016-07-18,CA-2016-114727,"Sauder Facets Collection Locker/File Cabinet, Sky Alder Finish",Office Supplies,2.0,296.78,20.0,West
2016-07-18,CA-2016-114727,"Fellowes Strictly Business Drawer File, Letter/Legal Size",Office Supplies,3.0,112.68,20.0,West
2017-08-01,CA-2017-133235,Nortel Networks T7316 E Nt8 B27,Technology,5.0,54.39,20.0,South
2016-07-14,CA-2016-137050,"Personal Folder Holder, Ebony",Office Supplies,1.0,11.21,0.0,East
2016-07-14,CA-2016-137050,Acco Hanging Data Binders,Office Supplies,3.0,3.05,20.0,East
2016-07-14,CA-2016-137050,Ideal Clamps,Office Supplies,7.0,2.01,0.0,East
2016-07-14,CA-2016-137050,Newell 315,Office Supplies,7.0,5.98,0.0,East
2016-07-14,CA-2016-137050,Pressboard Data Binders by Wilson Jones,Office Supplies,2.0,4.27,20.0,East
2016-07-14,CA-2016-137050,O'Sullivan 2-Door Barrister Bookcase in Odessa Pine,Furniture,4.0,144.78,20.0,East
2017-09-09,US-2017-118087,Global Low Back Tilter Chair,Furniture,2.0,70.69,30.0,East
2017-09-09,US-2017-118087,Wilson Jones Standard D-Ring Binders,Office Supplies,2.0,1.52,70.0,East
2017-09-09,US-2017-118087,"GBC Prepunched Paper, 19-Hole, for Binding Systems, 24-lb",Office Supplies,1.0,4.5,70.0,East
2017-09-09,US-2017-118087,"Quartet Omega Colored Chalk, 12/Pack",Office Supplies,1.0,4.67,20.0,East
2017-09-09,US-2017-118087,Microsoft Sculpt Comfort Mouse,Technology,3.0,31.96,20.0,East
2017-09-09,US-2017-118087,"Eldon Expressions Punched Metal & Wood Desk Accessories, Pewter & Cherry",Furniture,2.0,8.51,20.0,East
2017-09-09,US-2017-118087,Plantronics S12 Corded Telephone Headset System,Technology,3.0,86.23,20.0,East
2017-09-09,US-2017-118087,Samsung Galaxy Note 2,Technology,7.0,275.99,40.0,East
2014-07-12,CA-2014-110184,Fellowes Super Stor/Drawer,Office Supplies,9.0,27.75,0.0,West
2014-07-12,CA-2014-110184,GE DSL Phone Line Filter,Technology,8.0,31.99,20.0,West
2016-12-04,CA-2016-126004,"Eldon Delta Triangular Chair Mat, 52"" x 58"", Clear",Furniture,3.0,37.93,0.0,East
2016-12-04,CA-2016-126004,Enermax Aurora Lite Keyboard,Technology,1.0,78.15,0.0,East
2016-12-04,CA-2016-126004,Peel & Stick Add-On Corner Pockets,Office Supplies,1.0,1.73,20.0,East
2016-12-04,CA-2016-126004,Easy-staple paper,Office Supplies,4.0,10.14,0.0,East
2016-12-04,CA-2016-126004,Carina Media Storage Towers in Natural & Black,Office Supplies,3.0,60.98,0.0,East
2016-12-04,CA-2016-126004,Fellowes Econo/Stor Drawers,Office Supplies,2.0,96.93,0.0,East
2017-11-06,CA-2017-100013,"#10- 4 1/8"" x 9 1/2"" Security-Tint Envelopes",Office Supplies,2.0,7.64,0.0,West
2017-11-06,CA-2017-100013,Dax Clear Box Frame,Furniture,1.0,8.73,0.0,West
2017-11-06,CA-2017-100013,SANFORD Liquid Accent Tank-Style Highlighters,Office Supplies,2.0,2.84,0.0,West
2015-10-31,CA-2015-132570,Design Ebony Sketching Pencil,Office Supplies,2.0,1.39,0.0,East
2015-10-31,CA-2015-132570,"Blue String-Tie & Button Interoffice Envelopes, 10 x 13",Office Supplies,2.0,39.98,0.0,East
2016-05-30,CA-2016-153682,Canon Imageclass D680 Copier / Fax,Technology,2.0,419.99,40.0,East
2016-10-28,CA-2016-144344,24-Hour Round Wall Clock,Furniture,3.0,15.98,20.0,South
2016-10-28,CA-2016-144344,Large Capacity Hanging Post Binders,Office Supplies,5.0,7.48,70.0,South
2016-10-28,CA-2016-144344,Eldon Radial Chair Mat for Low to Medium Pile Carpets,Furniture,2.0,31.98,20.0,South
2016-10-28,CA-2016-144344,"Howard Miller 13-1/2"" Diameter Rosebrook Wall Clock",Furniture,3.0,55.02,20.0,South
2014-08-11,CA-2014-127012,"Eldon Image Series Desk Accessories, Ebony",Furniture,1.0,12.35,0.0,West
2014-08-11,CA-2014-127012,Sanford 52201 APSCO Electric Pencil Sharpener,Office Supplies,1.0,40.97,0.0,West
2014-08-11,CA-2014-127012,"Vinyl Coated Wire Paper Clips in Organizer Box, 800/Box",Office Supplies,2.0,11.48,0.0,West
2016-08-29,CA-2016-128727,Samsung Replacement EH64AVFWE Premium Headset,Technology,4.0,5.5,0.0,East
2016-02-15,US-2016-162859,GBC DocuBind P100 Manual Binding Machine,Office Supplies,3.0,132.78,20.0,East
2016-02-15,US-2016-162859,Advantus Push Pins,Office Supplies,4.0,2.18,0.0,East
2017-05-14,CA-2017-133641,Fashion Color Clasp Envelopes,Office Supplies,9.0,5.41,0.0,South
2014-12-12,CA-2014-168494,Hon Non-Folding Utility Tables,Furniture,6.0,127.45,20.0,West
2014-12-12,CA-2014-168494,Bretford Rectangular Conference Table Tops,Furniture,12.0,300.9,20.0,West
2014-12-12,CA-2014-168494,Bestar Classic Bookcase,Furniture,3.0,84.99,15.0,West
2017-12-18,CA-2017-115602,Staples in misc. colors,Office Supplies,6.0,6.47,0.0,East
2017-12-18,CA-2017-115602,Office Star - Contemporary Swivel Chair with Padded Adjustable Arms and Flex Back,Furniture,9.0,126.88,10.0,East
2017-12-18,CA-2017-115602,Kensington 7 Outlet MasterPiece HOMEOFFICE Power Control Center,Office Supplies,13.0,131.12,0.0,East
2017-12-18,CA-2017-115602,Sanford Pocket Accent Highlighters,Office Supplies,2.0,1.6,0.0,East
2015-07-04,CA-2015-154956,Mitel MiVoice 5330e IP Phone,Technology,4.0,274.99,0.0,Central
2017-03-10,CA-2017-144638,Newell 337,Office Supplies,2.0,2.62,20.0,East
2017-03-10,CA-2017-144638,Cisco SPA525G2 IP Phone - Wireless,Technology,3.0,11.97,40.0,East
2017-03-10,CA-2017-144638,Westinghouse Clip-On Gooseneck Lamps,Furniture,1.0,6.7,20.0,East
2017-03-10,CA-2017-144638,Howard Miller Distant Time Traveler Alarm Clock,Furniture,2.0,21.94,20.0,East
2016-12-24,US-2016-168620,GBC Linen Binding Covers,Office Supplies,3.0,9.29,70.0,South
2016-12-24,US-2016-168620,Tennsco Double-Tier Lockers,Office Supplies,3.0,180.02,20.0,South
2016-12-24,US-2016-168620,Microsoft Sculpt Comfort Mouse,Technology,8.0,31.96,20.0,South
2017-10-23,CA-2017-117079,Wilson SignalBoost 841262 DB PRO Amplifier Kit,Technology,3.0,287.96,20.0,South
2016-10-28,US-2016-144393,"XtraLife ClearVue Slant-D Ring Binder, White, 3""",Office Supplies,4.0,4.4,70.0,South
2017-07-07,CA-2017-105053,Wilson Jones Active Use Binders,Office Supplies,3.0,5.82,20.0,East
2016-10-01,CA-2016-155992,Plantronics Cordless Phone Headset with In-line Volume - M214C,Technology,2.0,34.95,0.0,Central
2016-10-01,CA-2016-155992,Westinghouse Clip-On Gooseneck Lamps,Furniture,5.0,8.37,0.0,Central
2017-09-02,CA-2017-110380,Pencil and Crayon Sharpener,Office Supplies,3.0,2.19,0.0,West
2014-12-24,US-2014-167738,Letter Size Cart,Office Supplies,1.0,142.86,0.0,West
2014-12-24,US-2014-167738,"Global Value Mid-Back Manager's Chair, Gray",Furniture,6.0,48.71,20.0,West
2017-09-23,CA-2017-121412,Aluminum Document Frame,Furniture,3.0,9.78,20.0,West
2017-06-04,CA-2017-100426,"Ampad Phone Message Book, Recycled, 400 Message Capacity, 5 ¾” x 11”",Office Supplies,2.0,6.24,0.0,South
2016-04-21,US-2016-103646,Fellowes Bankers Box Stor/Drawer Steel Plus,Office Supplies,4.0,25.58,20.0,Central
2016-04-21,US-2016-103646,Kensington 4 Outlet MasterPiece Compact Power Control Center,Office Supplies,3.0,16.26,80.0,Central
2016-04-21,US-2016-103646,"Performers Binder/Pad Holder, Black",Office Supplies,8.0,5.61,80.0,Central
2016-05-26,CA-2016-119186,Xerox 212,Office Supplies,2.0,5.18,20.0,Central
2016-05-26,CA-2016-119186,Office Star Flex Back Scooter Chair with White Frame,Furniture,5.0,77.69,30.0,Central
2016-05-26,CA-2016-119186,Universal Premium White Copier/Laser Paper (20Lb. and 87 Bright),Office Supplies,3.0,4.78,20.0,Central
2016-05-26,CA-2016-119186,Logitech G13 Programmable Gameboard with LCD Display,Technology,1.0,63.99,20.0,Central
2016-05-02,CA-2016-148698,Panasonic KP-380BK Classic Electric Pencil Sharpener,Office Supplies,3.0,28.78,20.0,Central
2014-09-08,CA-2014-163293,Memorex Froggy Flash Drive 4 GB,Technology,3.0,10.99,0.0,South
2014-09-08,CA-2014-163293,"Maxell 74 Minute CD-R Spindle, 50/Pack",Technology,4.0,20.97,0.0,South
2016-09-05,CA-2016-160815,Geemarc AmpliPOWER60,Technology,3.0,92.8,0.0,Central
2017-04-09,CA-2017-122154,Avery 48,Office Supplies,3.0,5.04,20.0,South
2017-04-09,CA-2017-122154,Avery Arch Ring Binders,Office Supplies,1.0,17.43,70.0,South
2017-04-09,CA-2017-122154,Xerox 1915,Office Supplies,3.0,83.88,20.0,South
2015-12-06,US-2015-149692,Avery Reinforcements for Hole-Punch Pages,Office Supplies,7.0,0.4,80.0,Central
2016-06-26,CA-2016-119445,Woodgrain Magazine Files by Perma,Office Supplies,5.0,2.98,0.0,East
2015-07-04,CA-2015-124268,Colorific Watercolor Pencils,Office Supplies,3.0,5.16,0.0,East
2016-11-22,CA-2016-154711,Luxo Economy Swing Arm Lamp,Furniture,2.0,19.94,0.0,East
2016-11-22,CA-2016-154711,"Acco Pressboard Covers with Storage Hooks, 9 1/2"" x 11"", Executive Red",Office Supplies,4.0,3.05,20.0,East
2016-11-22,CA-2016-154711,BIC Liqua Brite Liner,Office Supplies,3.0,6.94,0.0,East
2016-11-10,CA-2016-163384,"ACCOHIDE 3-Ring Binder, Blue, 1""",Office Supplies,4.0,3.3,20.0,West
2016-11-10,CA-2016-163384,Xerox 1996,Office Supplies,5.0,6.48,0.0,West
2015-08-27,CA-2015-101707,Fiskars Softgrip Scissors,Office Supplies,3.0,10.98,0.0,West
2015-08-27,CA-2015-101707,Xerox 1973,Office Supplies,5.0,22.84,0.0,West
2015-08-27,CA-2015-101707,Avery 511,Office Supplies,1.0,3.08,0.0,West
2015-05-25,CA-2015-138898,Kensington 4 Outlet MasterPiece Compact Power Control Center,Office Supplies,13.0,65.06,20.0,West
2017-12-30,CA-2017-115427,"Cardinal Slant-D Ring Binder, Heavy Gauge Vinyl",Office Supplies,2.0,6.95,20.0,West
2017-12-30,CA-2017-115427,GBC Binding covers,Office Supplies,2.0,10.36,20.0,West
2016-12-08,CA-2016-134425,Motorola HK250 Universal Bluetooth Headset,Technology,5.0,22.99,0.0,Central
2015-10-04,CA-2015-121391,"Tenex Personal Project File with Scoop Front Design, Black",Office Supplies,2.0,13.48,0.0,West
2016-12-23,CA-2016-137043,"Electrix Architect's Clamp-On Swing Arm Lamp, Black",Furniture,6.0,95.46,0.0,South
2016-12-23,CA-2016-137043,"Electrix Architect's Clamp-On Swing Arm Lamp, Black",Furniture,3.0,95.46,0.0,South
2015-09-19,CA-2015-115847,Sauder Cornerstone Collection Library,Furniture,2.0,30.98,0.0,South
2017-07-03,US-2017-126179,"Westinghouse Floor Lamp with Metal Mesh Shade, Black",Furniture,1.0,23.99,0.0,South
2017-07-03,US-2017-126179,Pyle PMP37LED,Technology,3.0,95.99,0.0,South
2016-07-14,CA-2016-101966,Blue Parrot B250XT Professional Grade Wireless Bluetooth Headset with,Technology,7.0,59.99,20.0,Central
2016-06-20,CA-2016-141397,Xerox 1898,Office Supplies,7.0,6.68,0.0,West
2016-06-20,CA-2016-141397,GBC Plastic Binding Combs,Office Supplies,3.0,5.9,20.0,West
2016-06-20,CA-2016-141397,Belkin 6 Outlet Metallic Surge Strip,Office Supplies,2.0,10.89,0.0,West
2016-06-20,CA-2016-141397,Fellowes Bankers Box Recycled Super Stor/Drawer,Office Supplies,3.0,53.98,0.0,West
2016-06-20,CA-2016-141397,Hon Valutask Swivel Chairs,Furniture,2.0,80.78,20.0,West
2016-12-09,CA-2016-141082,Avery 517,Office Supplies,1.0,3.69,0.0,East
2016-12-09,CA-2016-141082,Avery 477,Office Supplies,4.0,30.53,0.0,East
2016-09-24,US-2016-134488,Office Star - Contemporary Task Swivel Chair,Furniture,2.0,77.69,30.0,East
2016-12-18,CA-2016-145919,"Eureka Recycled Copy Paper 8 1/2"" x 11"", Ream",Office Supplies,6.0,6.48,0.0,West
2016-12-18,CA-2016-145919,"Seth Thomas 12"" Clock w/ Goldtone Case",Furniture,8.0,22.98,0.0,West
2016-12-18,CA-2016-145919,Premier Electric Letter Opener,Office Supplies,5.0,115.86,0.0,West
2017-12-10,CA-2017-157651,Memorex Froggy Flash Drive 8 GB,Technology,1.0,14.2,20.0,East
2014-07-01,CA-2014-160773,Wilson SignalBoost 841262 DB PRO Amplifier Kit,Technology,2.0,287.96,20.0,South
2014-07-01,CA-2014-160773,Avery Durable Binders,Office Supplies,6.0,0.86,70.0,South
2017-02-03,CA-2017-167703,Fellowes Black Plastic Comb Bindings,Office Supplies,3.0,1.74,70.0,East
2017-02-03,CA-2017-167703,"Hot File 7-Pocket, Floor Stand",Office Supplies,2.0,142.78,20.0,East
2017-03-03,CA-2017-121804,Acco 6 Outlet Guardian Premium Surge Suppressor,Office Supplies,5.0,14.56,0.0,South
2017-10-09,CA-2017-162635,Avoid Verbal Orders Carbonless Minifold Book,Office Supplies,4.0,2.7,20.0,South
2014-09-28,CA-2014-107153,"Decoflex Hanging Personal Folder File, Blue",Office Supplies,3.0,15.42,0.0,East
2014-05-27,US-2014-117058,Fellowes Presentation Covers for Comb Binding Machines,Office Supplies,6.0,2.91,80.0,Central
2015-06-14,CA-2015-120439,"Eldon Expressions Punched Metal & Wood Desk Accessories, Pewter & Cherry",Furniture,6.0,8.51,20.0,East
2016-03-30,CA-2016-128258,Xerox 188,Office Supplies,1.0,11.34,0.0,East
2017-10-15,CA-2017-106033,Panasonic KP-310 Heavy-Duty Electric Pencil Sharpener,Office Supplies,4.0,21.98,0.0,West
2016-05-23,CA-2016-142762,"Eldon Image Series Desk Accessories, Ebony",Furniture,3.0,12.35,0.0,West
2017-06-02,CA-2017-127705,Cush Cases Heavy Duty Rugged Cover Case for Samsung Galaxy S5 - Purple,Technology,1.0,2.97,40.0,East
2017-06-02,CA-2017-127705,Advantus Rolling Storage Box,Office Supplies,2.0,13.72,20.0,East
2014-02-16,CA-2014-122567,Wilson Jones Easy Flow II Sheet Lifters,Office Supplies,3.0,0.36,80.0,Central
2014-02-16,CA-2014-122567,"Holmes Cool Mist Humidifier for the Whole House with 8-Gallon Output per Day, Extended Life Filter",Office Supplies,2.0,3.98,80.0,Central
2014-05-06,CA-2014-121664,Wilson Jones Legal Size Ring Binders,Office Supplies,8.0,17.59,20.0,West
2016-05-16,CA-2016-122133,"SAFCO Commercial Wire Shelving, Black",Office Supplies,4.0,138.14,0.0,East
2017-04-02,US-2017-123281,Westinghouse Clip-On Gooseneck Lamps,Furniture,3.0,8.37,0.0,West
2017-03-31,CA-2017-100524,Tensor Computer Mounted Lamp,Furniture,2.0,14.89,0.0,East
2017-03-31,CA-2017-100524,Polycom SoundPoint IP 450 VoIP phone,Technology,3.0,225.86,0.0,East
2017-03-31,CA-2017-100524,"Rediform S.O.S. 1-Up Phone Message Bk, 4-1/4x3-1/16 Bk, 1 Form/Pg, 40 Messages/Bk, 3/Pk",Office Supplies,8.0,9.38,0.0,East
2017-01-02,CA-2017-113481,Cisco CP-7937G Unified IP Conference Station Phone,Technology,2.0,347.85,50.0,South
2017-01-02,CA-2017-113481,"Avery 3 1/2"" Diskette Storage Pages, 10/Pack",Office Supplies,5.0,3.13,70.0,South
2017-01-02,CA-2017-113481,Avery Recycled Flexi-View Covers for Binding Systems,Office Supplies,6.0,4.81,70.0,South
2015-05-28,CA-2015-131758,Boston 16701 Slimline Battery Pencil Sharpener,Office Supplies,3.0,15.94,0.0,East
2015-05-28,CA-2015-131758,Avery 494,Office Supplies,5.0,2.61,0.0,East
2014-03-17,CA-2014-118339,Bionaire Personal Warm Mist Humidifier/Vaporizer,Office Supplies,2.0,46.89,0.0,Central
2014-03-17,CA-2014-118339,"Memo Book, 100 Message Capacity, 5 3/8” x 11”",Office Supplies,7.0,6.74,0.0,Central
2014-03-17,CA-2014-118339,Newell 35,Office Supplies,6.0,3.28,0.0,Central
2014-03-17,CA-2014-118339,Wilson Jones 14 Line Acrylic Coated Pressboard Data Binders,Office Supplies,10.0,5.34,0.0,Central
2014-03-17,CA-2014-118339,Avery Non-Stick Heavy Duty View Round Locking Ring Binders,Office Supplies,6.0,5.98,0.0,Central
2014-10-03,CA-2014-153976,"Global High-Back Leather Tilter, Burgundy",Furniture,3.0,86.09,30.0,Central
2016-03-28,CA-2016-162901,Hanging Personal Folder File,Office Supplies,2.0,15.7,0.0,South
2017-05-04,CA-2017-162978,Motorola L804,Technology,5.0,36.79,20.0,West
2017-05-04,CA-2017-162978,Things To Do Today Pad,Office Supplies,3.0,5.87,0.0,West
2017-05-04,CA-2017-162978,Bretford Rectangular Conference Table Tops,Furniture,1.0,300.9,20.0,West
2014-07-05,US-2014-160444,"Gould Plastics 18-Pocket Panel Bin, 34w x 5-1/4d x 20-1/2h",Office Supplies,3.0,73.59,20.0,Central
2014-07-05,US-2014-160444,Fellowes Bankers Box Stor/Drawer Steel Plus,Office Supplies,11.0,25.58,20.0,Central
2016-05-05,CA-2016-145247,Xerox 1909,Office Supplies,3.0,26.38,0.0,South
2017-04-26,CA-2017-160045,"DAX Value U-Channel Document Frames, Easel Back",Furniture,1.0,1.99,60.0,Central
2014-09-26,US-2014-151925,"Leather Task Chair, Black",Furniture,2.0,72.78,20.0,West
2017-10-19,CA-2017-125199,Boston 16801 Nautilus Battery Pencil Sharpener,Office Supplies,7.0,17.61,20.0,East
2017-10-19,CA-2017-125199,"It's Hot Message Books with Stickers, 2 3/4"" x 5""",Office Supplies,4.0,5.92,20.0,East
2017-10-19,CA-2017-125199,Digium D40 VoIP phone,Technology,4.0,77.39,40.0,East
2017-11-10,US-2017-155425,Cardinal EasyOpen D-Ring Binders,Office Supplies,14.0,2.74,70.0,West
2017-11-10,US-2017-155425,DYMO CardScan Personal V9 Business Card Scanner,Technology,2.0,48.0,70.0,West
2017-11-10,US-2017-155425,Case Logic 2.4GHz Wireless Keyboard,Technology,6.0,39.99,20.0,West
2017-11-10,US-2017-155425,Adtran 1202752G1,Technology,2.0,100.79,20.0,West
2017-11-10,US-2017-155425,Hon 2090 “Pillow Soft” Series Mid Back Swivel/Tilt Chairs,Furniture,4.0,224.78,20.0,West
2017-07-08,CA-2017-133249,"Deflect-o SuperTray Unbreakable Stackable Tray, Letter, Black",Furniture,5.0,29.18,0.0,West
2015-12-24,US-2015-103471,"Atlantic Metals Mobile 4-Shelf Bookcases, Custom Colors",Furniture,7.0,84.29,70.0,West
2015-12-24,US-2015-103471,"Dixon My First Ticonderoga Pencil, #2",Office Supplies,3.0,4.68,20.0,West
2017-03-07,CA-2017-136672,Logitech Desktop MK120 Mouse and keyboard Combo,Technology,3.0,16.36,0.0,East
2014-04-01,US-2014-157021,Avery 490,Office Supplies,2.0,14.8,0.0,West
2014-04-01,US-2014-157021,"Pressboard Data Binder, Crimson, 12"" X 8 1/2""",Office Supplies,4.0,4.27,20.0,West
2015-09-14,CA-2015-120362,"Lesro Round Back Collection Coffee Table, End Table",Furniture,5.0,182.55,0.0,West
2014-08-04,CA-2014-126361,Hoover WindTunnel Plus Canister Vacuum,Office Supplies,3.0,363.25,0.0,West
2014-08-04,CA-2014-126361,Xerox 1934,Office Supplies,8.0,55.98,0.0,West
2014-08-04,CA-2014-126361,Newell 329,Office Supplies,5.0,3.28,0.0,West
2014-08-04,CA-2014-126361,Panasonic KX T7731-B Digital phone,Technology,5.0,79.99,20.0,West
2014-08-04,CA-2014-126361,"Safco Wire Cube Shelving System, For Use as 4 or 5 14"" Cubes, Black",Office Supplies,5.0,31.78,0.0,West
2014-08-04,CA-2014-126361,Ibico Standard Transparent Covers,Office Supplies,1.0,13.18,20.0,West
2016-09-03,US-2016-100566,"Tenex ""The Solids"" Textured Chair Mats",Furniture,3.0,27.98,60.0,Central
2016-02-05,US-2016-108504,"Carina 42""Hx23 3/4""W Media Storage Unit",Office Supplies,1.0,80.98,0.0,South
2016-02-05,US-2016-108504,White Computer Printout Paper by Universal,Office Supplies,9.0,38.76,0.0,South
2016-02-05,US-2016-108504,Revere Boxed Rubber Bands by Revere,Office Supplies,5.0,1.89,0.0,South
2016-02-05,US-2016-108504,"Eldon 200 Class Desk Accessories, Black",Furniture,3.0,6.28,0.0,South
2016-02-05,US-2016-108504,"Bush Andora Bookcase, Maple/Graphite Gray Finish",Furniture,2.0,119.99,0.0,South
2016-02-05,US-2016-108504,Ames Color-File Green Diamond Border X-ray Mailers,Office Supplies,2.0,83.98,0.0,South
2016-02-05,US-2016-108504,Plantronics Cordless Phone Headset with In-line Volume - M214C,Technology,3.0,34.95,0.0,South
2016-02-05,US-2016-108504,Aastra 57i VoIP phone,Technology,3.0,161.61,0.0,South
2016-02-05,US-2016-108504,"White Dual Perf Computer Printout Paper, 2700 Sheets, 1 Part, Heavyweight, 20 lbs., 14 7/8 x 11",Office Supplies,3.0,40.99,0.0,South
2016-02-05,US-2016-108504,"Belkin 19"" Vented Equipment Shelf, Black",Office Supplies,3.0,51.48,0.0,South
2016-02-05,US-2016-108504,Xerox 1943,Office Supplies,7.0,48.91,0.0,South
2017-07-03,CA-2017-124828,4009 Highlighters by Sanford,Office Supplies,3.0,3.18,20.0,South
2017-10-09,US-2017-117247,"Bevis Oval Conference Table, Walnut",Furniture,5.0,130.49,50.0,Central
2017-10-09,US-2017-117247,Hon 61000 Series Interactive Training Tables,Furniture,3.0,22.22,50.0,Central
2016-11-24,CA-2016-124485,"Acco PRESSTEX Data Binder with Storage Hooks, Light Blue, 9 1/2"" X 11""",Office Supplies,4.0,4.3,20.0,East
2016-11-24,CA-2016-124485,Xerox 196,Office Supplies,2.0,5.78,0.0,East
2016-11-24,CA-2016-124485,SanDisk Ultra 32 GB MicroSDHC Class 10 Memory Card,Technology,4.0,22.1,0.0,East
2016-11-24,CA-2016-124485,Xerox 217,Office Supplies,1.0,6.48,0.0,East
2016-11-01,CA-2016-159212,"LF Elite 3D Dazzle Designer Hard Case Cover, Lf Stylus Pen and Wiper For Apple Iphone 5c Mini Lite",Technology,2.0,10.9,0.0,South
2016-11-01,CA-2016-159212,Airmail Envelopes,Office Supplies,3.0,83.93,0.0,South
2016-04-19,US-2016-161396,"Bush Andora Conference Table, Maple/Graphite Gray Finish",Furniture,2.0,102.59,40.0,East
2016-04-19,US-2016-161396,Xerox 189,Office Supplies,5.0,83.88,20.0,East
2014-04-06,US-2014-118486,Martin-Yale Premier Letter Opener,Office Supplies,1.0,10.3,20.0,East
2014-04-06,US-2014-118486,KI Adjustable-Height Table,Furniture,3.0,51.59,40.0,East
2014-04-06,US-2014-118486,Imation Secure+ Hardware Encrypted USB 2.0 Flash Drive; 16GB,Technology,2.0,58.39,20.0,East
2016-09-02,CA-2016-130407,Panasonic KP-150 Electric Pencil Sharpener,Office Supplies,2.0,37.74,0.0,East
2016-09-02,CA-2016-130407,Telescoping Adjustable Floor Lamp,Furniture,2.0,19.99,0.0,East
2016-09-25,US-2016-122245,Bevis Boat-Shaped Conference Table,Furniture,3.0,131.06,50.0,West
2017-11-04,CA-2017-105144,Alphabetical Labels for Top Tab Filing,Office Supplies,2.0,11.84,20.0,Central
2016-07-09,CA-2016-136329,Hon GuestStacker Chair,Furniture,2.0,204.0,10.0,East
2016-07-09,CA-2016-136329,"Deflect-o EconoMat Studded, No Bevel Mat for Low Pile Carpeting",Furniture,4.0,41.32,0.0,East
2014-06-30,CA-2014-146640,GBC Recycled Regency Composition Covers,Office Supplies,7.0,47.82,20.0,East
2017-01-28,CA-2017-115994,Logitech G13 Programmable Gameboard with LCD Display,Technology,3.0,79.99,0.0,West
2017-01-28,CA-2017-115994,"DAX Executive Solid Wood Document Frame, Desktop or Hang, Mahogany, 5 x 7",Furniture,3.0,12.58,0.0,West
2015-09-21,CA-2015-126697,ShoreTel ShorePhone IP 230 VoIP phone,Technology,7.0,135.19,20.0,Central
2015-09-21,CA-2015-126697,Hypercom P1300 Pinpad,Technology,3.0,50.4,20.0,Central
2015-09-21,CA-2015-126697,Longer-Life Soft White Bulbs,Furniture,4.0,1.23,60.0,Central
2015-09-26,CA-2015-124800,Petty Cash Envelope,Office Supplies,4.0,21.57,20.0,West
2015-09-26,CA-2015-124800,GBC VeloBinder Electric Binding Machine,Office Supplies,2.0,36.29,70.0,West
2015-09-26,CA-2015-124800,3M Replacement Filter for Office Air Cleaner for 20' x 33' Room,Office Supplies,2.0,30.34,20.0,West
2015-09-26,CA-2015-124800,Lock-Up Easel 'Spel-Binder',Office Supplies,9.0,8.56,70.0,West
2015-09-26,CA-2015-124800,2300 Heavy-Duty Transfer File Systems by Perma,Office Supplies,6.0,19.98,20.0,West
2015-09-26,CA-2015-124800,Samsung Rugby III,Technology,5.0,52.79,20.0,West
2015-09-26,CA-2015-124800,SAFCO Boltless Steel Shelving,Office Supplies,4.0,90.91,20.0,West
2015-10-31,US-2015-164448,Prestige Round Ring Binders,Office Supplies,2.0,4.86,20.0,West
2015-10-31,US-2015-164448,"Redi-Strip #10 Envelopes, 4 1/8 x 9 1/2",Office Supplies,5.0,2.95,0.0,West
2015-10-31,US-2015-164448,"Acco Four Pocket Poly Ring Binder with Label Holder, Smoke, 1""",Office Supplies,5.0,5.96,20.0,West
2015-10-31,US-2015-164448,"Avery 4027 File Folder Labels for Dot Matrix Printers, 5000 Labels per Box, White",Office Supplies,14.0,30.53,0.0,West
2017-11-26,CA-2017-122700,Motorola L804,Technology,8.0,27.59,40.0,East
2014-12-19,CA-2014-120768,Canvas Sectional Post Binders,Office Supplies,6.0,25.46,0.0,South
2014-12-19,CA-2014-120768,Acme Stainless Steel Office Snips,Office Supplies,1.0,7.27,0.0,South
2014-12-19,CA-2014-120768,High-Back Leather Manager's Chair,Furniture,14.0,129.99,0.0,South
2016-12-26,US-2016-153129,Strathmore Photo Mount Cards,Office Supplies,5.0,6.78,0.0,West
2017-06-20,CA-2017-106852,Xerox 203,Office Supplies,6.0,5.18,20.0,East
2017-06-20,CA-2017-106852,Newell 35,Office Supplies,2.0,2.62,20.0,East
2015-10-15,CA-2015-139731,Plantronics Audio 995 Wireless Stereo Headset,Technology,3.0,87.96,20.0,Central
2015-10-15,CA-2015-139731,HON 5400 Series Task Chairs for Big and Tall,Furniture,5.0,490.69,30.0,Central
2017-04-12,CA-2017-122735,Storex Dura Pro Binders,Office Supplies,5.0,5.94,0.0,East
2017-04-12,CA-2017-122735,Xerox 1948,Office Supplies,4.0,9.99,0.0,East
2017-12-19,CA-2017-128160,Deluxe Heavy-Duty Vinyl Round Ring Binder,Office Supplies,2.0,18.34,20.0,West
2017-08-05,CA-2017-117695,"Adams Phone Message Book, 200 Message Capacity, 8 1/16” x 11”",Office Supplies,2.0,6.88,0.0,South
2015-10-01,CA-2015-166135,"Trav-L-File Heavy-Duty Shuttle II, Black",Office Supplies,4.0,34.86,20.0,West
2016-05-23,CA-2016-133725,Mitel MiVoice 5330e IP Phone,Technology,9.0,219.99,20.0,Central
2017-06-13,CA-2017-102337,"Belkin 19"" Vented Equipment Shelf, Black",Office Supplies,4.0,41.18,20.0,Central
2017-06-13,CA-2017-102337,Global Super Steno Chair,Furniture,7.0,67.19,30.0,Central
2017-06-13,CA-2017-102337,OtterBox Defender Series Case - Samsung Galaxy S4,Technology,2.0,23.99,20.0,Central
2014-04-23,US-2014-112564,Wilson Jones Suede Grain Vinyl Binders,Office Supplies,3.0,0.83,70.0,East
2015-05-01,CA-2015-145821,OtterBox Defender Series Case - iPhone 5c,Technology,3.0,29.58,20.0,West
2015-07-19,US-2015-160150,Wilson Jones DublLock D-Ring Binders,Office Supplies,1.0,2.03,70.0,West
2016-11-26,CA-2016-133711,Easy-staple paper,Office Supplies,7.0,10.14,0.0,South
2016-11-26,CA-2016-133711,Surelock Post Binders,Office Supplies,3.0,30.56,0.0,South
2016-11-26,CA-2016-133711,Wilson Jones DublLock D-Ring Binders,Office Supplies,5.0,6.75,0.0,South
2016-11-26,CA-2016-133711,Hewlett-Packard Deskjet 3050a All-in-One Color Inkjet Printer,Technology,8.0,380.0,0.0,South
2017-06-12,CA-2017-148474,Ibico Plastic Spiral Binding Combs,Office Supplies,3.0,30.4,0.0,South
2017-06-12,CA-2017-148474,"Iceberg OfficeWorks 42"" Round Tables",Furniture,3.0,150.98,0.0,South
2015-08-17,CA-2015-111297,Wilson Jones “Snap” Scratch Pad Binder Tool for Ring Binders,Office Supplies,9.0,5.8,0.0,East
2016-09-25,CA-2016-123722,Avery 499,Office Supplies,4.0,3.98,20.0,Central
2014-05-04,CA-2014-155271,DAX Wood Document Frame,Furniture,2.0,13.73,0.0,East
2015-12-01,CA-2015-119907,Wilson Jones Heavy-Duty Casebound Ring Binders with Metal Hinges,Office Supplies,2.0,27.71,20.0,West
2016-03-11,US-2016-128902,Chromcraft Round Conference Tables,Furniture,2.0,122.0,30.0,East
2016-08-26,CA-2016-152289,Logitech G700s Rechargeable Gaming Mouse,Technology,2.0,79.99,20.0,Central
2016-08-26,CA-2016-152289,Hon Deluxe Fabric Upholstered Stacking Chairs,Furniture,6.0,170.79,30.0,Central
2016-12-16,US-2016-104794,Stockwell Gold Paper Clips,Office Supplies,2.0,1.84,0.0,East
2014-08-08,CA-2014-151708,"Eldon Delta Triangular Chair Mat, 52"" x 58"", Clear",Furniture,4.0,30.34,20.0,West
2014-08-08,CA-2014-151708,SanDisk Ultra 64 GB MicroSDHC Class 10 Memory Card,Technology,3.0,31.99,20.0,West
2015-05-16,CA-2015-100769,Razer Kraken PRO Over Ear PC and Music Headset,Technology,4.0,63.99,20.0,South
2017-12-09,CA-2017-139199,Global Executive Mid-Back Manager's Chair,Furniture,3.0,290.98,0.0,Central
2017-12-09,CA-2017-139199,Wilson Jones Century Plastic Molded Ring Binders,Office Supplies,2.0,20.77,0.0,Central
2017-12-09,CA-2017-139199,Xerox 1946,Office Supplies,2.0,6.48,0.0,Central
2015-09-24,US-2015-161466,Newell 320,Office Supplies,2.0,3.42,20.0,East
2017-07-11,CA-2017-164959,Avery 482,Office Supplies,3.0,2.89,0.0,West
2015-12-01,US-2015-105676,"Eldon Image Series Desk Accessories, Burgundy",Furniture,4.0,1.67,60.0,Central
2016-11-19,CA-2016-113138,Newell 340,Office Supplies,6.0,2.88,0.0,East
2016-11-19,CA-2016-113138,GBC Plastic Binding Combs,Office Supplies,3.0,5.9,20.0,East
2017-03-19,US-2017-104955,Avery 506,Office Supplies,7.0,4.13,0.0,East
2016-11-13,CA-2016-121958,Acme Forged Steel Scissors with Black Enamel Handles,Office Supplies,7.0,7.45,20.0,South
2017-11-19,CA-2017-121468,Square Credit Card Reader,Technology,4.0,7.99,20.0,West
2016-12-02,US-2016-108455,Xerox 192,Office Supplies,4.0,6.48,0.0,West
2016-12-02,US-2016-108455,HP Office Recycled Paper (20Lb. and 87 Bright),Office Supplies,7.0,5.78,0.0,West
2016-12-02,US-2016-108455,X-Rack File for Hanging Folders,Office Supplies,3.0,11.29,0.0,West
2017-08-25,CA-2017-101210,Zebra Zazzle Fluorescent Highlighters,Office Supplies,2.0,4.86,20.0,South
2017-08-25,CA-2017-101210,Xerox 199,Office Supplies,1.0,3.42,20.0,South
2016-10-14,US-2016-108098,WD My Passport Ultra 500GB Portable External Hard Drive,Technology,3.0,59.0,0.0,West
2014-11-27,CA-2014-119032,Staples,Office Supplies,2.0,1.88,0.0,East
2015-11-03,CA-2015-140410,Cisco IP Phone 7961G-GE VoIP phone,Technology,7.0,173.26,20.0,West
2015-11-03,CA-2015-140410,Logitech Trackman Marble Mouse,Technology,3.0,29.99,0.0,West
2015-11-03,CA-2015-140410,Coloredge Poster Frame,Furniture,3.0,14.2,0.0,West
2014-11-29,CA-2014-136280,Avery 488,Office Supplies,2.0,2.52,20.0,East
2017-04-30,CA-2017-151911,"#10-4 1/8"" x 9 1/2"" Premium Diagonal Seam Envelopes",Office Supplies,4.0,15.74,0.0,East
2017-11-24,CA-2017-166436,"Adams Telephone Message Book W/Dividers/Space For Phone Numbers, 5 1/4""X8 1/2"", 300/Messages",Office Supplies,1.0,5.88,0.0,East
2017-11-24,CA-2017-166436,Global Ergonomic Managers Chair,Furniture,6.0,162.88,10.0,East
2017-10-30,CA-2017-139661,Magna Visual Magnetic Picture Hangers,Furniture,2.0,4.82,0.0,West
2014-12-17,CA-2014-123925,Stanley Contemporary Battery Pencil Sharpeners,Office Supplies,3.0,13.35,0.0,South
2017-09-04,CA-2017-152485,"Crayola Anti Dust Chalk, 12/Pack",Office Supplies,7.0,1.46,20.0,Central
2017-09-04,CA-2017-152485,Acco Perma 3000 Stacking Storage Drawers,Office Supplies,1.0,16.78,20.0,Central
2017-09-04,CA-2017-152485,"Sanford Colorific Eraseable Coloring Pencils, 12 Count",Office Supplies,5.0,2.62,20.0,Central
2016-10-17,CA-2016-141586,"Avery Durable Plastic 1"" Binders",Office Supplies,5.0,3.63,20.0,West
2017-11-12,CA-2017-130386,"Wirebound Message Books, 5-1/2 x 4 Forms, 2 or 4 Forms per Page",Office Supplies,3.0,5.35,20.0,Central
2017-11-12,CA-2017-130386,Xerox 197,Office Supplies,9.0,24.78,20.0,Central
2017-11-12,CA-2017-130386,Tennsco Double-Tier Lockers,Office Supplies,3.0,180.02,20.0,Central
2016-11-24,CA-2016-100468,"iKross Bluetooth Portable Keyboard + Cell Phone Stand Holder + Brush for Apple iPhone 5S 5C 5, 4S 4",Technology,2.0,16.76,20.0,West
2016-11-24,CA-2016-100468,"DAX Value U-Channel Document Frames, Easel Back",Furniture,2.0,4.97,0.0,West
2015-08-01,CA-2015-153388,Prang Dustless Chalk Sticks,Office Supplies,4.0,1.68,0.0,West
2015-08-01,CA-2015-153388,Hon 2111 Invitation Series Corner Table,Furniture,6.0,167.5,20.0,West
2017-12-24,CA-2017-154935,"Acco Four Pocket Poly Ring Binder with Label Holder, Smoke, 1""",Office Supplies,3.0,5.96,20.0,East
2016-09-17,CA-2016-134208,Lexmark X 9575 Professional All-in-One Color Printer,Technology,4.0,99.0,0.0,South
2017-12-10,CA-2017-108294,Ibico Covers for Plastic or Wire Binding Elements,Office Supplies,3.0,11.5,0.0,Central
2017-09-12,CA-2017-103611,"Eldon Image Series Desk Accessories, Burgundy",Furniture,2.0,4.18,0.0,West
2017-06-24,CA-2017-100384,Boston Heavy-Duty Trimline Electric Pencil Sharpeners,Office Supplies,8.0,48.2,0.0,West
2017-06-24,CA-2017-100384,4009 Highlighters by Sanford,Office Supplies,9.0,3.98,0.0,West
2017-08-18,CA-2017-112809,Safco Steel Mobile File Cart,Office Supplies,3.0,66.69,20.0,Central
2017-08-18,CA-2017-112809,Acco D-Ring Binder w/DublLock,Office Supplies,5.0,4.28,80.0,Central
2017-08-18,CA-2017-112809,Ibico Plastic and Wire Spiral Binding Combs,Office Supplies,4.0,1.69,80.0,Central
2017-12-11,US-2017-160759,"Leather Task Chair, Black",Furniture,1.0,63.69,30.0,East
2017-12-10,CA-2017-148446,Bretford “Just In Time” Height-Adjustable Multi-Task Work Tables,Furniture,4.0,417.4,0.0,West
2014-02-03,CA-2014-111059,Ibico Laser Imprintable Binding System Covers,Office Supplies,2.0,41.92,20.0,West
2014-02-03,CA-2014-111059,Avery Durable Poly Binders,Office Supplies,3.0,4.42,20.0,West
2017-02-11,CA-2017-116204,"Acco Pressboard Covers with Storage Hooks, 14 7/8"" x 11"", Dark Blue",Office Supplies,7.0,3.05,20.0,West
2017-04-16,CA-2017-109946,Newell 325,Office Supplies,5.0,3.3,20.0,Central
2015-12-06,CA-2015-144806,"Howard Miller 13"" Diameter Pewter Finish Round Wall Clock",Furniture,6.0,34.35,20.0,West
2015-12-06,CA-2015-144806,Xerox 1970,Office Supplies,5.0,3.98,20.0,West
2015-12-06,CA-2015-144806,Xerox 1960,Office Supplies,8.0,24.78,20.0,West
2015-12-06,CA-2015-144806,"Belkin 19"" Vented Equipment Shelf, Black",Office Supplies,6.0,41.18,20.0,West
2015-12-06,CA-2015-144806,"BOSTON Model 1800 Electric Pencil Sharpeners, Putty/Woodgrain",Office Supplies,6.0,14.38,20.0,West
2016-07-22,CA-2016-122392,12 Colored Short Pencils,Office Supplies,2.0,2.08,20.0,East
2016-07-22,CA-2016-122392,"Master Caster Door Stop, Large Neon Orange",Furniture,2.0,5.82,20.0,East
2015-11-07,CA-2015-148432,Rubber Band Ball,Office Supplies,7.0,3.74,0.0,East
2015-11-07,CA-2015-148432,Loose Memo Sheets,Office Supplies,2.0,3.65,0.0,East
2015-03-26,CA-2015-103793,Xerox 1988,Office Supplies,3.0,24.78,20.0,South
2017-08-31,CA-2017-159884,"Neat Ideas Personal Hanging Folder Files, Black",Office Supplies,1.0,10.74,20.0,West
2017-08-31,CA-2017-159884,OIC Bulk Pack Metal Binder Clips,Office Supplies,3.0,2.79,20.0,West
2016-12-04,CA-2016-139885,Belkin OmniView SE Rackmount Kit,Office Supplies,6.0,35.48,0.0,East
2017-02-10,CA-2017-124086,"Bush Andora Bookcase, Maple/Graphite Gray Finish",Furniture,2.0,101.99,15.0,West
2016-10-29,CA-2016-112389,"Rogers Jumbo File, Granite",Office Supplies,3.0,13.58,0.0,East
2016-10-29,CA-2016-112389,"Commercial WindTunnel Clean Air Upright Vacuum, Replacement Belts, Filtration Bags",Office Supplies,3.0,3.89,0.0,East
2017-09-15,CA-2017-121888,GE DSL Phone Line Filter,Technology,1.0,39.99,0.0,East
2017-09-15,CA-2017-121888,"Avery Hi-Liter EverBold Pen Style Fluorescent Highlighters, 4/Pack",Office Supplies,2.0,8.14,0.0,East
2017-09-15,CA-2017-121888,"Atlantic Metals Mobile 3-Shelf Bookcases, Custom Colors",Furniture,3.0,260.98,0.0,East
2017-09-15,CA-2017-121888,Wilson Jones Heavy-Duty Casebound Ring Binders with Metal Hinges,Office Supplies,7.0,34.64,0.0,East
2014-03-11,CA-2014-166884,Eldon Wave Desk Accessories,Furniture,5.0,1.66,20.0,East
2014-03-11,CA-2014-166884,Stockwell Push Pins,Office Supplies,6.0,1.74,20.0,East
2014-02-04,CA-2014-107181,GBC Recycled Grain Textured Covers,Office Supplies,3.0,27.63,20.0,West
2014-02-04,CA-2014-107181,"Message Book, Standard Line ""While You Were Out"", 5 1/2"" X 4"", 200 Sets/Book",Office Supplies,4.0,8.56,0.0,West
2014-12-31,CA-2014-150245,"Atlantic Metals Mobile 4-Shelf Bookcases, Custom Colors",Furniture,7.0,224.78,20.0,East
2015-11-23,CA-2015-111395,Xerox 1915,Office Supplies,4.0,83.88,20.0,Central
2015-11-23,CA-2015-111395,GBC Recycled Regency Composition Covers,Office Supplies,2.0,11.96,80.0,Central
2015-11-23,CA-2015-111395,"Tenex Personal Self-Stacking Standard File Box, Black/Gray",Office Supplies,2.0,13.53,20.0,Central
2014-07-06,CA-2014-134278,Canon Imageclass D680 Copier / Fax,Technology,1.0,559.99,20.0,East
2017-11-13,US-2017-124926,Hoover Commercial Soft Guard Upright Vacuum And Disposable Filtration Bags,Office Supplies,6.0,1.55,80.0,Central
2016-06-17,CA-2016-159345,Xerox 1934,Office Supplies,2.0,55.98,0.0,West
2014-05-03,CA-2014-130274,Avery 481,Office Supplies,7.0,3.08,0.0,Central
2017-10-16,CA-2017-158386,Large Capacity Hanging Post Binders,Office Supplies,5.0,24.95,0.0,South
2015-02-06,CA-2015-111507,Newell 310,Office Supplies,3.0,1.76,0.0,West
2017-09-04,CA-2017-120761,"Verbatim 25 GB 6x Blu-ray Single Layer Recordable Disc, 25/Pack",Technology,4.0,22.99,0.0,East
2016-05-09,CA-2016-109176,Staple envelope,Office Supplies,1.0,9.34,20.0,East
2016-05-09,CA-2016-109176,Newell 319,Office Supplies,5.0,15.87,20.0,East
2015-03-16,CA-2015-112116,KI Adjustable-Height Table,Furniture,2.0,85.98,0.0,West
2016-04-09,CA-2016-126809,"Acco Pressboard Covers with Storage Hooks, 14 7/8"" x 11"", Light Blue",Office Supplies,9.0,3.93,20.0,West
2014-04-04,CA-2014-105172,Avery 518,Office Supplies,6.0,3.15,0.0,West
2017-09-05,CA-2017-107293,Newell 333,Office Supplies,1.0,2.78,0.0,West
2017-06-30,US-2017-102890,Bretford CR4500 Series Slim Rectangular Table,Furniture,5.0,208.93,40.0,East
2015-11-09,CA-2015-158554,"While You Were Out Pads, 50 per Pad, 4 x 5 1/4, Green Cycle",Office Supplies,3.0,3.78,20.0,East
2014-03-04,CA-2014-116239,Sensible Storage WireTech Storage Systems,Office Supplies,5.0,70.98,0.0,South
2015-03-19,CA-2015-132101,Wireless Extenders zBoost YX545 SOHO Signal Booster,Technology,3.0,151.19,20.0,West
2015-11-29,CA-2015-129112,Kingston Digital DataTraveler 16GB USB 2.0,Technology,3.0,7.16,20.0,Central
2015-11-29,CA-2015-129112,GBC Imprintable Covers,Office Supplies,4.0,2.2,80.0,Central
2017-06-11,US-2017-152002,"White Dual Perf Computer Printout Paper, 2700 Sheets, 1 Part, Heavyweight, 20 lbs., 14 7/8 x 11",Office Supplies,3.0,40.99,0.0,West
2017-11-26,CA-2017-165029,Newell 347,Office Supplies,3.0,4.28,0.0,South
2014-11-23,US-2014-157385,Novimex Swivel Fabric Task Chair,Furniture,5.0,120.78,20.0,West
2014-11-23,US-2014-157385,Pastel Pink Envelopes,Office Supplies,3.0,7.28,0.0,West
2014-11-23,US-2014-157385,Belkin F8E887 USB Wired Ergonomic Keyboard,Technology,1.0,29.99,0.0,West
2014-11-23,US-2014-157385,Safco Contoured Stacking Chairs,Furniture,2.0,190.72,20.0,West
2014-12-15,CA-2014-101602,ARKON Windshield Dashboard Air Vent Car Mount Holder,Technology,3.0,13.56,20.0,Central
2014-12-15,CA-2014-101602,"Lifetime Advantage Folding Chairs, 4/Carton",Furniture,5.0,152.66,30.0,Central
2016-04-22,CA-2016-109057,Pizazz Global Quick File,Office Supplies,2.0,11.98,20.0,Central
2016-05-23,CA-2016-154403,Xerox 1949,Office Supplies,1.0,4.98,0.0,South
2016-02-27,CA-2016-102456,"Conquest 14 Commercial Heavy-Duty Upright Vacuum, Collection System, Accessory Kit",Office Supplies,3.0,56.96,0.0,East
2015-08-09,CA-2015-131338,Nortel Meridian M3904 Professional Digital phone,Technology,2.0,153.99,0.0,East
2015-08-09,CA-2015-131338,KI Conference Tables,Furniture,9.0,42.53,40.0,East
2015-08-09,CA-2015-131338,"Tennsco Lockers, Gray",Office Supplies,2.0,20.98,0.0,East
2015-08-09,CA-2015-131338,GBC Ibimaster 500 Manual ProClick Binding System,Office Supplies,2.0,608.78,20.0,East
2015-08-09,CA-2015-131338,Artistic Insta-Plaque,Furniture,3.0,15.68,0.0,East
2015-08-09,CA-2015-131338,Longer-Life Soft White Bulbs,Furniture,2.0,3.08,0.0,East
2015-08-09,CA-2015-131338,Panasonic KX-TG9471B,Technology,5.0,195.99,0.0,East
2015-08-09,CA-2015-131338,Xerox 1886,Office Supplies,3.0,47.9,0.0,East
2015-08-09,CA-2015-131338,"Acco Clips to Go Binder Clips, 24 Clips in Two Sizes",Office Supplies,3.0,3.55,0.0,East
2015-08-09,CA-2015-131338,Belkin QODE FastFit Bluetooth Keyboard,Technology,4.0,61.95,0.0,East
2016-05-12,CA-2016-109911,Rogers Handheld Barrel Pencil Sharpener,Office Supplies,4.0,2.74,0.0,South
2016-04-15,US-2016-132423,"Dixon Ticonderoga Erasable Colored Pencil Set, 12-Color",Office Supplies,7.0,4.78,20.0,Central
2016-04-15,US-2016-132423,Ideal Clamps,Office Supplies,5.0,1.61,20.0,Central
2015-06-23,CA-2015-122826,Pyle PRT45 Retro Home Telephone,Technology,4.0,50.39,20.0,West
2014-10-19,CA-2014-117317,Spiral Phone Message Books with Labels by Adams,Office Supplies,3.0,4.48,0.0,West
2015-03-24,CA-2015-118423,Sauder Inglewood Library Bookcases,Furniture,3.0,119.69,30.0,Central
2017-05-08,CA-2017-149181,Global Chrome Stack Chair,Furniture,2.0,24.0,30.0,East
2017-10-16,CA-2017-132234,Executive Impressions Supervisor Wall Clock,Furniture,13.0,42.1,0.0,East
2017-11-19,CA-2017-158876,Xerox 1901,Office Supplies,4.0,4.22,20.0,Central
2017-11-19,CA-2017-158876,Acme Elite Stainless Steel Scissors,Office Supplies,1.0,6.67,20.0,Central
2017-11-19,CA-2017-158876,"Boston School Pro Electric Pencil Sharpener, 1670",Office Supplies,4.0,24.78,20.0,Central
2017-11-19,CA-2017-158876,Telescoping Adjustable Floor Lamp,Furniture,2.0,8.0,60.0,Central
2016-05-08,CA-2016-164672,"Tenex 46"" x 60"" Computer Anti-Static Chairmat, Rectangular Shaped",Furniture,2.0,105.98,0.0,East
2016-12-11,US-2016-132857,Prang Drawing Pencil Set,Office Supplies,3.0,2.22,20.0,South
2017-11-30,CA-2017-116645,"BOSTON Ranger #55 Pencil Sharpener, Black",Office Supplies,6.0,25.99,0.0,East
2016-04-19,US-2016-115819,PowerGen Dual USB Car Charger,Technology,5.0,7.99,20.0,West
2016-04-19,US-2016-115819,Newell 307,Office Supplies,3.0,1.82,0.0,West
2016-04-19,US-2016-115819,Panasonic KP-4ABK Battery-Operated Pencil Sharpener,Office Supplies,5.0,14.64,0.0,West
2016-04-19,US-2016-115819,"Angle-D Binders with Locking Rings, Label Holders",Office Supplies,1.0,5.84,20.0,West
2016-04-19,US-2016-115819,"Adams Telephone Message Book W/Dividers/Space For Phone Numbers, 5 1/4""X8 1/2"", 200/Messages",Office Supplies,4.0,5.68,0.0,West
2016-04-19,US-2016-115819,Avery Binder Labels,Office Supplies,3.0,3.11,20.0,West
2014-05-26,CA-2014-156349,Sauder Inglewood Library Bookcases,Furniture,2.0,145.33,15.0,West
2014-05-26,CA-2014-156349,VTech DS6151,Technology,2.0,100.79,20.0,West
2014-05-26,CA-2014-156349,netTALK DUO VoIP Telephone Service,Technology,2.0,41.99,20.0,West
2017-12-21,CA-2017-138380,Letter Size Cart,Office Supplies,7.0,142.86,0.0,West
2016-03-15,US-2016-113509,V7 USB Numeric Keypad,Technology,3.0,27.99,20.0,East
2015-08-10,CA-2015-130022,Avery 480,Office Supplies,1.0,3.75,0.0,Central
2015-08-10,CA-2015-130022,Avery 489,Office Supplies,4.0,10.35,0.0,Central
2015-08-10,CA-2015-130022,Peel-Off China Markers,Office Supplies,3.0,9.93,0.0,Central
2016-09-10,US-2016-118780,Acco Perma 2700 Stacking Storage Drawers,Office Supplies,2.0,29.74,0.0,East
2016-09-10,US-2016-118780,"Wirebound Message Books, Four 2 3/4 x 5 White Forms per Page",Office Supplies,1.0,6.69,0.0,East
2017-07-08,CA-2017-108560,"GE 48"" Fluorescent Tube, Cool White Energy Saver, 34 Watts, 30/Box",Furniture,2.0,99.23,0.0,West
2017-07-08,CA-2017-108560,"Dot Matrix Printer Tape Reel Labels, White, 5000/Box",Office Supplies,8.0,98.31,0.0,West
2017-07-08,CA-2017-108560,"GBC White Gloss Covers, Plain Front",Office Supplies,2.0,11.58,20.0,West
2017-07-08,CA-2017-108560,Micro Innovations USB RF Wireless Keyboard with Mouse,Technology,2.0,25.0,0.0,West
2015-12-19,CA-2015-157084,ShoreTel ShorePhone IP 230 VoIP phone,Technology,5.0,135.19,20.0,West
2015-12-19,CA-2015-157084,Plantronics Savi W720 Multi-Device Wireless Headset System,Technology,3.0,421.95,0.0,West
2015-11-16,CA-2015-164539,"Eureka The Boss Plus 12-Amp Hard Box Upright Vacuum, Red",Office Supplies,5.0,104.65,0.0,East
2015-09-24,CA-2015-143119,Harbour Creations Steel Folding Chair,Furniture,6.0,86.25,0.0,South
2017-06-21,CA-2017-101049,"Stacking Tray, Side-Loading, Legal, Smoke",Furniture,5.0,3.58,20.0,East
2017-06-21,CA-2017-101049,Deluxe Heavy-Duty Vinyl Round Ring Binder,Office Supplies,6.0,6.88,70.0,East
2016-05-08,CA-2016-106530,Smead Adjustable Mobile File Trolley with Lockable Top,Office Supplies,3.0,335.35,20.0,East
2016-05-08,CA-2016-106530,Xerox 1898,Office Supplies,2.0,5.34,20.0,East
2016-05-08,CA-2016-106530,Xerox 222,Office Supplies,2.0,5.18,20.0,East
2016-05-08,CA-2016-106530,Hanging Personal Folder File,Office Supplies,2.0,12.56,20.0,East
2016-05-08,CA-2016-106530,SanDisk Cruzer 64 GB USB Flash Drive,Technology,2.0,29.06,20.0,East
2014-11-26,CA-2014-168984,Xerox 2,Office Supplies,3.0,5.18,20.0,West
2014-11-26,CA-2014-168984,Office Impressions Heavy Duty Welded Shelving & Multimedia Storage Drawers,Office Supplies,5.0,133.82,20.0,West
2014-11-26,CA-2014-168984,Jawbone MINI JAMBOX Wireless Bluetooth Speaker,Technology,4.0,109.58,20.0,West
2016-05-26,CA-2016-157266,Weyerhaeuser First Choice Laser/Copy Paper (20Lb. and 88 Bright),Office Supplies,3.0,6.48,0.0,East
2016-05-26,CA-2016-157266,Wilson Jones Turn Tabs Binder Tool for Ring Binders,Office Supplies,2.0,4.82,0.0,East
2016-05-26,CA-2016-157266,"Telephone Message Books with Fax/Mobile Section, 5 1/2"" x 3 3/16""",Office Supplies,2.0,6.35,0.0,East
2016-05-26,CA-2016-157266,9-3/4 Diameter Round Wall Clock,Furniture,3.0,13.79,0.0,East
2014-11-29,US-2014-134712,Staples,Office Supplies,2.0,6.31,20.0,Central
2015-03-19,CA-2015-111829,Deluxe Rollaway Locking File with Drawer,Office Supplies,3.0,415.88,0.0,West
2015-03-19,CA-2015-111829,Canon PC940 Copier,Technology,7.0,449.99,0.0,West
2015-03-19,CA-2015-111829,Multicolor Computer Printout Paper,Office Supplies,2.0,104.85,0.0,West
2015-11-01,CA-2015-105221,SanDisk Ultra 32 GB MicroSDHC Class 10 Memory Card,Technology,2.0,17.68,20.0,East
2015-11-01,CA-2015-105221,"Brites Rubber Bands, 1 1/2 oz. Box",Office Supplies,2.0,1.58,20.0,East
2015-09-26,CA-2015-120341,Catalog Binders with Expanding Posts,Office Supplies,6.0,20.18,70.0,East
2015-09-26,CA-2015-120341,Grandstream GXP2100 Mainstream Business Phone,Technology,1.0,45.89,40.0,East
2014-08-29,CA-2014-135699,Xerox 1940,Office Supplies,2.0,54.96,0.0,West
2014-08-29,CA-2014-135699,Xerox 1986,Office Supplies,2.0,6.68,0.0,West
2017-11-18,US-2017-132444,Eldon Portable Mobile Manager,Office Supplies,6.0,28.28,0.0,West
2017-11-18,US-2017-132444,Imation 16GB Mini TravelDrive USB 2.0 Flash Drive,Technology,4.0,33.13,0.0,West
2017-11-18,US-2017-132444,Binder Clips by OIC,Office Supplies,2.0,1.48,0.0,West
2017-11-18,US-2017-132444,"Wilson Jones 1"" Hanging DublLock Ring Binders",Office Supplies,2.0,4.22,20.0,West
2017-11-18,US-2017-132444,Fellowes Bankers Box Stor/Drawer Steel Plus,Office Supplies,3.0,31.98,0.0,West
2014-05-12,CA-2014-127159,"DAX Value U-Channel Document Frames, Easel Back",Furniture,7.0,4.97,0.0,Central
2017-01-20,CA-2017-161809,RCA Visys Integrated PBX 8-Line Router,Technology,3.0,53.59,20.0,West
2017-10-30,CA-2017-127285,"GBC Velobind Prepunched Cover Sets, Regency Series",Office Supplies,3.0,29.58,20.0,West
2017-10-30,CA-2017-127285,Cardinal Slant-D Ring Binders,Office Supplies,2.0,6.95,20.0,West
2017-04-30,CA-2017-144526,Polycom SoundPoint IP 450 VoIP phone,Technology,5.0,135.52,40.0,East
2017-04-30,CA-2017-144526,GBC VeloBind Cover Sets,Office Supplies,3.0,4.63,70.0,East
2016-11-24,CA-2016-128531,Sterilite Officeware Hinged File Box,Office Supplies,5.0,8.38,20.0,Central
2016-11-24,CA-2016-128531,Logitech G19 Programmable Gaming Keyboard,Technology,3.0,99.19,20.0,Central
2016-11-24,CA-2016-128531,Colored Push Pins,Office Supplies,3.0,1.45,20.0,Central
2016-11-24,CA-2016-128531,Logitech G105 Gaming Keyboard,Technology,2.0,47.5,20.0,Central
2016-11-24,CA-2016-128531,Xerox 1925,Office Supplies,3.0,24.78,20.0,Central
2016-11-24,CA-2016-128531,"Dixon My First Ticonderoga Pencil, #2",Office Supplies,3.0,4.68,20.0,Central
2015-01-10,US-2015-157154,Bush Advantage Collection Racetrack Conference Table,Furniture,4.0,254.53,40.0,East
2017-10-19,CA-2017-159457,QVS USB Car Charger 2-Port 2.1Amp for iPod/iPhone/iPad/iPad 2/iPad 3,Technology,3.0,5.56,20.0,Central
2016-03-22,CA-2016-107615,Logitech ClearChat Comfort/USB Headset H390,Technology,2.0,29.29,0.0,West
2017-07-03,CA-2017-111647,netTALK DUO VoIP Telephone Service,Technology,4.0,41.99,20.0,Central
2015-12-11,CA-2015-150560,"Dot Matrix Printer Tape Reel Labels, White, 5000/Box",Office Supplies,2.0,98.31,0.0,South
2015-09-17,CA-2015-143077,Howard Miller Distant Time Traveler Alarm Clock,Furniture,2.0,10.97,60.0,Central
2015-09-17,CA-2015-143077,GBC Imprintable Covers,Office Supplies,3.0,2.2,80.0,Central
2016-05-18,CA-2016-122728,Home/Office Personal File Carts,Office Supplies,3.0,34.76,0.0,West
2016-05-18,CA-2016-122728,Universal Premium White Copier/Laser Paper (20Lb. and 87 Bright),Office Supplies,3.0,5.98,0.0,West
2014-09-07,CA-2014-122882,"Carina 42""Hx23 3/4""W Media Storage Unit",Office Supplies,1.0,64.78,20.0,East
2014-09-07,CA-2014-122882,invisibleSHIELD by ZAGG Smudge-Free Screen Protector,Technology,3.0,10.79,40.0,East
2014-09-07,CA-2014-122882,DAX Natural Wood-Tone Poster Frame,Furniture,2.0,21.18,20.0,East
2014-09-07,CA-2014-122882,StarTech.com 10/100 VDSL2 Ethernet Extender Kit,Technology,4.0,99.88,70.0,East
2016-09-29,US-2016-101497,Xerox 1887,Office Supplies,1.0,18.97,0.0,West
2016-11-07,CA-2016-147585,"C-Line Magnetic Cubicle Keepers, Clear Polypropylene",Furniture,3.0,4.94,0.0,West
2017-04-24,CA-2017-149489,"Acco Smartsocket Table Surge Protector, 6 Color-Coded Adapter Outlets",Office Supplies,2.0,49.64,20.0,East
2017-04-24,CA-2017-149489,Avery Reinforcements for Hole-Punch Pages,Office Supplies,2.0,0.59,70.0,East
2017-04-24,CA-2017-149489,GBC ProClick Spines for 32-Hole Punch,Office Supplies,2.0,3.76,70.0,East
2017-12-10,CA-2017-143798,Xerox 210,Office Supplies,2.0,5.18,20.0,East
2017-12-10,CA-2017-143798,Electrix Halogen Magnifier Lamp,Furniture,2.0,155.44,20.0,East
2014-08-16,CA-2014-142839,Chromcraft Rectangular Conference Tables,Furniture,6.0,142.18,40.0,East
2017-12-09,CA-2017-129833,"Wirebound Message Books, Four 2 3/4 x 5 White Forms per Page",Office Supplies,5.0,6.69,0.0,Central
2017-12-09,CA-2017-129833,Economy Binders,Office Supplies,5.0,2.08,0.0,Central
2016-03-14,US-2016-154361,Advantus Panel Wall Acrylic Frame,Furniture,5.0,4.38,20.0,East
2016-06-26,US-2016-158708,Memorex Mini Travel Drive 4 GB USB 2.0 Flash Drive,Technology,2.0,6.81,20.0,Central
2015-09-25,CA-2015-156335,Memorex Micro Travel Drive 16 GB,Technology,4.0,15.99,0.0,East
2015-09-25,CA-2015-156335,Tuff Stuff Recycled Round Ring Binders,Office Supplies,3.0,4.82,0.0,East
2015-09-25,CA-2015-156335,netTALK DUO VoIP Telephone Service,Technology,2.0,52.49,0.0,East
2015-12-27,CA-2015-148376,Belkin F9G930V10-GRY 9 Outlet Surge,Office Supplies,2.0,53.48,0.0,West
2015-12-27,CA-2015-148376,Avery 497,Office Supplies,7.0,3.08,0.0,West
2014-06-03,CA-2014-135657,KI Adjustable-Height Table,Furniture,6.0,85.98,0.0,West
2015-07-13,CA-2015-114069,GBC Plastic Binding Combs,Office Supplies,2.0,5.9,20.0,East
2015-07-13,CA-2015-114069,Safco Contoured Stacking Chairs,Furniture,9.0,214.56,10.0,East
2015-07-13,CA-2015-114069,Easy-staple paper,Office Supplies,2.0,4.98,0.0,East
2014-02-02,CA-2014-139857,Staples,Office Supplies,5.0,2.47,0.0,West
2016-03-08,CA-2016-106306,"GBC Standard Recycled Report Covers, Clear Plastic Sheets",Office Supplies,3.0,3.23,70.0,West
2015-11-22,CA-2015-100545,GBC Durable Plastic Covers,Office Supplies,2.0,5.81,70.0,East
2017-10-30,CA-2017-123491,Avery 500,Office Supplies,6.0,7.31,0.0,West
2017-10-30,CA-2017-123491,Geemarc AmpliPOWER60,Technology,2.0,74.24,20.0,West
2017-10-30,CA-2017-123491,"""While you Were Out"" Message Book, One Form per Page",Office Supplies,2.0,3.71,0.0,West
2017-10-30,CA-2017-123491,"Global Leather Task Chair, Black",Furniture,1.0,71.99,20.0,West
2017-10-30,CA-2017-123491,4009 Highlighters by Sanford,Office Supplies,5.0,3.98,0.0,West
2017-10-30,CA-2017-123491,"Acco 7-Outlet Masterpiece Power Center, Wihtout Fax/Phone Line Protection",Office Supplies,14.0,121.58,0.0,West
2015-01-30,CA-2015-145401,Rediform Voice Mail Log Books,Office Supplies,6.0,2.38,20.0,Central
2017-09-08,US-2017-124968,BoxOffice By Design Rectangular and Half-Moon Meeting Room Tables,Furniture,7.0,109.38,50.0,Central
2017-10-07,CA-2017-104003,O'Sullivan Manor Hill 2-Door Library in Brianna Oak,Furniture,2.0,153.83,15.0,West
2016-04-30,CA-2016-154788,Tuff Stuff Recycled Round Ring Binders,Office Supplies,2.0,3.86,20.0,East
2016-05-19,CA-2016-169943,Belkin Premiere Surge Master II 8-outlet surge protector,Office Supplies,5.0,48.58,0.0,East
2016-05-19,CA-2016-169943,Safco Industrial Wire Shelving System,Office Supplies,5.0,90.98,0.0,East
2016-05-19,CA-2016-169943,Nu-Dell Float Frame 11 x 14 1/2,Furniture,4.0,8.98,0.0,East
2016-05-19,CA-2016-169943,"DAX Value U-Channel Document Frames, Easel Back",Furniture,8.0,4.97,0.0,East
2016-05-19,CA-2016-169943,Recycled Easel Ring Binders,Office Supplies,4.0,11.94,20.0,East
2015-12-20,US-2015-123218,Apple iPhone 5C,Technology,2.0,79.99,20.0,Central
2015-12-20,US-2015-123218,Logitech G600 MMO Gaming Mouse,Technology,4.0,63.99,20.0,Central
2015-12-20,US-2015-123218,"Sauder Facets Collection Library, Sky Alder Finish",Furniture,3.0,119.69,30.0,Central
2015-12-19,CA-2015-127453,Avanti 4.4 Cu. Ft. Refrigerator,Office Supplies,3.0,144.78,20.0,East
2015-12-19,CA-2015-127453,Hoover Replacement Belt for Commercial Guardsman Heavy-Duty Upright Vacuum,Office Supplies,2.0,1.78,20.0,East
2015-12-19,CA-2015-127453,Fellowes Advanced 8 Outlet Surge Suppressor with Phone/Fax Protection,Office Supplies,4.0,22.21,20.0,East
2017-04-29,US-2017-164056,"SAFCO PlanMaster Heigh-Adjustable Drafting Table Base, 43w x 30d x 30-37h, Black",Furniture,5.0,209.67,40.0,East
2016-02-07,CA-2016-106894,Micro Innovations USB RF Wireless Keyboard with Mouse,Technology,4.0,25.0,0.0,South
2016-02-07,CA-2016-106894,Permanent Self-Adhesive File Folder Labels for Typewriters by Universal,Office Supplies,3.0,2.61,0.0,South
2014-09-28,CA-2014-125136,White GlueTop Scratch Pads,Office Supplies,8.0,12.03,20.0,South
2014-09-28,CA-2014-125136,Xerox 195,Office Supplies,2.0,5.34,20.0,South
2016-07-10,US-2016-131149,"Fellowes Strictly Business Drawer File, Letter/Legal Size",Office Supplies,3.0,112.68,20.0,Central
2016-07-10,US-2016-131149,Boston Heavy-Duty Trimline Electric Pencil Sharpeners,Office Supplies,4.0,38.56,20.0,Central
2017-07-29,CA-2017-101483,Holmes HEPA Air Purifier,Office Supplies,2.0,17.42,20.0,South
2017-07-29,CA-2017-101483,Samsung Replacement EH64AVFWE Premium Headset,Technology,5.0,4.4,20.0,South
2017-07-29,CA-2017-101483,Newell 322,Office Supplies,3.0,1.46,20.0,South
2015-09-03,CA-2015-130204,Sterilite Officeware Hinged File Box,Office Supplies,3.0,10.48,0.0,West
2015-09-03,CA-2015-130204,Kingston Digital DataTraveler 16GB USB 2.0,Technology,2.0,8.95,0.0,West
2015-09-03,CA-2015-130204,"TRENDnet 56K USB 2.0 Phone, Internet and Fax Modem",Technology,5.0,25.89,0.0,West
2014-08-09,CA-2014-110527,Avery 494,Office Supplies,8.0,2.61,0.0,West
2017-10-30,CA-2017-152807,Xerox 231,Office Supplies,4.0,5.18,20.0,East
2017-10-30,CA-2017-152807,"Stacking Tray, Side-Loading, Legal, Smoke",Furniture,2.0,3.58,20.0,East
2017-10-30,CA-2017-152807,Eldon Shelf Savers Cubes and Bins,Office Supplies,2.0,5.58,20.0,East
2017-10-30,CA-2017-152807,First Data FD10 PIN Pad,Technology,7.0,63.2,20.0,East
2014-06-06,CA-2014-133270,Sanford Liquid Accent Highlighters,Office Supplies,2.0,6.68,0.0,East
2016-08-13,CA-2016-155670,Acco Translucent Poly Ring Binders,Office Supplies,8.0,1.4,70.0,South
2016-08-13,CA-2016-155670,Easy-staple paper,Office Supplies,3.0,3.42,20.0,South
2014-04-25,US-2014-157406,Xerox 1985,Office Supplies,2.0,5.18,20.0,Central
2014-04-25,US-2014-157406,12 Colored Short Pencils,Office Supplies,3.0,2.08,20.0,Central
2015-11-22,CA-2015-139094,Hon 2111 Invitation Series Straight Table,Furniture,2.0,103.48,30.0,Central
2017-10-14,CA-2017-168837,C-Line Cubicle Keepers Polyproplyene Holder With Velcro Backings,Furniture,2.0,4.73,0.0,West
2017-12-02,CA-2017-116715,"Fellowes Mobile File Cart, Black",Office Supplies,9.0,62.18,0.0,West
2017-12-02,CA-2017-116715,Xerox 1940,Office Supplies,2.0,54.96,0.0,West
2017-12-02,CA-2017-116715,Xerox 1962,Office Supplies,2.0,4.28,0.0,West
2015-12-08,CA-2015-135622,Xerox 1945,Office Supplies,11.0,32.79,20.0,Central
2015-12-08,CA-2015-135622,Wilson Electronics DB Pro Signal Booster,Technology,6.0,286.4,20.0,Central
2015-07-13,US-2015-107349,Wilson Jones Heavy-Duty Casebound Ring Binders with Metal Hinges,Office Supplies,6.0,6.93,80.0,Central
2014-05-11,CA-2014-139017,Logitech ClearChat Comfort/USB Headset H390,Technology,2.0,23.43,20.0,Central
2014-01-05,CA-2014-141817,"Avery Hi-Liter EverBold Pen Style Fluorescent Highlighters, 4/Pack",Office Supplies,3.0,6.51,20.0,East
2015-09-05,CA-2015-130785,"Sauder Camden County Barrister Bookcase, Planked Cherry Finish",Furniture,4.0,102.83,15.0,West
2015-09-05,CA-2015-130785,"DXL Angle-View Binders with Locking Rings, Black",Office Supplies,6.0,4.79,20.0,West
2015-09-05,CA-2015-130785,"Sauder Camden County Collection Libraries, Planked Cherry Finish",Furniture,3.0,97.73,15.0,West
2016-08-04,CA-2016-110254,"Acme 10"" Easy Grip Assistive Scissors",Office Supplies,2.0,17.53,0.0,South
2016-08-04,CA-2016-110254,Avery 476,Office Supplies,1.0,4.13,0.0,South
2016-08-04,CA-2016-110254,Advantus Panel Wall Certificate Holder - 8.5x11,Furniture,9.0,12.2,0.0,South
2016-08-04,CA-2016-110254,Avery 478,Office Supplies,2.0,4.91,0.0,South
2014-03-22,US-2014-158057,"C-Line Peel & Stick Add-On Filing Pockets, 8-3/4 x 5-1/8, 10/Pack",Office Supplies,4.0,1.91,70.0,South
2014-03-22,US-2014-158057,GBC Prestige Therm-A-Bind Covers,Office Supplies,5.0,10.29,70.0,South
2017-03-02,CA-2017-146024,Staple remover,Office Supplies,4.0,1.74,20.0,Central
2017-03-02,CA-2017-146024,Wilson Jones Leather-Like Binders with DublLock Round Rings,Office Supplies,7.0,1.75,80.0,Central
2016-11-27,CA-2016-129686,"SAFCO Commercial Wire Shelving, 72h",Office Supplies,2.0,48.99,20.0,Central
2016-11-27,CA-2016-129686,Memorex Micro Travel Drive 8 GB,Technology,6.0,10.4,20.0,Central
2014-04-28,CA-2014-118976,"Acco Data Flex Cable Posts For Top & Bottom Load Binders, 6"" Capacity",Office Supplies,2.0,10.43,0.0,East
2014-04-28,CA-2014-118976,Recycled Steel Personal File for Standard File Folders,Office Supplies,9.0,55.29,0.0,East
2014-04-28,CA-2014-118976,Blackstonian Pencils,Office Supplies,2.0,2.67,0.0,East
2014-04-28,CA-2014-118976,Avery 488,Office Supplies,1.0,3.15,0.0,East
2015-11-24,CA-2015-105347,Xerox 1919,Office Supplies,9.0,40.99,0.0,West
2015-11-24,CA-2015-105347,Prang Colored Pencils,Office Supplies,5.0,2.94,0.0,West
2016-11-11,CA-2016-124667,Micropad Numeric Keypads,Technology,3.0,19.99,0.0,East
2016-11-11,CA-2016-124667,Safco Steel Mobile File Cart,Office Supplies,1.0,83.36,0.0,East
2015-07-09,CA-2015-111094,Tops Wirebound Message Log Books,Office Supplies,2.0,3.29,0.0,East
2015-07-09,CA-2015-111094,"Wilson Jones Ledger-Size, Piano-Hinge Binder, 2"", Blue",Office Supplies,3.0,40.98,0.0,East
2017-09-22,CA-2017-166317,Xerox 1940,Office Supplies,4.0,54.96,0.0,Central
2017-09-22,CA-2017-166317,Logitech Desktop MK120 Mouse and keyboard Combo,Technology,6.0,16.36,0.0,Central
2017-09-22,CA-2017-166317,ACCOHIDE Binder by Acco,Office Supplies,8.0,4.13,0.0,Central
2017-09-22,CA-2017-166317,AT&T CL82213,Technology,3.0,28.99,0.0,Central
2015-02-15,CA-2015-154326,Innergie mMini Combo Duo USB Travel Charging Kit,Technology,3.0,44.99,0.0,Central
2015-02-15,CA-2015-154326,Samsung Galaxy S III - 16GB - pebble blue (T-Mobile),Technology,2.0,349.99,0.0,Central
2015-02-15,CA-2015-154326,Maxell LTO Ultrium - 800 GB,Technology,5.0,27.99,0.0,Central
2014-09-30,CA-2014-102008,Tops Green Bar Computer Printout Paper,Office Supplies,1.0,48.94,0.0,East
2014-12-01,CA-2014-120474,Office Star - Professional Matrix Back Chair with 2-to-1 Synchro Tilt and Mesh Fabric Seat,Furniture,8.0,350.98,0.0,Central
2014-12-01,CA-2014-120474,"Hunt BOSTON Vista Battery-Operated Pencil Sharpener, Black",Office Supplies,4.0,11.66,0.0,Central
2014-12-08,CA-2014-104773,"Companion Letter/Legal File, Black",Office Supplies,2.0,30.21,20.0,Central
2016-09-05,CA-2016-140774,Panasonic KP-380BK Classic Electric Pencil Sharpener,Office Supplies,3.0,35.98,0.0,Central
2017-08-27,US-2017-139465,Iris Project Case,Office Supplies,8.0,7.98,0.0,East
2017-08-27,US-2017-139465,GE 30522EE2,Technology,3.0,115.99,0.0,East
2017-08-27,US-2017-139465,DXL Angle-View Binders with Locking Rings by Samsill,Office Supplies,6.0,6.17,20.0,East
2016-07-07,CA-2016-100965,"Howard Miller 11-1/2"" Diameter Grantwood Wall Clock",Furniture,5.0,43.13,0.0,West
2016-08-08,CA-2016-121034,OIC Bulk Pack Metal Binder Clips,Office Supplies,4.0,2.79,20.0,Central
2016-08-08,CA-2016-121034,"Ink Jet Note and Greeting Cards, 8-1/2"" x 5-1/2"" Card Size",Office Supplies,3.0,17.98,20.0,Central
2016-11-13,CA-2016-149461,"Eldon Image Series Desk Accessories, Burgundy",Furniture,1.0,4.18,0.0,West
2017-09-22,CA-2017-158379,Clear Mylar Reinforcing Strips,Office Supplies,1.0,5.61,70.0,East
2017-09-22,CA-2017-158379,Martin Yale Chadless Opener Electric Letter Opener,Office Supplies,7.0,666.25,20.0,East
2017-09-22,CA-2017-158379,Logitech Wireless Marathon Mouse M705,Technology,2.0,39.99,20.0,East
2016-12-25,US-2016-116729,Samsung Galaxy Note 2,Technology,7.0,367.99,20.0,West
2016-12-25,US-2016-116729,Xerox 225,Office Supplies,7.0,6.48,0.0,West
2016-12-25,US-2016-116729,SanDisk Cruzer 64 GB USB Flash Drive,Technology,7.0,36.32,0.0,West
2016-02-11,CA-2016-164938,Mediabridge Sport Armband iPhone 5s,Technology,7.0,9.99,0.0,Central
2016-10-23,CA-2016-165484,DAX Cubicle Frames - 8x10,Furniture,7.0,2.31,60.0,Central
2016-10-23,CA-2016-165484,Xerox 1929,Office Supplies,3.0,18.27,20.0,Central
2014-06-09,CA-2014-132612,Bevis 44 x 96 Conference Tables,Furniture,7.0,205.9,0.0,South
2017-11-20,US-2017-161193,"Floodlight Indoor Halogen Bulbs, 1 Bulb per Pack, 60 Watts",Furniture,5.0,15.52,20.0,East
2017-11-20,US-2017-161193,"GE General Purpose, Extra Long Life, Showcase & Floodlight Incandescent Bulbs",Furniture,2.0,2.33,20.0,East
2015-09-14,CA-2015-131597,KI Conference Tables,Furniture,3.0,56.71,20.0,West
2015-06-04,CA-2015-164833,Avery 501,Office Supplies,2.0,3.69,0.0,West
2015-06-04,CA-2015-164833,"Binney & Smith Crayola Metallic Colored Pencils, 8-Color Set",Office Supplies,2.0,4.63,0.0,West
2015-12-13,CA-2015-125423,Avery 513,Office Supplies,2.0,4.98,0.0,West
2014-05-25,US-2014-130379,Harmony Air Purifier,Office Supplies,2.0,37.8,80.0,Central
2014-05-25,US-2014-130379,"Electrix Incandescent Magnifying Lamp, Black",Furniture,2.0,14.66,60.0,Central
2016-02-16,CA-2016-168956,Honeywell Enviracaire Portable Air Cleaner for up to 8 x 10 Room,Office Supplies,6.0,15.34,80.0,Central
2016-02-16,CA-2016-168956,Advantus Push Pins,Office Supplies,4.0,1.74,20.0,Central
2016-02-16,CA-2016-168956,"Global Stack Chair with Arms, Black",Furniture,3.0,20.99,30.0,Central
2016-02-16,CA-2016-168956,Xerox 206,Office Supplies,1.0,5.18,20.0,Central
2016-12-22,CA-2016-167507,"Avery 3 1/2"" Diskette Storage Pages, 10/Pack",Office Supplies,10.0,3.13,70.0,West
2016-12-22,CA-2016-167507,3M Hangers With Command Adhesive,Furniture,4.0,2.96,20.0,West
2016-12-22,CA-2016-167507,"Seth Thomas 14"" Day/Date Wall Clock",Furniture,1.0,22.78,20.0,West
2016-02-08,CA-2016-109344,Samsung Galaxy S4 Mini,Technology,3.0,375.99,20.0,South
2015-07-13,US-2015-140851,Xerox 1931,Office Supplies,6.0,6.48,0.0,South
2014-05-18,CA-2014-103373,Apple iPhone 5,Technology,2.0,389.9,40.0,East
2017-10-21,CA-2017-145884,Polycom VVX 310 VoIP phone,Technology,8.0,179.99,0.0,Central
2017-10-21,CA-2017-145884,Bevis Boat-Shaped Conference Table,Furniture,1.0,262.11,0.0,Central
2015-11-05,CA-2015-131422,Harbour Creations Steel Folding Chair,Furniture,3.0,69.0,20.0,South
2017-08-01,CA-2017-162691,Bady BDG101FRU Card Printer,Technology,3.0,479.99,40.0,Central
2017-08-01,CA-2017-162691,Xerox 1998,Office Supplies,7.0,5.18,20.0,Central
2014-06-21,CA-2014-141278,Newell 341,Office Supplies,5.0,4.28,0.0,East
2017-02-19,CA-2017-122693,Kensington 7 Outlet MasterPiece Power Center,Office Supplies,7.0,177.98,0.0,South
2014-08-01,CA-2014-117345,Self-Adhesive Address Labels for Typewriters by Universal,Office Supplies,3.0,5.85,20.0,South
2014-08-01,CA-2014-117345,9-3/4 Diameter Round Wall Clock,Furniture,4.0,11.03,20.0,South
2014-08-01,CA-2014-117345,Honeywell Quietcare HEPA Air Cleaner,Office Supplies,1.0,62.92,20.0,South
2014-08-01,CA-2014-117345,Xerox 1916,Office Supplies,2.0,39.15,20.0,South
2016-07-18,CA-2016-157763,Hon Olson Stacker Stools,Furniture,1.0,140.81,0.0,South
2015-02-09,CA-2015-135391,Round Specialty Laser Printer Labels,Office Supplies,4.0,10.02,20.0,Central
2015-02-09,CA-2015-135391,"Dana Fluorescent Magnifying Lamp, White, 36""",Furniture,2.0,20.39,60.0,Central
2017-07-29,US-2017-113852,Imation 8GB Mini TravelDrive USB 2.0 Flash Drive,Technology,3.0,30.19,0.0,West
2017-01-12,US-2017-158512,Xerox 195,Office Supplies,6.0,6.68,0.0,East
2017-01-12,US-2017-158512,Flat Face Poster Frame,Furniture,2.0,18.84,0.0,East
2017-09-10,CA-2017-128370,DMI Arturo Collection Mission-style Design Wood Chair,Furniture,3.0,120.78,20.0,West
2017-09-10,CA-2017-128370,Avery Non-Stick Binders,Office Supplies,2.0,3.59,20.0,West
2015-07-20,CA-2015-160472,"Multi-Use Personal File Cart and Caster Set, Three Stacking Bins",Office Supplies,1.0,34.76,0.0,Central
2015-07-20,CA-2015-160472,Imation Bio 8GB USB Flash Drive Imation Corp,Technology,5.0,166.24,0.0,Central
2015-07-20,CA-2015-160472,Xerox 1981,Office Supplies,5.0,5.28,0.0,Central
2015-07-20,CA-2015-160472,"White Envelopes, White Envelopes with Clear Poly Window",Office Supplies,7.0,15.25,0.0,Central
2015-07-20,CA-2015-160472,Tops White Computer Printout Paper,Office Supplies,2.0,48.91,0.0,Central
2015-07-20,CA-2015-160472,Eldon Portable Mobile Manager,Office Supplies,5.0,28.28,0.0,Central
2014-06-13,CA-2014-114643,Staples in misc. colors,Office Supplies,3.0,4.84,0.0,West
2017-05-12,US-2017-158218,Fellowes Bankers Box Stor/Drawer Steel Plus,Office Supplies,5.0,25.58,20.0,Central
2017-05-12,US-2017-158218,"Wilson Jones Elliptical Ring 3 1/2"" Capacity Binders, 800 sheets",Office Supplies,4.0,8.56,80.0,Central
2015-09-03,CA-2015-121608,"Holmes Replacement Filter for HEPA Air Cleaner, Very Large Room, HEPA Filter",Office Supplies,2.0,68.81,0.0,East
2015-09-03,CA-2015-121608,Classic Ivory Antique Telephone ZL1810,Technology,1.0,100.49,0.0,East
2017-03-26,US-2017-121251,"Sauder Forest Hills Library with Doors, Woodland Oak Finish",Furniture,2.0,128.78,20.0,East
2017-03-26,US-2017-121251,Nokia Lumia 521 (T-Mobile),Technology,4.0,29.99,0.0,East
2014-11-12,CA-2014-151078,"Personal Filing Tote with Lid, Black/Gray",Office Supplies,4.0,12.41,20.0,Central
2016-10-13,US-2016-100839,Hon 5100 Series Wood Tables,Furniture,5.0,145.49,50.0,West
2016-10-13,US-2016-100839,"Executive Impressions 8-1/2"" Career Panel/Partition Cubicle Clock",Furniture,3.0,8.32,20.0,West
2017-11-12,US-2017-116659,Jabra SPEAK 410 Multidevice Speakerphone,Technology,3.0,123.59,40.0,East
2017-04-15,CA-2017-118857,"Howard Miller 12"" Round Wall Clock",Furniture,5.0,39.29,0.0,West
2015-06-25,CA-2015-127110,Xerox 211,Office Supplies,6.0,5.18,20.0,East
2015-06-25,CA-2015-127110,Tennsco Industrial Shelving,Office Supplies,2.0,39.13,20.0,East
2016-08-26,CA-2016-148201,Xerox 1931,Office Supplies,1.0,6.48,0.0,West
2014-07-21,CA-2014-116932,Newell 334,Office Supplies,5.0,19.84,0.0,West
2014-07-21,CA-2014-116932,Global Troy Executive Leather Low-Back Tilter,Furniture,2.0,400.78,20.0,West
2014-07-21,CA-2014-116932,"Hon 30"" x 60"" Table with Locking Drawer",Furniture,1.0,272.85,20.0,West
2017-11-21,CA-2017-142888,Safco Drafting Table,Furniture,1.0,70.98,0.0,West
2014-06-04,CA-2014-147914,Easy-staple paper,Office Supplies,2.0,8.11,20.0,East
2016-03-10,US-2016-112977,O'Sullivan Living Dimensions 5-Shelf Bookcases,Furniture,1.0,176.78,20.0,East
2017-03-25,CA-2017-112039,Panasonic KX-TG9471B,Technology,3.0,156.79,20.0,Central
2017-12-29,CA-2017-118885,"Global High-Back Leather Tilter, Burgundy",Furniture,4.0,98.39,20.0,West
2017-12-29,CA-2017-118885,Adtran 1202752G1,Technology,3.0,100.79,20.0,West
2017-03-28,US-2017-166611,Canvas Sectional Post Binders,Office Supplies,9.0,7.64,70.0,South
2015-03-05,CA-2015-109512,Staple envelope,Office Supplies,3.0,9.78,0.0,East
2015-03-05,CA-2015-109512,"Global Value Mid-Back Manager's Chair, Gray",Furniture,7.0,54.8,10.0,East
2015-03-05,CA-2015-109512,"Fellowes Strictly Business Drawer File, Letter/Legal Size",Office Supplies,4.0,140.85,0.0,East
2016-11-13,CA-2016-118570,White Computer Printout Paper by Universal,Office Supplies,7.0,31.01,20.0,East
2017-01-19,CA-2017-154718,Avery 510,Office Supplies,2.0,3.0,20.0,Central
2016-04-22,CA-2016-147578,Ultra Door Pull Handle,Furniture,3.0,10.52,0.0,West
2014-05-13,CA-2014-140165,Staples,Office Supplies,2.0,3.55,20.0,South
2014-05-13,CA-2014-140165,GBC DocuBind P100 Manual Binding Machine,Office Supplies,8.0,49.79,70.0,South
2014-10-21,CA-2014-142587,Fellowes Superior 10 Outlet Split Surge Protector,Office Supplies,4.0,30.45,20.0,East
2014-10-21,CA-2014-142587,"Hon Practical Foundations 30 x 60 Training Table, Light Gray/Charcoal",Furniture,3.0,136.53,40.0,East
2014-03-14,CA-2014-157623,Xerox 1972,Office Supplies,2.0,5.28,0.0,West
2014-03-14,CA-2014-157623,Avery Hi-Liter Fluorescent Desk Style Markers,Office Supplies,1.0,3.38,0.0,West
2017-12-22,CA-2017-145310,Staple envelope,Office Supplies,1.0,7.82,20.0,South
2016-11-24,CA-2016-100083,"IBM Multi-Purpose Copy Paper, 8 1/2 x 11"", Case",Office Supplies,1.0,24.78,20.0,West
2017-12-02,US-2017-108063,Newell 309,Office Supplies,3.0,11.55,0.0,South
2015-12-31,CA-2015-109197,Ibico Hi-Tech Manual Binding System,Office Supplies,2.0,243.99,20.0,West
2017-10-03,CA-2017-141789,GBC DocuBind TL300 Electric Binding System,Office Supplies,2.0,896.99,0.0,Central
2014-08-29,CA-2014-169775,Jiffy Padded Mailers with Self-Seal Closure,Office Supplies,2.0,14.9,20.0,South
2014-08-29,CA-2014-169775,GBC DocuBind 200 Manual Binding Machine,Office Supplies,4.0,126.29,70.0,South
2014-08-29,CA-2014-169775,Balt Solid Wood Rectangular Table,Furniture,3.0,58.02,45.0,South
2016-06-29,CA-2016-140543,Fellowes Bankers Box Stor/Drawer Steel Plus,Office Supplies,6.0,31.98,0.0,South
2016-08-20,CA-2016-151141,"SKILCRAFT Telephone Shoulder Rest, 2"" x 6.5"" x 2.5"", Black",Technology,2.0,7.39,0.0,Central
2017-10-21,CA-2017-167094,Xerox 218,Office Supplies,1.0,5.18,20.0,West
2017-10-21,CA-2017-167094,Global Comet Stacking Armless Chair,Furniture,2.0,239.24,20.0,West
2017-10-21,CA-2017-167094,Memorex Froggy Flash Drive 8 GB,Technology,2.0,14.2,20.0,West
2017-10-21,CA-2017-154410,SAFCO Boltless Steel Shelving,Office Supplies,8.0,113.64,0.0,Central
2016-05-17,US-2016-150567,Pressboard Hanging Data Binders for Unburst Sheets,Office Supplies,2.0,1.48,70.0,South
2016-05-17,US-2016-150567,"GBC Prepunched Paper, 19-Hole, for Binding Systems, 24-lb",Office Supplies,6.0,4.5,70.0,South
2015-02-03,CA-2015-157959,Hand-Finished Solid Wood Document Frame,Furniture,4.0,34.23,0.0,West
2017-12-18,CA-2017-105886,"DAX Charcoal/Nickel-Tone Document Frame, 5 x 7",Furniture,2.0,9.48,0.0,East
2016-11-15,CA-2016-105963,Imation 16GB Mini TravelDrive USB 2.0 Flash Drive,Technology,3.0,33.13,0.0,West
2017-07-03,CA-2017-121503,Xerox 1891,Office Supplies,7.0,39.13,20.0,Central
2017-07-03,CA-2017-121503,Hewlett-Packard Deskjet 5550 Printer,Technology,3.0,199.04,40.0,Central
2014-01-15,CA-2014-103366,Logitech 910-002974 M325 Wireless Mouse for Web Scrolling,Technology,5.0,29.99,0.0,South
2017-04-30,CA-2017-124597,Avery 474,Office Supplies,2.0,2.3,20.0,South
2017-04-30,CA-2017-124597,Staples in misc. colors,Office Supplies,3.0,5.18,20.0,South
2017-04-30,CA-2017-124597,Avery 499,Office Supplies,3.0,3.98,20.0,South
2015-11-08,CA-2015-105634,American Pencil,Office Supplies,5.0,2.33,0.0,East
2015-10-30,CA-2015-123673,Panasonic KX T7736-B Digital phone,Technology,2.0,149.95,0.0,Central
2017-08-17,US-2017-111423,GBC DocuBind TL200 Manual Binding Machine,Office Supplies,5.0,179.18,20.0,East
2017-08-17,US-2017-111423,Global Commerce Series Low-Back Swivel/Tilt Chairs,Furniture,2.0,231.28,10.0,East
2015-10-03,CA-2015-125178,Staple magnet,Office Supplies,2.0,7.5,20.0,East
2016-07-08,CA-2016-156685,Cisco SPA 502G IP Phone,Technology,9.0,95.96,20.0,Central
2016-07-08,CA-2016-156685,Newell 345,Office Supplies,3.0,15.87,20.0,Central
2017-12-05,CA-2017-126865,Xerox 1960,Office Supplies,3.0,30.98,0.0,West
2017-03-09,CA-2017-102834,Logitech Wireless Headset h800,Technology,2.0,99.99,0.0,West
2016-06-09,US-2016-139710,Avaya 4621SW VoIP phone,Technology,3.0,59.16,20.0,West
2017-11-28,CA-2017-121538,"Eaton Premium Continuous-Feed Paper, 25% Cotton, Letter Size, White, 1000 Shts/Box",Office Supplies,2.0,44.38,20.0,West
2017-03-16,US-2017-101539,Xerox 214,Office Supplies,1.0,6.48,0.0,West
2017-03-16,US-2017-101539,Safco Commercial Shelving,Office Supplies,1.0,46.51,0.0,West
2017-03-16,US-2017-101539,Mitel MiVoice 5330e IP Phone,Technology,3.0,219.99,20.0,West
2016-11-27,CA-2016-152121,Motorola Moto X,Technology,1.0,271.99,20.0,West
2017-08-06,CA-2017-161200,O'Sullivan 2-Shelf Heavy-Duty Bookcases,Furniture,3.0,48.58,0.0,South
2017-08-06,CA-2017-161200,Longer-Life Soft White Bulbs,Furniture,5.0,3.08,0.0,South
2017-11-27,CA-2017-101245,Tops White Computer Printout Paper,Office Supplies,5.0,48.91,0.0,West
2017-11-27,CA-2017-101245,Enermax Briskie RF Wireless Keyboard and Mouse Combo,Technology,8.0,20.77,0.0,West
2015-05-25,CA-2015-141768,Ultra Door Push Plate,Furniture,3.0,4.91,0.0,West
2016-07-08,CA-2016-112109,GBC Twin Loop Wire Binding Elements,Office Supplies,2.0,9.98,70.0,West
2016-07-08,CA-2016-112109,"Perma STOR-ALL Hanging File Box, 13 1/8""W x 12 1/4""D x 10 1/2""H",Office Supplies,7.0,4.78,20.0,West
2016-07-08,CA-2016-112109,Wilson Jones Active Use Binders,Office Supplies,4.0,2.18,70.0,West
2016-07-08,CA-2016-112109,SAFCO Arco Folding Chair,Furniture,3.0,220.96,20.0,West
2017-08-29,CA-2017-144064,Avery 505,Office Supplies,4.0,11.84,20.0,Central
2017-08-29,CA-2017-144064,Advantus Rolling Storage Box,Office Supplies,2.0,13.72,20.0,Central
2017-08-29,CA-2017-144064,Wilson Jones Easy Flow II Sheet Lifters,Office Supplies,9.0,0.36,80.0,Central
2016-06-20,CA-2016-108581,Logitech Trackman Marble Mouse,Technology,4.0,23.99,20.0,Central
2016-06-20,CA-2016-108581,Xerox 206,Office Supplies,2.0,5.18,20.0,Central
2017-09-02,CA-2017-157987,Newell 324,Office Supplies,2.0,11.55,0.0,East
2017-09-02,CA-2017-157987,DAX Cubicle Frames - 8x10,Furniture,2.0,5.77,0.0,East
2017-09-02,CA-2017-157987,Bush Advantage Collection Racetrack Conference Table,Furniture,1.0,254.53,40.0,East
2017-09-02,CA-2017-157987,Fellowes Basic Home/Office Series Surge Protectors,Office Supplies,1.0,12.98,0.0,East
2017-09-02,CA-2017-157987,"ACCOHIDE 3-Ring Binder, Blue, 1""",Office Supplies,8.0,3.3,20.0,East
2017-09-02,CA-2017-157987,Cisco SPA508G,Technology,3.0,65.99,0.0,East
2017-09-02,CA-2017-157987,Avery 518,Office Supplies,6.0,3.15,0.0,East
2017-09-02,CA-2017-157987,Global Commerce Series High-Back Swivel/Tilt Chairs,Furniture,5.0,256.48,10.0,East
2017-09-02,CA-2017-157987,BIC Brite Liner Grip Highlighters,Office Supplies,3.0,1.64,0.0,East
2017-09-02,CA-2017-157987,WD My Passport Ultra 2TB Portable External Hard Drive,Technology,2.0,119.0,0.0,East
2017-09-02,CA-2017-157987,Sony Micro Vault Click 16 GB USB 2.0 Flash Drive,Technology,3.0,55.99,0.0,East
2017-09-02,CA-2017-157987,Xerox 1962,Office Supplies,4.0,4.28,0.0,East
2017-09-10,CA-2017-110905,3M Organizer Strips,Office Supplies,3.0,5.4,0.0,Central
2017-09-10,CA-2017-110905,"Holmes Replacement Filter for HEPA Air Cleaner, Medium Room",Office Supplies,3.0,11.33,0.0,Central
2017-09-10,CA-2017-110905,Logitech G105 Gaming Keyboard,Technology,5.0,59.37,0.0,Central
2017-09-10,CA-2017-110905,Imation Clip USB flash drive - 8 GB,Technology,6.0,18.8,0.0,Central
2017-09-10,CA-2017-110905,Newell 3-Hole Punched Plastic Slotted Magazine Holders for Binders,Office Supplies,3.0,4.57,0.0,Central
2017-09-10,CA-2017-110905,Xerox 1970,Office Supplies,5.0,4.98,0.0,Central
2017-09-10,CA-2017-110905,Fellowes Stor/Drawer Steel Plus Storage Drawers,Office Supplies,3.0,95.43,0.0,Central
2017-09-10,CA-2017-110905,Acco 6 Outlet Guardian Standard Surge Suppressor,Office Supplies,2.0,12.09,0.0,Central
2017-12-21,CA-2017-165841,Jabra SPEAK 410,Technology,3.0,93.99,0.0,East
2017-12-21,CA-2017-165841,"Acme Hot Forged Carbon Steel Scissors with Nickel-Plated Handles, 3 7/8"" Cut, 8""L",Office Supplies,5.0,13.9,0.0,East
2017-12-21,CA-2017-165841,Xerox 1913,Office Supplies,3.0,55.48,0.0,East
2017-09-23,CA-2017-117485,Imation Secure+ Hardware Encrypted USB 2.0 Flash Drive; 16GB,Technology,4.0,72.99,0.0,Central
2017-05-06,CA-2017-140242,Blackstonian Pencils,Office Supplies,3.0,2.14,20.0,Central
2017-05-06,CA-2017-140242,Imation Secure+ Hardware Encrypted USB 2.0 Flash Drive; 16GB,Technology,7.0,58.39,20.0,Central
2014-12-14,CA-2014-148950,Avery Heavy-Duty EZD View Binder with Locking Rings,Office Supplies,4.0,1.28,80.0,Central
2014-12-14,CA-2014-148950,Assorted Color Push Pins,Office Supplies,2.0,1.45,20.0,Central
2014-12-14,CA-2014-148950,Belkin Standard 104 key USB Keyboard,Technology,3.0,11.67,20.0,Central
2014-10-18,CA-2014-110408,"Gould Plastics 18-Pocket Panel Bin, 34w x 5-1/4d x 20-1/2h",Office Supplies,3.0,91.99,0.0,South
2014-10-18,CA-2014-110408,Avaya IP Phone 1140E VoIP phone,Technology,5.0,278.99,0.0,South
2014-10-18,CA-2014-110408,"Global Wood Trimmed Manager's Task Chair, Khaki",Furniture,6.0,90.98,0.0,South
2015-05-08,CA-2015-109939,Newell 321,Office Supplies,2.0,2.62,20.0,West
2016-04-14,CA-2016-112669,Hon 4070 Series Pagoda Armless Upholstered Stacking Chairs,Furniture,4.0,233.38,20.0,West
2016-04-14,CA-2016-112669,"Fellowes Personal Hanging Folder Files, Navy",Office Supplies,4.0,10.74,20.0,West
2015-12-14,CA-2015-119592,3-ring staple pack,Office Supplies,2.0,1.88,0.0,South
2014-12-03,CA-2014-122749,Jabra Supreme Plus Driver Edition Headset,Technology,4.0,119.99,0.0,Central
2014-11-25,CA-2014-164721,Belkin F9G930V10-GRY 9 Outlet Surge,Office Supplies,6.0,53.48,0.0,West
2014-11-25,CA-2014-164721,Staple-based wall hangings,Furniture,3.0,7.96,0.0,West
2014-11-25,CA-2014-164721,"Wirebound Message Books, Four 2 3/4 x 5 White Forms per Page",Office Supplies,4.0,6.69,0.0,West
2016-07-25,CA-2016-147417,Hewlett Packard LaserJet 3310 Copier,Technology,4.0,359.99,40.0,East
2015-11-09,CA-2015-127509,Binder Posts,Office Supplies,3.0,5.74,0.0,Central
2015-11-09,CA-2015-127509,Bevis Round Conference Table Top & Single Column Base,Furniture,7.0,146.34,0.0,Central
2015-11-09,CA-2015-127509,"#10- 4 1/8"" x 9 1/2"" Recycled Envelopes",Office Supplies,3.0,8.74,0.0,Central
2015-11-09,CA-2015-127509,Xerox 1978,Office Supplies,3.0,5.78,0.0,Central
2017-02-24,CA-2017-111374,"ACCOHIDE 3-Ring Binder, Blue, 1""",Office Supplies,4.0,1.24,70.0,East
2017-06-25,CA-2017-133648,Alphabetical Labels for Top Tab Filing,Office Supplies,6.0,11.84,20.0,West
2017-06-25,CA-2017-133648,"Eldon Spacemaker Box, Quick-Snap Lid, Clear",Office Supplies,2.0,2.67,20.0,West
2017-06-25,CA-2017-133648,Plymouth Boxed Rubber Bands by Plymouth,Office Supplies,3.0,3.77,20.0,West
2017-12-02,US-2017-147221,3.6 Cubic Foot Counter Height Office Refrigerator,Office Supplies,5.0,58.92,80.0,Central
2017-12-02,US-2017-147221,Advantus Panel Wall Acrylic Frame,Furniture,4.0,2.19,60.0,Central
2014-02-06,CA-2014-131905,Avery 480,Office Supplies,4.0,3.75,0.0,South
2014-02-06,CA-2014-131905,Aastra 57i VoIP phone,Technology,1.0,161.61,0.0,South
2014-02-06,CA-2014-131905,AT&T CL82213,Technology,5.0,28.99,0.0,South
2017-04-11,CA-2017-166128,SanDisk Ultra 64 GB MicroSDHC Class 10 Memory Card,Technology,5.0,39.99,0.0,West
2017-04-11,CA-2017-166128,"Dixon Ticonderoga Erasable Colored Pencil Set, 12-Color",Office Supplies,7.0,5.98,0.0,West
2017-12-25,CA-2017-163510,Fellowes Bankers Box Stor/Drawer Steel Plus,Office Supplies,3.0,31.98,0.0,South
2017-12-25,CA-2017-163510,"Global Value Mid-Back Manager's Chair, Gray",Furniture,5.0,60.89,0.0,South
2017-04-11,US-2017-143028,Flexible Leather- Look Classic Collection Ring Binder,Office Supplies,3.0,3.79,80.0,Central
2014-12-31,CA-2014-111150,"BIC Brite Liner Grip Highlighters, Assorted, 5/Pack",Office Supplies,7.0,4.24,0.0,Central
2014-12-31,CA-2014-111150,Sabrent 4-Port USB 2.0 Hub,Technology,7.0,6.79,0.0,Central
2017-08-03,CA-2017-165386,"O'Sullivan Elevations Bookcase, Cherry Finish",Furniture,2.0,91.69,30.0,Central
2014-11-15,CA-2014-116407,Newell 310,Office Supplies,3.0,1.41,20.0,South
2014-11-15,CA-2014-116407,"1.7 Cubic Foot Compact ""Cube"" Office Refrigerators",Office Supplies,2.0,166.53,20.0,South
2014-11-15,CA-2014-116407,"Southworth 100% Résumé Paper, 24lb.",Office Supplies,4.0,6.22,20.0,South
2015-12-11,CA-2015-155761,Logitech Wireless Performance Mouse MX for PC and Mac,Technology,2.0,79.99,20.0,Central
2015-12-11,CA-2015-155761,Eldon ProFile File 'N Store Portable File Tub Letter/Legal Size Black,Office Supplies,3.0,15.45,20.0,Central
2016-09-18,CA-2016-145905,Office Star - Professional Matrix Back Chair with 2-to-1 Synchro Tilt and Mesh Fabric Seat,Furniture,1.0,350.98,0.0,South
2016-09-18,CA-2016-145905,Southworth Parchment Paper & Envelopes,Office Supplies,2.0,6.54,0.0,South
2016-09-18,CA-2016-145905,Tennsco Double-Tier Lockers,Office Supplies,4.0,225.02,0.0,South
2015-03-19,CA-2015-113110,GBC Imprintable Covers,Office Supplies,2.0,8.78,20.0,West
2015-03-19,CA-2015-113110,Self-Adhesive Address Labels for Typewriters by Universal,Office Supplies,2.0,7.31,0.0,West
2015-03-19,CA-2015-113110,Acme Elite Stainless Steel Scissors,Office Supplies,4.0,8.34,0.0,West
2015-03-19,CA-2015-113110,"Wirebound Message Books, 5-1/2 x 4 Forms, 2 or 4 Forms per Page",Office Supplies,6.0,6.69,0.0,West
2016-09-19,CA-2016-168354,"Hot File 7-Pocket, Floor Stand",Office Supplies,9.0,178.47,0.0,East
2016-09-19,CA-2016-168354,"Adams Telephone Message Book W/Dividers/Space For Phone Numbers, 5 1/4""X8 1/2"", 200/Messages",Office Supplies,3.0,5.68,0.0,East
2016-09-19,CA-2016-168354,JM Magazine Binder,Office Supplies,3.0,16.51,0.0,East
2016-09-19,CA-2016-168354,"Lifetime Advantage Folding Chairs, 4/Carton",Furniture,4.0,218.08,0.0,East
2017-08-20,US-2017-111241,GBC Recycled Regency Composition Covers,Office Supplies,5.0,47.82,20.0,West
2015-03-13,CA-2015-114237,"Safco Value Mate Series Steel Bookcases, Baked Enamel Finish on Steel, Gray",Furniture,2.0,70.98,0.0,West
2016-09-08,CA-2016-113516,"Square Ring Data Binders, Rigid 75 Pt. Covers, 11"" x 14-7/8""",Office Supplies,2.0,16.51,20.0,West
2016-09-08,CA-2016-113516,Premium Transparent Presentation Covers by GBC,Office Supplies,4.0,16.78,20.0,West
2015-11-26,CA-2015-117961,"Pressboard Covers with Storage Hooks, 9 1/2"" x 11"", Light Blue",Office Supplies,3.0,4.91,0.0,East
2015-11-26,CA-2015-117961,"Tennsco Lockers, Sand",Office Supplies,5.0,20.98,0.0,East
2015-11-26,CA-2015-117961,Aluminum Screw Posts,Office Supplies,4.0,15.26,0.0,East
2015-11-26,CA-2015-117961,Loose Memo Sheets,Office Supplies,3.0,3.65,0.0,East
2016-12-09,CA-2016-128923,Things To Do Today Pad,Office Supplies,2.0,4.7,20.0,Central
2016-12-09,CA-2016-128923,"Hunt BOSTON Vista Battery-Operated Pencil Sharpener, Black",Office Supplies,1.0,9.33,20.0,Central
2017-09-25,CA-2017-162481,ACCOHIDE Binder by Acco,Office Supplies,2.0,4.13,0.0,Central
2017-09-25,CA-2017-162481,"Global Leather Task Chair, Black",Furniture,3.0,89.99,0.0,Central
2015-01-23,CA-2015-119214,"Wirebound Service Call Books, 5 1/2"" x 4""",Office Supplies,3.0,9.68,0.0,West
2015-01-23,CA-2015-119214,Avery 500,Office Supplies,2.0,7.31,0.0,West
2015-06-18,CA-2015-122287,Xerox 1922,Office Supplies,3.0,3.98,20.0,West
2015-06-18,CA-2015-122287,Peel & Stick Add-On Corner Pockets,Office Supplies,7.0,0.65,70.0,West
2015-06-18,CA-2015-122287,Aluminum Screw Posts,Office Supplies,2.0,4.58,70.0,West
2015-06-18,CA-2015-122287,Flat Face Poster Frame,Furniture,5.0,15.07,20.0,West
2015-10-02,CA-2015-104493,GBC Personal VeloBind Strips,Office Supplies,6.0,9.58,20.0,West
2017-11-18,US-2017-158946,BIC Liqua Brite Liner,Office Supplies,7.0,5.55,20.0,East
2014-08-17,CA-2014-129168,Xerox 203,Office Supplies,3.0,5.18,20.0,Central
2016-07-17,CA-2016-131835,Kensington 4 Outlet MasterPiece Compact Power Control Center,Office Supplies,2.0,81.32,0.0,East
2016-07-17,CA-2016-131835,Bose SoundLink Bluetooth Speaker,Technology,3.0,199.0,0.0,East
2016-07-17,CA-2016-131835,"Eaton Premium Continuous-Feed Paper, 25% Cotton, Letter Size, White, 1000 Shts/Box",Office Supplies,1.0,55.48,0.0,East
2015-07-11,CA-2015-142237,"Howard Miller 13-3/4"" Diameter Brushed Chrome Round Wall Clock",Furniture,7.0,41.4,20.0,East
2015-07-11,CA-2015-142237,Acco Suede Grain Vinyl Round Ring Binder,Office Supplies,3.0,0.83,70.0,East
2015-07-11,CA-2015-142237,3M Organizer Strips,Office Supplies,4.0,1.62,70.0,East
2015-07-11,CA-2015-142237,Novimex Fabric Task Chair,Furniture,8.0,42.69,30.0,East
2015-07-11,CA-2015-142237,Newell 333,Office Supplies,5.0,2.22,20.0,East
2015-07-11,CA-2015-142237,"Master Big Foot Doorstop, Beige",Furniture,6.0,4.22,20.0,East
2016-12-01,CA-2016-136434,DAX Cubicle Frames - 8x10,Furniture,3.0,5.77,0.0,Central
2017-12-22,CA-2017-120376,Microsoft Wireless Mobile Mouse 4000,Technology,5.0,39.99,0.0,Central
2017-12-22,CA-2017-120376,Hon GuestStacker Chair,Furniture,7.0,226.67,0.0,Central
2017-12-22,CA-2017-120376,Logitech Gaming G510s - Keyboard,Technology,1.0,84.99,0.0,Central
2017-12-22,CA-2017-120376,Bevis 44 x 96 Conference Tables,Furniture,2.0,205.9,0.0,Central
2014-10-31,CA-2014-106439,Staples,Office Supplies,3.0,3.78,0.0,West
2014-10-31,CA-2014-106439,"Letter/Legal File Tote with Clear Snap-On Lid, Black Granite",Office Supplies,5.0,16.06,0.0,West
2014-10-31,CA-2014-106439,"Avery Framed View Binder, EZD Ring (Locking), Navy, 1 1/2""",Office Supplies,2.0,7.98,20.0,West
2014-10-31,CA-2014-106439,Xerox 1952,Office Supplies,13.0,4.98,0.0,West
2014-10-31,CA-2014-106439,"Fellowes Twister Kit, Gray/Clear, 3/pkg",Office Supplies,3.0,6.43,20.0,West
2014-10-31,CA-2014-106439,Tennsco Regal Shelving Units,Office Supplies,4.0,101.41,0.0,West
2014-10-31,CA-2014-106439,Novimex Fabric Task Chair,Furniture,3.0,48.78,20.0,West
2014-10-31,CA-2014-106439,Maxell LTO Ultrium - 800 GB,Technology,9.0,27.99,0.0,West
2014-10-31,CA-2014-106439,Newell 325,Office Supplies,3.0,4.13,0.0,West
2015-04-13,CA-2015-133452,Plantronics Audio 478 Stereo USB Headset,Technology,4.0,49.99,0.0,West
2015-04-13,CA-2015-133452,Hon 94000 Series Round Tables,Furniture,3.0,236.94,20.0,West
2016-07-21,CA-2016-146521,GBC Instant Report Kit,Office Supplies,1.0,1.94,70.0,East
2017-11-20,US-2017-110996,Novimex High-Tech Fabric Mesh Task Chair,Furniture,5.0,56.78,20.0,West
2016-11-26,CA-2016-129693,Newell 3-Hole Punched Plastic Slotted Magazine Holders for Binders,Office Supplies,2.0,3.66,20.0,West
2017-11-07,CA-2017-122504,Anker Ultra-Slim Mini Bluetooth 3.0 Wireless Keyboard,Technology,3.0,19.99,0.0,West
2017-11-07,CA-2017-122504,"Plantronics CS 50-USB - headset - Convertible, Monaural",Technology,7.0,108.79,20.0,West
2014-12-01,CA-2014-131051,"Floodlight Indoor Halogen Bulbs, 1 Bulb per Pack, 60 Watts",Furniture,3.0,19.4,0.0,West
2017-09-12,CA-2017-140676,"Adams Telephone Message Book w/Frequently-Called Numbers Space, 400 Messages per Book",Office Supplies,5.0,7.98,0.0,East
2017-09-12,CA-2017-140676,Fellowes Basic Home/Office Series Surge Protectors,Office Supplies,7.0,12.98,0.0,East
2017-09-12,CA-2017-140676,Xerox 1939,Office Supplies,5.0,18.97,0.0,East
2015-12-24,CA-2015-120103,Computer Printout Paper with Letter-Trim Perforations,Office Supplies,7.0,15.18,20.0,West
2015-12-24,CA-2015-120103,ClearSounds CSC500 Amplified Spirit Phone Corded phone,Technology,2.0,55.99,20.0,West
2015-12-24,CA-2015-120103,Magna Visual Magnetic Picture Hangers,Furniture,2.0,3.86,20.0,West
2017-02-23,CA-2017-104647,"Ampad Phone Message Book, Recycled, 400 Message Capacity, 5 ¾” x 11”",Office Supplies,6.0,6.24,0.0,West
2014-11-23,CA-2014-110352,Alphabetical Labels for Top Tab Filing,Office Supplies,2.0,11.84,20.0,Central
2016-06-23,CA-2016-140501,"Avery 4027 File Folder Labels for Dot Matrix Printers, 5000 Labels per Box, White",Office Supplies,4.0,30.53,0.0,East
2016-06-23,CA-2016-140501,Avery 52,Office Supplies,5.0,3.69,0.0,East
2016-06-23,CA-2016-140501,Fellowes Bankers Box Staxonsteel Drawer File/Stacking System,Office Supplies,5.0,64.98,0.0,East
2016-06-23,CA-2016-140501,Tops White Computer Printout Paper,Office Supplies,3.0,48.91,0.0,East
2016-06-23,CA-2016-140501,Translucent Push Pins by OIC,Office Supplies,2.0,1.98,0.0,East
2015-10-26,CA-2015-139290,Avery 507,Office Supplies,2.0,2.88,0.0,West
2017-07-15,CA-2017-166142,GBC Standard Plastic Binding Systems Combs,Office Supplies,3.0,8.85,0.0,East
2017-07-15,CA-2017-166142,Hon 2111 Invitation Series Straight Table,Furniture,3.0,103.48,30.0,East
2014-11-17,CA-2014-145926,Global Super Steno Chair,Furniture,5.0,95.98,0.0,Central
2015-04-13,CA-2015-149678,Martin-Yale Premier Letter Opener,Office Supplies,1.0,12.88,0.0,West
2015-11-25,US-2015-164357,Newell 349,Office Supplies,5.0,2.62,20.0,South
2016-05-15,US-2016-146570,GBC DocuBind P50 Personal Binding Machine,Office Supplies,8.0,63.98,0.0,South
2016-05-15,US-2016-146570,Boston KS Multi-Size Manual Pencil Sharpener,Office Supplies,4.0,22.99,0.0,South
2016-05-15,US-2016-146570,Newell 344,Office Supplies,3.0,2.78,0.0,South
2017-09-07,CA-2017-124401,Hanging Personal Folder File,Office Supplies,3.0,12.56,20.0,West
2017-09-07,CA-2017-124401,Logitech Wireless Marathon Mouse M705,Technology,7.0,39.99,20.0,West
2014-03-10,US-2014-140116,Tennsco 6- and 18-Compartment Lockers,Office Supplies,3.0,212.14,20.0,West
2014-03-10,US-2014-140116,"BOSTON Ranger #55 Pencil Sharpener, Black",Office Supplies,4.0,20.79,20.0,West
2014-07-18,CA-2014-123295,Office Star - Ergonomically Designed Knee Chair,Furniture,4.0,64.78,20.0,West
2017-03-24,CA-2017-167101,Xerox 1888,Office Supplies,4.0,55.48,0.0,East
2017-03-24,CA-2017-167101,Memorex Micro Travel Drive 8 GB,Technology,2.0,13.0,0.0,East
2014-09-30,US-2014-167633,Xerox 217,Office Supplies,3.0,5.18,20.0,South
2014-09-26,US-2014-152723,Acco 3-Hole Punch,Office Supplies,1.0,0.88,80.0,Central
2015-10-31,CA-2015-164882,Xerox 191,Office Supplies,1.0,19.98,0.0,West
2015-10-31,CA-2015-164882,GBC DocuBind P100 Manual Binding Machine,Office Supplies,3.0,132.78,20.0,West
2015-10-31,CA-2015-164882,Newell 308,Office Supplies,3.0,1.68,0.0,West
2015-10-31,CA-2015-164882,OIC Bulk Pack Metal Binder Clips,Office Supplies,5.0,3.49,0.0,West
2015-10-31,CA-2015-164882,"Global Fabric Manager's Chair, Dark Gray",Furniture,4.0,80.78,20.0,West
2015-10-31,CA-2015-164882,Acme Tagit Stainless Steel Antibacterial Scissors,Office Supplies,3.0,9.9,0.0,West
2015-10-31,CA-2015-164882,Polycom SoundStation2 EX Conference phone,Technology,4.0,323.96,20.0,West
2015-10-31,CA-2015-164882,Mobile Personal File Cube,Office Supplies,2.0,23.42,0.0,West
2015-10-31,CA-2015-164882,DMI Eclipse Executive Suite Bookcases,Furniture,1.0,425.83,15.0,West
2015-10-12,CA-2015-159786,"SAFCO PlanMaster Heigh-Adjustable Drafting Table Base, 43w x 30d x 30-37h, Black",Furniture,1.0,209.67,40.0,East
2016-09-19,CA-2016-130267,"Xerox Color Copier Paper, 11"" x 17"", Ream",Office Supplies,7.0,22.84,0.0,West
2017-04-13,CA-2017-155460,Xerox 4200 Series MultiUse Premium Copy Paper (20Lb. and 84 Bright),Office Supplies,1.0,5.28,0.0,West
2017-04-13,CA-2017-155460,GBC DocuBind TL200 Manual Binding Machine,Office Supplies,5.0,179.18,20.0,West
2017-01-07,US-2017-168690,Zipper Ring Binder Pockets,Office Supplies,3.0,0.94,70.0,South
2017-11-09,CA-2017-158246,"Global Leather Task Chair, Black",Furniture,3.0,71.99,20.0,West
2017-09-22,CA-2017-167381,O'Sullivan 4-Shelf Bookcase in Odessa Pine,Furniture,2.0,120.98,0.0,Central
2017-09-22,CA-2017-167381,Avery 511,Office Supplies,9.0,3.08,0.0,Central
2017-12-01,CA-2017-144862,Quality Park Security Envelopes,Office Supplies,5.0,20.94,20.0,East
2017-12-01,CA-2017-144862,"Belkin SportFit Armband For iPhone 5s/5c, Fuchsia",Technology,7.0,8.99,40.0,East
2014-06-23,CA-2014-126032,Sony 64GB Class 10 Micro SDHC R40 Memory Card,Technology,3.0,28.79,20.0,East
2015-10-04,CA-2015-134859,"DataProducts Ampli Magnifier Task Lamp, Black,",Furniture,3.0,21.65,20.0,East
2015-10-04,CA-2015-134859,Xerox 1946,Office Supplies,4.0,5.18,20.0,East
2014-05-20,US-2014-114188,Acco 6 Outlet Guardian Basic Surge Suppressor,Office Supplies,4.0,8.32,0.0,East
2014-05-20,US-2014-114188,"Sanford Colorific Scented Colored Pencils, 12/Pack",Office Supplies,9.0,4.28,0.0,East
2014-05-20,US-2014-114188,24-Hour Round Wall Clock,Furniture,7.0,19.98,0.0,East
2015-11-20,CA-2015-156524,"Message Book, Phone, Wirebound Standard Line Memo, 2 3/4"" X 5""",Office Supplies,3.0,6.55,0.0,East
2015-11-30,CA-2015-122210,Fellowes PB200 Plastic Comb Binding Machine,Office Supplies,3.0,51.0,70.0,East
2015-11-30,CA-2015-122210,Revere Boxed Rubber Bands by Revere,Office Supplies,7.0,1.51,20.0,East
2015-11-30,CA-2015-122210,Motorla HX550 Universal Bluetooth Headset,Technology,4.0,23.73,40.0,East
2015-12-31,CA-2015-156377,"Eldon Expressions Wood Desk Accessories, Oak",Furniture,5.0,2.95,60.0,Central
2015-12-31,CA-2015-156377,Newell 3-Hole Punched Plastic Slotted Magazine Holders for Binders,Office Supplies,4.0,0.91,80.0,Central
2017-11-16,US-2017-157896,Tops Green Bar Computer Printout Paper,Office Supplies,3.0,48.94,0.0,East
2014-06-06,CA-2014-159520,Wilson Jones Century Plastic Molded Ring Binders,Office Supplies,9.0,16.62,20.0,East
2014-06-06,CA-2014-159520,Acme Office Executive Series Stainless Steel Trimmers,Office Supplies,2.0,8.57,0.0,East
2014-06-06,CA-2014-159520,"Chromcraft Bull-Nose Wood 48"" x 96"" Rectangular Conference Tables",Furniture,3.0,330.59,40.0,East
2016-09-01,CA-2016-155481,"Telephone Message Books with Fax/Mobile Section, 5 1/2"" x 3 3/16""",Office Supplies,6.0,5.08,20.0,East
2016-09-01,CA-2016-155481,Anker 36W 4-Port USB Wall Charger Travel Power Adapter for iPhone 5s 5c 5,Technology,2.0,11.99,40.0,East
2016-09-01,CA-2016-155481,Staples,Office Supplies,7.0,2.38,20.0,East
2016-06-25,US-2016-152051,"Global Leather Highback Executive Chair with Pneumatic Height Adjustment, Black",Furniture,3.0,140.69,30.0,East
2016-06-25,US-2016-152051,GBC Wire Binding Strips,Office Supplies,4.0,9.52,70.0,East
2016-06-25,US-2016-152051,"Gould Plastics 9-Pocket Panel Bin, 18-3/8w x 5-1/4d x 20-1/2h, Black",Office Supplies,6.0,42.39,20.0,East
2014-12-12,CA-2014-141607,Eldon Advantage Chair Mats for Low to Medium Pile Carpets,Furniture,1.0,43.31,0.0,West
2017-03-31,CA-2017-102771,Spigen Samsung Galaxy S5 Case Wallet,Technology,5.0,16.99,0.0,East
2017-11-19,US-2017-139969,Office Star Flex Back Scooter Chair with White Frame,Furniture,3.0,77.69,30.0,Central
2014-11-24,CA-2014-167360,Memorex Mini Travel Drive 16 GB USB 2.0 Flash Drive,Technology,7.0,15.97,0.0,Central
2015-11-22,CA-2015-123505,Xerox 1970,Office Supplies,3.0,4.98,0.0,East
2016-07-14,CA-2016-117282,GBC Standard Plastic Binding Systems Combs,Office Supplies,2.0,7.08,20.0,East
2016-04-30,US-2016-120460,Flat Face Poster Frame,Furniture,3.0,7.54,60.0,Central
2016-07-25,CA-2016-111115,OIC Binder Clips,Office Supplies,6.0,3.58,0.0,West
2014-06-22,CA-2014-124646,Office Impressions Heavy Duty Welded Shelving & Multimedia Storage Drawers,Office Supplies,3.0,167.27,0.0,Central
2014-06-22,CA-2014-124646,Fellowes Bankers Box Recycled Super Stor/Drawer,Office Supplies,3.0,53.98,0.0,Central
2017-10-21,CA-2017-148166,Newell 33,Office Supplies,4.0,4.46,20.0,South
2016-09-03,CA-2016-159737,"XtraLife ClearVue Slant-D Ring Binder, White, 3""",Office Supplies,3.0,2.94,80.0,Central
2016-05-14,CA-2016-141019,"GE 48"" Fluorescent Tube, Cool White Energy Saver, 34 Watts, 30/Box",Furniture,1.0,79.38,20.0,East
2016-01-07,CA-2016-101938,Panasonic KP-350BK Electric Pencil Sharpener with Auto Stop,Office Supplies,1.0,34.58,0.0,West
2017-03-13,CA-2017-166296,Multicolor Computer Printout Paper,Office Supplies,3.0,104.85,0.0,West
2016-10-13,CA-2016-154018,Razer Kraken PRO Over Ear PC and Music Headset,Technology,3.0,63.99,20.0,Central
2016-10-13,CA-2016-154018,Array Memo Cubes,Office Supplies,2.0,4.14,20.0,Central
2016-10-13,CA-2016-154018,"Tenex ""The Solids"" Textured Chair Mats",Furniture,5.0,27.98,60.0,Central
2016-10-13,CA-2016-154018,Newell 334,Office Supplies,1.0,15.87,20.0,Central
2016-10-13,CA-2016-154018,Avery Non-Stick Binders,Office Supplies,7.0,0.9,80.0,Central
2017-01-27,CA-2017-117870,Newell 312,Office Supplies,3.0,4.67,20.0,East
2017-01-27,CA-2017-117870,Anker Ultrathin Bluetooth Wireless Keyboard Aluminum Cover with Stand ,Technology,3.0,23.99,20.0,East
2017-01-27,CA-2017-117870,JBL Micro Wireless Portable Bluetooth Speaker,Technology,3.0,35.99,40.0,East
2017-11-19,US-2017-137491,"Lifetime Advantage Folding Chairs, 4/Carton",Furniture,2.0,152.66,30.0,Central
2014-08-01,CA-2014-152296,Wilson Jones data.warehouse D-Ring Binders with DublLock,Office Supplies,3.0,6.58,20.0,West
2016-07-30,CA-2016-112025,GBC VeloBind Cover Sets,Office Supplies,3.0,3.09,80.0,Central
2015-07-30,CA-2015-132507,Eldon ProFile File 'N Store Portable File Tub Letter/Legal Size Black,Office Supplies,4.0,15.45,20.0,Central
2016-10-15,CA-2016-125738,Xerox 1982,Office Supplies,2.0,22.84,0.0,West
2016-10-15,CA-2016-125738,Xerox 1986,Office Supplies,9.0,6.68,0.0,West
2016-10-15,CA-2016-125738,"Acco Data Flex Cable Posts For Top & Bottom Load Binders, 6"" Capacity",Office Supplies,5.0,8.34,20.0,West
2016-10-15,CA-2016-125738,"Recycled Desk Saver Line ""While You Were Out"" Book, 5 1/2"" X 4""",Office Supplies,8.0,8.95,0.0,West
2016-05-07,CA-2016-128818,"GBC Twin Loop Wire Binding Elements, 9/16"" Spine, Black",Office Supplies,7.0,12.18,20.0,East
2016-05-07,CA-2016-128818,Alphabetical Labels for Top Tab Filing,Office Supplies,3.0,14.8,0.0,East
2016-05-07,CA-2016-128818,Hon Mobius Operator's Chair,Furniture,4.0,110.69,10.0,East
2016-05-07,CA-2016-128818,Bady BDG101FRU Card Printer,Technology,5.0,799.99,0.0,East
2016-05-07,CA-2016-128818,SanDisk Ultra 64 GB MicroSDHC Class 10 Memory Card,Technology,5.0,39.99,0.0,East
2016-05-07,CA-2016-128818,Staple-based wall hangings,Furniture,8.0,7.96,0.0,East
2017-08-01,CA-2017-124576,GBC Prestige Therm-A-Bind Covers,Office Supplies,2.0,27.45,20.0,West
2016-07-14,CA-2016-101378,HP Standard 104 key PS/2 Keyboard,Technology,2.0,14.5,0.0,South
2017-08-10,CA-2017-143063,Staple envelope,Office Supplies,6.0,11.68,0.0,Central
2017-08-10,CA-2017-143063,"Tenex Traditional Chairmats for Medium Pile Carpet, Standard Lip, 36"" x 48""",Furniture,2.0,60.65,0.0,Central
2017-08-10,CA-2017-143063,Aastra 57i VoIP phone,Technology,9.0,161.61,0.0,Central
2016-06-25,CA-2016-118913,Fellowes Mighty 8 Compact Surge Protector,Office Supplies,3.0,20.27,0.0,West
2016-12-10,CA-2016-128412,GBC DocuBind P50 Personal Binding Machine,Office Supplies,3.0,51.18,20.0,West
2016-12-10,CA-2016-128412,Holmes HEPA Air Purifier,Office Supplies,3.0,21.78,0.0,West
2016-12-10,CA-2016-128412,Xerox 1988,Office Supplies,4.0,30.98,0.0,West
2016-12-10,CA-2016-128412,Harmony HEPA Quiet Air Purifiers,Office Supplies,3.0,11.7,0.0,West
2016-12-10,CA-2016-128412,Kingston Digital DataTraveler 16GB USB 2.0,Technology,5.0,8.95,0.0,West
2016-12-01,CA-2016-136483,Newell 343,Office Supplies,2.0,2.35,20.0,South
2014-11-28,CA-2014-163013,Newell 331,Office Supplies,3.0,4.89,0.0,South
2015-03-28,CA-2015-135363,Xerox 1999,Office Supplies,3.0,5.18,20.0,East
2015-03-28,CA-2015-135363,Southworth Parchment Paper & Envelopes,Office Supplies,1.0,5.23,20.0,East
2014-06-01,US-2014-165659,3M Hangers With Command Adhesive,Furniture,6.0,3.7,0.0,South
2014-06-01,US-2014-165659,Adtran 1202752G1,Technology,7.0,125.99,0.0,South
2015-09-06,CA-2015-138002,Acco Hanging Data Binders,Office Supplies,2.0,3.05,20.0,West
2015-09-06,CA-2015-138002,"Howard Miller 16"" Diameter Gallery Wall Clock",Furniture,3.0,63.94,0.0,West
2015-06-29,CA-2015-128860,"Eldon Executive Woodline II Desk Accessories, Mahogany",Furniture,1.0,20.1,20.0,East
2016-09-10,CA-2016-164350,"Boston Model 1800 Electric Pencil Sharpener, Gray",Office Supplies,3.0,22.52,20.0,South
2014-07-14,US-2014-103905,Acco D-Ring Binder w/DublLock,Office Supplies,7.0,4.28,80.0,Central
2014-07-14,US-2014-103905,I Need's 3d Hello Kitty Hybrid Silicone Case Cover for HTC One X 4g with 3d Hello Kitty Stylus Pen Green/pink,Technology,4.0,9.57,20.0,Central
2015-08-22,CA-2015-129854,Newell Chalk Holder,Office Supplies,4.0,4.13,0.0,East
2014-11-14,CA-2014-125556,Polycom SoundPoint Pro SE-225 Corded phone,Technology,7.0,118.99,0.0,East
2014-11-14,CA-2014-125556,Acco 3-Hole Punch,Office Supplies,10.0,4.38,0.0,East
2016-11-27,CA-2016-162313,Euro-Pro Shark Turbo Vacuum,Office Supplies,6.0,27.88,10.0,Central
2017-11-21,CA-2017-107874,Howard Miller Distant Time Traveler Alarm Clock,Furniture,1.0,27.42,0.0,East
2017-10-01,CA-2017-129378,Wilson Jones Easy Flow II Sheet Lifters,Office Supplies,1.0,1.44,20.0,West
2017-10-01,CA-2017-129378,Storex Dura Pro Binders,Office Supplies,13.0,4.75,20.0,West
2017-10-01,CA-2017-129378,"Belkin 325VA UPS Surge Protector, 6'",Office Supplies,2.0,120.98,0.0,West
2017-10-01,CA-2017-129378,"Metal Folding Chairs, Beige, 4/Carton",Furniture,4.0,27.15,20.0,West
2014-09-20,CA-2014-151953,Nontoxic Chalk,Office Supplies,2.0,1.41,20.0,South
2017-07-28,CA-2017-130841,Zipper Ring Binder Pockets,Office Supplies,4.0,2.5,20.0,West
2017-07-28,CA-2017-130841,Super Decoflex Portable Personal File,Office Supplies,1.0,14.98,0.0,West
2017-07-28,CA-2017-130841,Wilson Electronics DB Pro Signal Booster,Technology,4.0,286.4,20.0,West
2015-12-06,CA-2015-131884,Polycom SoundStation2 EX Conference phone,Technology,2.0,242.97,40.0,East
2015-12-06,CA-2015-131884,Newell 312,Office Supplies,8.0,4.67,20.0,East
2015-12-06,CA-2015-131884,Global Low Back Tilter Chair,Furniture,1.0,70.69,30.0,East
2017-07-31,CA-2017-121909,Xerox 1991,Office Supplies,3.0,18.27,20.0,East
2016-03-19,CA-2016-106383,"Atlantic Metals Mobile 2-Shelf Bookcases, Custom Colors",Furniture,1.0,72.29,70.0,West
2017-07-29,CA-2017-130771,Assorted Color Push Pins,Office Supplies,2.0,1.45,20.0,Central
2017-07-29,CA-2017-130771,Cisco SPA301,Technology,1.0,124.79,20.0,Central
2016-10-01,CA-2016-139157,"Chromcraft Bull-Nose Wood 48"" x 96"" Rectangular Conference Tables",Furniture,1.0,330.59,40.0,East
2014-03-31,CA-2014-128055,GBC DocuBind 200 Manual Binding Machine,Office Supplies,2.0,336.78,20.0,West
2014-03-31,CA-2014-128055,Fellowes Advanced Computer Series Surge Protectors,Office Supplies,2.0,26.49,0.0,West
2017-06-26,CA-2017-157091,Eldon Antistatic Chair Mats for Low to Medium Pile Carpets,Furniture,5.0,105.29,0.0,Central
2017-07-09,CA-2017-132122,Recycled Steel Personal File for Hanging File Folders,Office Supplies,5.0,45.78,20.0,Central
2015-12-14,CA-2015-123232,HTC One,Technology,4.0,79.99,20.0,West
2017-12-05,CA-2017-104066,Logitech ClearChat Comfort/USB Headset H390,Technology,7.0,29.29,0.0,East
2015-09-15,CA-2015-145849,Fellowes Stor/Drawer Steel Plus Storage Drawers,Office Supplies,2.0,95.43,0.0,Central
2015-09-15,CA-2015-145849,Manco Dry-Lighter Erasable Highlighter,Office Supplies,8.0,3.04,0.0,Central
2016-07-15,CA-2016-122322,Fiskars Home & Office Scissors,Office Supplies,5.0,8.88,0.0,West
2017-04-20,CA-2017-166849,Eldon Cleatmat Chair Mats for Medium Pile Carpets,Furniture,2.0,22.2,60.0,Central
2016-11-15,CA-2016-146633,Fellowes PB500 Electric Punch Plastic Comb Binding Machine with Manual Bind,Office Supplies,1.0,1016.79,20.0,West
2016-11-15,CA-2016-146633,Avery Self-Adhesive Photo Pockets for Polaroid Photos,Office Supplies,7.0,5.45,20.0,West
2016-11-26,US-2016-126893,Mitel MiVoice 5330e IP Phone,Technology,3.0,164.99,40.0,East
2017-11-21,CA-2017-103380,Eldon Portable Mobile Manager,Office Supplies,2.0,28.28,0.0,West
2017-11-21,CA-2017-103380,Newell 344,Office Supplies,2.0,2.78,0.0,West
2017-11-21,CA-2017-103380,Advantus T-Pin Paper Clips,Office Supplies,2.0,4.51,0.0,West
2017-11-21,CA-2017-103380,"Acco Six-Outlet Power Strip, 4' Cord Length",Office Supplies,1.0,8.62,0.0,West
2017-11-21,CA-2017-103380,Mitel MiVoice 5330e IP Phone,Technology,3.0,219.99,20.0,West
2015-02-15,CA-2015-116092,Xerox 1959,Office Supplies,2.0,6.68,0.0,West
2015-02-15,CA-2015-116092,"Acco Data Flex Cable Posts For Top & Bottom Load Binders, 6"" Capacity",Office Supplies,5.0,8.34,20.0,West
2015-02-15,CA-2015-116092,Avery Durable Binders,Office Supplies,5.0,2.3,20.0,West
2015-02-15,CA-2015-116092,Kensington 6 Outlet MasterPiece HOMEOFFICE Power Control Center,Office Supplies,6.0,90.24,0.0,West
2015-02-15,CA-2015-116092,Xerox 22,Office Supplies,3.0,6.48,0.0,West
2016-04-15,CA-2016-117849,Xerox 1911,Office Supplies,3.0,47.9,0.0,West
2015-09-28,CA-2015-169201,Holmes Odor Grabber,Office Supplies,3.0,14.42,0.0,West
2015-09-28,CA-2015-169201,Holmes HEPA Air Purifier,Office Supplies,2.0,21.78,0.0,West
2016-09-17,CA-2016-164091,Wi-Ex zBoost YX540 Cellular Phone Signal Booster,Technology,3.0,145.95,0.0,East
2016-09-17,CA-2016-164091,"C-Line Cubicle Keepers Polyproplyene Holder w/Velcro Back, 8-1/2x11, 25/Bx",Furniture,2.0,54.74,0.0,East
2017-06-16,CA-2017-105214,Hon Multipurpose Stacking Arm Chairs,Furniture,7.0,173.28,20.0,West
2017-06-16,CA-2017-105214,"Wirebound Message Books, Four 2 3/4"" x 5"" Forms per Page, 600 Sets per Book",Office Supplies,2.0,9.27,0.0,West
2015-11-08,CA-2015-117611,Advantus Plastic Paper Clips,Office Supplies,1.0,5.0,0.0,West
2015-11-08,CA-2015-117611,Logitech G19 Programmable Gaming Keyboard,Technology,3.0,123.99,0.0,West
2015-12-18,US-2015-137960,Imation Bio 8GB USB Flash Drive Imation Corp,Technology,1.0,166.24,0.0,East
2017-02-06,CA-2017-122994,"Bush Andora Bookcase, Maple/Graphite Gray Finish",Furniture,3.0,119.99,0.0,South
2016-11-14,CA-2016-131065,Logitech diNovo Edge Keyboard,Technology,2.0,249.99,0.0,South
2016-11-14,CA-2016-131065,Xerox 4200 Series MultiUse Premium Copy Paper (20Lb. and 84 Bright),Office Supplies,1.0,5.28,0.0,South
2016-11-14,CA-2016-131065,"ACCOHIDE 3-Ring Binder, Blue, 1""",Office Supplies,2.0,4.13,0.0,South
2017-10-12,CA-2017-149146,Xerox 1989,Office Supplies,2.0,3.98,20.0,South
2017-09-17,CA-2017-137470,Xerox 1984,Office Supplies,2.0,6.48,0.0,West
2017-12-20,CA-2017-105480,Xerox 227,Office Supplies,1.0,6.48,0.0,East
2017-12-20,CA-2017-105480,Wilson Jones Leather-Like Binders with DublLock Round Rings,Office Supplies,1.0,6.98,20.0,East
2017-12-02,CA-2017-164917,Bulldog Vacuum Base Pencil Sharpener,Office Supplies,5.0,9.59,20.0,South
2015-09-21,CA-2015-102036,Fellowes Bases and Tops For Staxonsteel/High-Stak Systems,Office Supplies,6.0,33.29,0.0,West
2015-03-06,CA-2015-142944,Deflect-o Glass Clear Studded Chair Mats,Furniture,7.0,62.18,0.0,West
2015-03-06,CA-2015-142944,Canon PC1060 Personal Laser Copier,Technology,2.0,559.99,20.0,West
2014-10-03,CA-2014-157882,Bevis Round Conference Room Tables and Bases,Furniture,1.0,143.43,20.0,West
2014-10-03,CA-2014-157882,"Global Deluxe Stacking Chair, Gray",Furniture,3.0,40.78,20.0,West
2014-06-27,CA-2014-104283,"SAFCO Commercial Wire Shelving, 72h",Office Supplies,5.0,61.24,0.0,South
2014-06-27,CA-2014-104283,KI Adjustable-Height Table,Furniture,1.0,85.98,0.0,South
2014-06-27,CA-2014-104283,Sony Micro Vault Click 16 GB USB 2.0 Flash Drive,Technology,4.0,55.99,0.0,South
2017-10-30,CA-2017-142622,Novimex Fabric Task Chair,Furniture,2.0,48.78,20.0,West
2017-10-30,CA-2017-142622,Global Super Steno Chair,Furniture,8.0,76.78,20.0,West
2017-10-30,CA-2017-142622,Bestar Classic Bookcase,Furniture,2.0,99.99,0.0,West
2016-09-03,CA-2016-132143,"Adams Phone Message Book, 200 Message Capacity, 8 1/16” x 11”",Office Supplies,7.0,6.88,0.0,East
2015-03-05,CA-2015-153108,I Need's 3d Hello Kitty Hybrid Silicone Case Cover for HTC One X 4g with 3d Hello Kitty Stylus Pen Green/pink,Technology,2.0,11.96,0.0,Central
2015-03-05,CA-2015-153108,Staple holder,Office Supplies,7.0,8.67,0.0,Central
2016-05-05,CA-2016-112676,Xerox 1965,Office Supplies,3.0,4.78,20.0,South
2017-11-17,CA-2017-165687,Bionaire 99.97% HEPA Air Cleaner,Office Supplies,2.0,17.52,0.0,South
2017-06-01,US-2017-112928,"Eureka Sanitaire  Multi-Pro Heavy-Duty Upright, Disposable Bags",Office Supplies,5.0,3.5,20.0,East
2017-06-10,CA-2017-143343,Newell 351,Office Supplies,5.0,3.28,0.0,West
2017-01-08,CA-2017-115154,Balt Solid Wood Round Tables,Furniture,2.0,446.49,0.0,West
2015-04-20,CA-2015-149342,Pyle PMP37LED,Technology,3.0,95.99,0.0,South
2015-04-20,CA-2015-149342,"GE 48"" Fluorescent Tube, Cool White Energy Saver, 34 Watts, 30/Box",Furniture,6.0,99.23,0.0,South
2015-04-20,CA-2015-149342,Xerox 2,Office Supplies,2.0,6.48,0.0,South
2015-11-01,CA-2015-130995,Cush Cases Heavy Duty Rugged Cover Case for Samsung Galaxy S5 - Purple,Technology,1.0,4.95,0.0,East
2017-12-23,CA-2017-127929,"Tenex Traditional Chairmats for Medium Pile Carpet, Standard Lip, 36"" x 48""",Furniture,3.0,60.65,0.0,East
2015-11-01,CA-2015-113145,Avoid Verbal Orders Carbonless Minifold Book,Office Supplies,4.0,3.38,0.0,East
2015-11-01,CA-2015-113145,"Howard Miller 11-1/2"" Diameter Ridgewood Wall Clock",Furniture,5.0,51.94,0.0,East
2015-11-01,CA-2015-113145,Plantronics MX500i Earset,Technology,1.0,42.95,0.0,East
2015-11-01,CA-2015-113145,Razer Tiamat Over Ear 7.1 Surround Sound PC Gaming Headset,Technology,7.0,199.99,0.0,East
2015-11-01,CA-2015-113145,Xblue XB-1670-86 X16 Small Office Telephone - Titanium,Technology,4.0,125.99,0.0,East
2014-11-14,CA-2014-162362,Storex DuraTech Recycled Plastic Frosted Binders,Office Supplies,3.0,4.24,0.0,Central
2014-11-14,CA-2014-162362,Avery Durable Binders,Office Supplies,4.0,2.88,0.0,Central
2016-01-17,CA-2016-106558,First Data FD10 PIN Pad,Technology,4.0,79.0,0.0,South
2017-09-17,CA-2017-157931,Global Ergonomic Managers Chair,Furniture,4.0,180.98,0.0,South
2017-09-17,CA-2017-157931,Easy-staple paper,Office Supplies,3.0,35.44,0.0,South
2016-12-23,CA-2016-115574,"Bush Westfield Collection Bookcases, Fully Assembled",Furniture,2.0,70.69,30.0,Central
2015-08-06,CA-2015-160794,Xerox 188,Office Supplies,3.0,9.07,20.0,Central
2017-11-05,CA-2017-116225,Enermax Aurora Lite Keyboard,Technology,5.0,78.15,0.0,East
2017-06-11,US-2017-120418,Global Leather Executive Chair,Furniture,1.0,280.79,20.0,West
2017-06-11,US-2017-120418,"Sortfiler Multipurpose Personal File Organizer, Black",Office Supplies,4.0,17.11,20.0,West
2017-06-11,US-2017-120418,Boston 16801 Nautilus Battery Pencil Sharpener,Office Supplies,5.0,17.61,20.0,West
2017-06-11,US-2017-120418,Newell 319,Office Supplies,1.0,15.87,20.0,West
2017-06-11,US-2017-120418,Fellowes Officeware Wire Shelving,Office Supplies,3.0,71.86,20.0,West
2017-07-20,CA-2017-122035,Avery 486,Office Supplies,2.0,7.31,0.0,Central
2017-07-20,CA-2017-122035,"1.7 Cubic Foot Compact ""Cube"" Office Refrigerators",Office Supplies,2.0,208.16,0.0,Central
2017-07-20,CA-2017-122035,Avery Printable Repositionable Plastic Tabs,Office Supplies,5.0,8.6,0.0,Central
2017-07-20,CA-2017-122035,Novimex Fabric Task Chair,Furniture,3.0,60.98,0.0,Central
2017-07-20,CA-2017-122035,Cardinal Slant-D Ring Binders,Office Supplies,7.0,8.69,0.0,Central
2017-07-20,CA-2017-122035,Logitech G35 7.1-Channel Surround Sound Headset,Technology,3.0,129.99,0.0,Central
2015-12-23,CA-2015-117828,Belkin Premiere Surge Master II 8-outlet surge protector,Office Supplies,4.0,48.58,0.0,South
2017-03-20,CA-2017-165491,Imation Secure Drive + Hardware Encrypted USB flash drive - 16 GB,Technology,7.0,37.99,0.0,West
2015-12-31,CA-2015-109470,Tuf-Vin Binders,Office Supplies,3.0,31.58,0.0,South
2015-12-31,CA-2015-109470,"GBC Clear Cover, 8-1/2 x 11, unpunched, 25 covers per pack",Office Supplies,4.0,15.16,0.0,South
2015-12-31,CA-2015-109470,Aluminum Screw Posts,Office Supplies,5.0,15.26,0.0,South
2015-12-31,CA-2015-109470,Ibico Plastic Spiral Binding Combs,Office Supplies,12.0,30.4,0.0,South
2015-09-15,CA-2015-105102,GBC Twin Loop Wire Binding Elements,Office Supplies,3.0,26.62,20.0,East
2015-09-15,CA-2015-105102,"Bush Westfield Collection Bookcases, Medium Cherry Finish",Furniture,1.0,46.38,20.0,East
2015-09-15,CA-2015-105102,Xerox 1967,Office Supplies,2.0,6.48,0.0,East
2017-09-23,CA-2017-138422,Wausau Papers Astrobrights Colored Envelopes,Office Supplies,3.0,4.78,20.0,West
2015-12-25,US-2015-147739,Tenex Antistatic Computer Chair Mats,Furniture,4.0,136.78,20.0,East
2016-09-24,CA-2016-155187,"Tennsco Lockers, Gray",Office Supplies,2.0,20.98,0.0,West
2016-09-24,CA-2016-155187,"REDIFORM Incoming/Outgoing Call Register, 11"" X 8 1/2"", 100 Messages",Office Supplies,5.0,8.34,0.0,West
2017-03-21,CA-2017-169285,"Eaton Premium Continuous-Feed Paper, 25% Cotton, Letter Size, White, 1000 Shts/Box",Office Supplies,5.0,55.48,0.0,Central
2017-03-21,CA-2017-169285,Xerox 196,Office Supplies,1.0,5.78,0.0,Central
2014-09-30,CA-2014-140886,Holmes Odor Grabber,Office Supplies,6.0,11.54,20.0,South
2017-12-10,CA-2017-152695,Convenience Packs of Business Envelopes,Office Supplies,3.0,3.62,0.0,East
2017-12-10,CA-2017-152695,Tripp Lite Isotel 6 Outlet Surge Protector with Fax/Modem Protection,Office Supplies,7.0,60.97,0.0,East
2014-08-23,CA-2014-110639,Xerox 1994,Office Supplies,4.0,6.48,0.0,East
2014-08-23,CA-2014-110639,Personal Creations Ink Jet Cards and Labels,Office Supplies,4.0,11.48,0.0,East
2014-08-19,CA-2014-121727,Turquoise Lead Holder with Pocket Clip,Office Supplies,2.0,5.36,20.0,East
2016-11-10,CA-2016-137736,Newell 315,Office Supplies,7.0,5.98,0.0,South
2014-12-31,US-2014-143231,Nu-Dell Executive Frame,Furniture,5.0,12.64,0.0,East
2014-12-31,US-2014-143231,Imation Secure Drive + Hardware Encrypted USB flash drive - 16 GB,Technology,3.0,37.99,0.0,East
2014-07-26,US-2014-155894,"Belkin 19"" Vented Equipment Shelf, Black",Office Supplies,3.0,41.18,20.0,Central
2016-02-22,CA-2016-119025,Belkin 5 Outlet SurgeMaster Power Centers,Office Supplies,9.0,54.48,0.0,Central
2016-03-13,CA-2016-159373,"TOPS Carbonless Receipt Book, Four 2-3/4 x 7-1/4 Money Receipts per Page",Office Supplies,5.0,14.02,20.0,Central
2016-03-13,CA-2016-159373,Insertable Tab Indexes For Data Binders,Office Supplies,2.0,0.64,80.0,Central
2016-03-13,CA-2016-159373,Hon Non-Folding Utility Tables,Furniture,5.0,111.52,30.0,Central
2017-12-02,CA-2017-109701,3-ring staple pack,Office Supplies,6.0,1.5,20.0,West
2017-12-02,CA-2017-109701,Satellite Sectional Post Binders,Office Supplies,2.0,34.73,20.0,West
2017-12-02,CA-2017-109701,"Wirebound Message Book, 4 per Page",Office Supplies,2.0,5.43,0.0,West
2017-12-02,CA-2017-109701,Fellowes Advanced Computer Series Surge Protectors,Office Supplies,3.0,26.49,0.0,West
2017-12-02,CA-2017-109701,Prang Dustless Chalk Sticks,Office Supplies,6.0,1.68,0.0,West
2015-08-31,CA-2015-111514,"Atlantic Metals Mobile 3-Shelf Bookcases, Custom Colors",Furniture,7.0,221.83,15.0,West
2015-08-31,CA-2015-111514,GBC Prestige Therm-A-Bind Covers,Office Supplies,5.0,27.45,20.0,West
2015-08-31,CA-2015-111514,Memorex Micro Travel Drive 32 GB,Technology,1.0,36.51,0.0,West
2015-08-31,CA-2015-111514,Lexmark S315 Color Inkjet Printer,Technology,3.0,79.99,20.0,West
2014-03-17,US-2014-148838,Bretford Rectangular Conference Table Tops,Furniture,7.0,225.68,40.0,East
2014-03-17,US-2014-148838,Balt Solid Wood Round Tables,Furniture,4.0,267.89,40.0,East
2014-03-17,US-2014-148838,"Hon 30"" x 60"" Table with Locking Drawer",Furniture,3.0,204.64,40.0,East
2014-03-17,US-2014-148838,Xerox 1926,Office Supplies,7.0,4.98,0.0,East
2014-03-17,US-2014-148838,Xerox 1918,Office Supplies,4.0,38.76,0.0,East
2017-04-16,CA-2017-136497,SpineVue Locking Slant-D Ring Binders by Cardinal,Office Supplies,5.0,2.74,70.0,East
2016-03-13,US-2016-108637,"Howard Miller 14-1/2"" Diameter Chrome Round Wall Clock",Furniture,2.0,63.94,0.0,South
2016-03-13,US-2016-108637,"Eureka The Boss Lite 10-Amp Upright Vacuum, Blue",Office Supplies,2.0,80.16,0.0,South
2016-03-13,US-2016-108637,Ibico Covers for Plastic or Wire Binding Elements,Office Supplies,4.0,11.5,0.0,South
2014-11-24,CA-2014-102295,"Global Leather & Oak Executive Chair, Burgundy",Furniture,1.0,120.71,20.0,West
2017-02-10,CA-2017-123659,HP Office Recycled Paper (20Lb. and 87 Bright),Office Supplies,4.0,5.78,0.0,East
2016-09-23,US-2016-129469,"Rubbermaid ClusterMat Chairmats, Mat Size- 66"" x 60"", Lip 20"" x 11"" -90 Degree Angle",Furniture,6.0,88.78,20.0,East
2016-09-23,US-2016-129469,"Dixon Ticonderoga Maple Cedar Pencil, #2",Office Supplies,2.0,2.46,20.0,East
2017-07-07,CA-2017-155152,Hypercom P1300 Pinpad,Technology,4.0,63.0,0.0,East
2016-07-07,CA-2016-159940,Flat Face Poster Frame,Furniture,8.0,7.54,60.0,Central
2016-07-07,CA-2016-159940,Acco Hot Clips Clips to Go,Office Supplies,1.0,2.63,20.0,Central
2016-07-07,CA-2016-159940,Tops Wirebound Message Log Books,Office Supplies,9.0,2.63,20.0,Central
2016-07-07,CA-2016-159940,Global Ergonomic Managers Chair,Furniture,2.0,126.69,30.0,Central
2017-01-24,CA-2017-119669,Revere Boxed Rubber Bands by Revere,Office Supplies,3.0,1.89,0.0,South
2014-08-19,US-2014-164616,GBC DocuBind P50 Personal Binding Machine,Office Supplies,4.0,19.19,70.0,East
2014-08-19,US-2014-164616,Acme Kleencut Forged Steel Scissors,Office Supplies,2.0,4.59,20.0,East
2015-12-06,CA-2015-148628,"Message Book, Phone, Wirebound Standard Line Memo, 2 3/4"" X 5""",Office Supplies,5.0,6.55,0.0,West
2016-05-06,CA-2016-118052,Advantus T-Pin Paper Clips,Office Supplies,2.0,3.61,20.0,East
2016-05-06,CA-2016-118052,Xerox 1951,Office Supplies,2.0,24.78,20.0,East
2016-05-06,CA-2016-118052,DAX Solid Wood Frames,Furniture,7.0,7.82,20.0,East
2017-03-25,US-2017-117534,Acco Smartsocket Color-Coded Six-Outlet AC Adapter Model Surge Protectors,Office Supplies,4.0,44.01,0.0,West
2017-03-25,US-2017-117534,Staples in misc. colors,Office Supplies,9.0,1.78,0.0,West
2017-03-25,US-2017-117534,Avery Arch Ring Binders,Office Supplies,4.0,46.48,20.0,West
2017-03-25,US-2017-117534,Clearsounds A400,Technology,4.0,52.79,20.0,West
2017-03-25,US-2017-117534,Hewlett Packard 310 Color Digital Copier,Technology,2.0,239.99,20.0,West
2015-12-12,CA-2015-145065,Staples,Office Supplies,2.0,3.93,0.0,West
2015-12-12,CA-2015-145065,Recycled Premium Regency Composition Covers,Office Supplies,2.0,12.22,20.0,West
2015-12-06,US-2015-127040,Xerox 219,Office Supplies,1.0,6.48,0.0,East
2015-12-06,US-2015-127040,Xerox 1903,Office Supplies,7.0,5.98,0.0,East
2015-12-06,US-2015-127040,Logitech VX Revolution Cordless Laser Mouse for Notebooks (Black),Technology,9.0,179.99,0.0,East
2015-12-06,US-2015-127040,"Seth Thomas 14"" Day/Date Wall Clock",Furniture,4.0,28.48,0.0,East
2016-03-17,CA-2016-128111,Newell 345,Office Supplies,2.0,19.84,0.0,East
2015-11-14,CA-2015-137897,Imation Clip USB flash drive - 8 GB,Technology,2.0,18.8,0.0,East
2015-11-14,CA-2015-137897,Imation 32GB Pocket Pro USB 3.0 Flash Drive - 32 GB - Black - 1 P ...,Technology,2.0,29.95,0.0,East
2015-11-14,CA-2015-137897,"It's Hot Message Books with Stickers, 2 3/4"" x 5""",Office Supplies,5.0,7.4,0.0,East
2017-08-14,CA-2017-169264,Avery File Folder Labels,Office Supplies,2.0,2.88,0.0,West
2017-08-14,CA-2017-169264,Newell 318,Office Supplies,6.0,2.78,0.0,West
2017-09-09,CA-2017-147361,Fellowes Officeware Wire Shelving,Office Supplies,7.0,89.83,0.0,South
2017-09-09,CA-2017-147361,X-Rack File for Hanging Folders,Office Supplies,5.0,11.29,0.0,South
2017-04-01,CA-2017-145877,Hanging Personal Folder File,Office Supplies,6.0,15.7,0.0,Central
2017-04-01,CA-2017-145877,Staple envelope,Office Supplies,5.0,5.68,0.0,Central
2016-09-27,US-2016-110170,O'Sullivan Plantations 2-Door Library in Landvery Oak,Furniture,7.0,136.67,32.0,Central
2017-10-07,CA-2017-108574,Logitech G19 Programmable Gaming Keyboard,Technology,9.0,123.99,0.0,West
2017-10-07,CA-2017-108574,Motorola HK250 Universal Bluetooth Headset,Technology,7.0,18.39,20.0,West
2017-10-07,CA-2017-108574,"Square Credit Card Reader, 4 1/2"" x 4 1/2"" x 1"", White",Technology,10.0,7.99,20.0,West
2017-01-20,CA-2017-144589,Staples in misc. colors,Office Supplies,5.0,4.84,0.0,West
2017-01-20,CA-2017-144589,Panasonic KX-TG9541B DECT 6.0 Digital 2-Line Expandable Cordless Phone With Digital Answering System,Technology,3.0,119.99,20.0,West
2017-03-23,CA-2017-155985,DAX Natural Wood-Tone Poster Frame,Furniture,8.0,26.48,0.0,West
2014-08-01,CA-2014-162684,"Acco Clips to Go Binder Clips, 24 Clips in Two Sizes",Office Supplies,2.0,2.84,20.0,East
2015-06-07,CA-2015-142041,3-ring staple pack,Office Supplies,5.0,1.5,20.0,West
2014-11-12,CA-2014-151295,Xerox 1974,Office Supplies,2.0,5.98,0.0,West
2014-11-12,CA-2014-151295,Bevis Boat-Shaped Conference Table,Furniture,3.0,209.69,20.0,West
2016-12-29,CA-2016-156300,"Global Leather & Oak Executive Chair, Burgundy",Furniture,5.0,150.89,0.0,Central
2015-07-06,CA-2015-146087,Bush Mission Pointe Library,Furniture,2.0,150.98,0.0,East
2017-10-12,CA-2017-168655,WD My Passport Ultra 2TB Portable External Hard Drive,Technology,5.0,119.0,0.0,West
2017-10-12,CA-2017-168655,GBC Twin Loop Wire Binding Elements,Office Supplies,3.0,26.62,20.0,West
2016-05-21,CA-2016-107202,Panasonic KX MB2061 Multifunction Printer,Technology,10.0,239.64,20.0,West
2017-11-09,CA-2017-159597,"Safco Wire Cube Shelving System, For Use as 4 or 5 14"" Cubes, Black",Office Supplies,2.0,31.78,0.0,West
2017-11-09,CA-2017-159597,Razer Kraken 7.1 Surround Sound Over Ear USB Gaming Headset,Technology,1.0,99.99,0.0,West
2016-04-18,CA-2016-155551,Safco Industrial Wire Shelving,Office Supplies,3.0,76.79,20.0,Central
2016-04-18,CA-2016-155551,"Adams Telephone Message Books, 5 1/4” x 11”",Office Supplies,2.0,4.83,20.0,Central
2017-12-25,US-2017-147669,Maxell 4.7GB DVD-R,Technology,7.0,22.7,20.0,East
2017-12-25,US-2017-147669,Satellite Sectional Post Binders,Office Supplies,1.0,13.02,70.0,East
2017-12-25,US-2017-147669,Hon Rectangular Conference Tables,Furniture,2.0,136.53,40.0,East
2017-12-25,US-2017-147669,Staples,Office Supplies,13.0,3.02,20.0,East
2016-06-11,CA-2016-169922,Computer Printout Index Tabs,Office Supplies,4.0,0.34,80.0,Central
2016-06-11,CA-2016-169922,GBC Wire Binding Combs,Office Supplies,4.0,2.07,80.0,Central
2016-06-11,CA-2016-169922,"Stacking Tray, Side-Loading, Legal, Smoke",Furniture,7.0,1.79,60.0,Central
2017-05-13,CA-2017-100748,Self-Adhesive Address Labels for Typewriters by Universal,Office Supplies,8.0,7.31,0.0,West
2017-12-28,CA-2017-129805,3M Hangers With Command Adhesive,Furniture,2.0,3.7,0.0,West
2014-03-25,CA-2014-148586,"Iceberg Nesting Folding Chair, 19w x 6d x 43h",Furniture,7.0,52.4,10.0,East
2017-05-28,US-2017-112613,Spigen Samsung Galaxy S5 Case Wallet,Technology,4.0,13.59,20.0,Central
2015-11-14,CA-2015-154746,Brown Kraft Recycled Envelopes,Office Supplies,2.0,16.98,0.0,South
2015-11-14,CA-2015-154746,Honeywell Enviracaire Portable HEPA Air Cleaner for 16' x 20' Room,Office Supplies,3.0,275.37,0.0,South
2017-07-03,CA-2017-140053,"Tenex Traditional Chairmats for Medium Pile Carpet, Standard Lip, 36"" x 48""",Furniture,9.0,60.65,0.0,West
2014-11-18,CA-2014-164210,Bevis Rectangular Conference Tables,Furniture,2.0,72.99,50.0,West
2014-11-18,CA-2014-164210,"Geographics Note Cards, Blank, White, 8 1/2"" x 11""",Office Supplies,4.0,8.95,20.0,West
2017-07-17,CA-2017-139948,"C-Line Magnetic Cubicle Keepers, Clear Polypropylene",Furniture,2.0,3.95,20.0,South
2016-05-22,CA-2016-146934,AT&T 841000 Phone,Technology,5.0,69.0,0.0,East
2016-05-22,CA-2016-146934,Bevis 36 x 72 Conference Tables,Furniture,2.0,87.14,30.0,East
2016-05-22,CA-2016-146934,Eureka Sanitaire  Commercial Upright,Office Supplies,4.0,165.71,0.0,East
2016-05-22,CA-2016-146934,SanDisk Cruzer 32 GB USB Flash Drive,Technology,5.0,19.02,0.0,East
2016-05-22,CA-2016-146934,Ampad #10 Peel & Seel Holiday Envelopes,Office Supplies,6.0,4.48,0.0,East
2016-05-22,CA-2016-146934,Digium D40 VoIP phone,Technology,2.0,128.99,0.0,East
2015-09-25,CA-2015-100573,"#10- 4 1/8"" x 9 1/2"" Recycled Envelopes",Office Supplies,2.0,8.74,0.0,West
2016-10-31,CA-2016-119165,Hon Olson Stacker Stools,Furniture,5.0,98.57,30.0,East
2015-09-14,CA-2015-128027,Fellowes Officeware Wire Shelving,Office Supplies,3.0,89.83,0.0,South
2016-11-05,CA-2016-140207,Cardinal Holdit Data Disk Pockets,Office Supplies,5.0,5.82,20.0,West
2017-03-17,CA-2017-140949,Avery 496,Office Supplies,5.0,3.75,0.0,East
2017-03-17,CA-2017-140949,Cisco SPA525G2 IP Phone - Wireless,Technology,6.0,19.95,0.0,East
2017-03-17,CA-2017-140949,"Acco Pressboard Covers with Storage Hooks, 9 1/2"" x 11"", Executive Red",Office Supplies,3.0,3.05,20.0,East
2017-03-17,CA-2017-140949,SanDisk Cruzer 32 GB USB Flash Drive,Technology,3.0,19.02,0.0,East
2017-03-17,CA-2017-140949,Kingston Digital DataTraveler 16GB USB 2.0,Technology,8.0,8.95,0.0,East
2017-03-17,CA-2017-140949,"Neat Ideas Personal Hanging Folder Files, Black",Office Supplies,8.0,13.43,0.0,East
2017-03-17,CA-2017-140949,Avery 486,Office Supplies,1.0,7.31,0.0,East
2017-03-17,CA-2017-140949,Lumber Crayons,Office Supplies,6.0,9.85,0.0,East
2017-03-17,CA-2017-140949,"Tenex File Box, Personal Filing Tote with Lid, Black",Office Supplies,3.0,15.51,0.0,East
2017-08-15,CA-2017-138548,"Fellowes Premier Superior Surge Suppressor, 10-Outlet, With Phone and Remote",Office Supplies,2.0,48.92,0.0,East
2015-07-11,CA-2015-142419,Xerox 1896,Office Supplies,3.0,9.99,0.0,West
2015-07-11,CA-2015-142419,"Wilson Jones Ledger-Size, Piano-Hinge Binder, 2"", Blue",Office Supplies,3.0,32.78,20.0,West
2017-12-03,CA-2017-148691,GBC Premium Transparent Covers with Diagonal Lined Pattern,Office Supplies,5.0,16.78,20.0,East
2017-12-03,CA-2017-148691,SpineVue Locking Slant-D Ring Binders by Cardinal,Office Supplies,2.0,7.31,20.0,East
2017-12-03,CA-2017-148691,AT&T 1080 Corded phone,Technology,1.0,136.99,0.0,East
2017-12-03,CA-2017-148691,Avery 520,Office Supplies,1.0,3.15,0.0,East
2017-05-04,CA-2017-128755,"Black Print Carbonless Snap-Off Rapid Letter, 8 1/2"" x 7""",Office Supplies,1.0,9.11,0.0,South
2017-05-04,CA-2017-128755,Letter Size Cart,Office Supplies,4.0,142.86,0.0,South
2017-05-04,CA-2017-128755,Xerox 23,Office Supplies,5.0,6.48,0.0,South
2017-05-04,CA-2017-128755,"Tenex Personal Self-Stacking Standard File Box, Black/Gray",Office Supplies,1.0,16.91,0.0,South
2016-01-22,US-2016-135923,Eldon Pizzaz Desk Accessories,Furniture,8.0,1.78,20.0,South
2016-01-22,US-2016-135923,"Sauder Forest Hills Library, Woodland Oak Finish",Furniture,4.0,112.78,20.0,South
2016-01-22,US-2016-135923,Fellowes Mighty 8 Compact Surge Protector,Office Supplies,4.0,16.22,20.0,South
2016-11-03,CA-2016-114972,Global Deluxe High-Back Office Chair in Storm,Furniture,2.0,108.79,20.0,West
2016-11-03,CA-2016-114972,Kensington K72356US Mouse-in-a-Box USB Desktop Mouse,Technology,5.0,16.59,0.0,West
2016-11-03,CA-2016-114972,Avery 50,Office Supplies,7.0,12.53,0.0,West
2016-11-03,CA-2016-114972,Honeywell Enviracaire Portable HEPA Air Cleaner for 16' x 20' Room,Office Supplies,4.0,275.37,0.0,West
2017-09-04,CA-2017-102750,Chromcraft Bull-Nose Wood Oval Conference Tables & Bases,Furniture,3.0,440.78,20.0,West
2014-09-13,CA-2014-145212,Newell 322,Office Supplies,3.0,1.82,0.0,East
2017-06-19,CA-2017-141992,Fiskars Spring-Action Scissors,Office Supplies,1.0,11.18,20.0,Central
2017-06-19,CA-2017-141992,Safco Industrial Wire Shelving,Office Supplies,2.0,76.79,20.0,Central
2017-12-24,CA-2017-147956,Office Impressions Heavy Duty Welded Shelving & Multimedia Storage Drawers,Office Supplies,6.0,167.27,0.0,West
2017-08-28,CA-2017-126067,Anker 24W Portable Micro USB Car Charger,Technology,4.0,8.79,20.0,West
2017-08-28,CA-2017-126067,"Hon Practical Foundations 30 x 60 Training Table, Light Gray/Charcoal",Furniture,5.0,227.55,0.0,West
2017-08-28,CA-2017-126067,GBC Standard Therm-A-Bind Covers,Office Supplies,5.0,19.94,20.0,West
2017-08-28,CA-2017-126067,Newell 344,Office Supplies,2.0,2.78,0.0,West
2015-01-02,CA-2015-104514,"SAFCO Mobile Desk Side File, Wire Frame",Office Supplies,2.0,42.76,0.0,East
2015-01-02,CA-2015-104514,Newell 313,Office Supplies,3.0,3.28,0.0,East
2015-01-02,CA-2015-104514,Xerox 1959,Office Supplies,3.0,6.68,0.0,East
2015-10-09,CA-2015-141040,Jawbone JAMBOX Wireless Bluetooth Speaker,Technology,4.0,157.99,0.0,East
2015-10-09,CA-2015-141040,Xerox 1895,Office Supplies,4.0,5.98,0.0,East
2014-12-13,CA-2014-113579,White GlueTop Scratch Pads,Office Supplies,6.0,15.04,0.0,West
2014-11-19,CA-2014-144624,Apple iPhone 5,Technology,7.0,649.83,0.0,East
2016-09-10,CA-2016-146206,KI Adjustable-Height Table,Furniture,5.0,60.19,30.0,Central
2016-09-10,CA-2016-146206,Polycom VVX 310 VoIP phone,Technology,5.0,143.99,20.0,Central
2014-06-16,CA-2014-136644,"Global Geo Office Task Chair, Gray",Furniture,8.0,80.98,0.0,Central
2015-09-26,CA-2015-122371,"Sortfiler Multipurpose Personal File Organizer, Black",Office Supplies,3.0,21.39,0.0,West
2015-09-26,CA-2015-122371,Cameo Buff Policy Envelopes,Office Supplies,2.0,62.23,0.0,West
2016-05-19,CA-2016-126935,GBC Personal VeloBind Strips,Office Supplies,1.0,9.58,20.0,West
2017-06-22,US-2017-133781,"#10 White Business Envelopes,4 1/8 x 9 1/2",Office Supplies,3.0,12.54,20.0,South
2017-06-17,CA-2017-131618,"Rediform Wirebound ""Phone Memo"" Message Book, 11 x 5-3/4",Office Supplies,2.0,6.11,20.0,Central
2017-06-17,CA-2017-131618,Avery Durable Binders,Office Supplies,4.0,0.58,80.0,Central
2017-06-17,CA-2017-131618,Fellowes Binding Cases,Office Supplies,4.0,2.34,80.0,Central
2016-11-14,CA-2016-149482,Avery 52,Office Supplies,2.0,3.69,0.0,West
2014-07-25,CA-2014-143917,"Fellowes Personal Hanging Folder Files, Navy",Office Supplies,4.0,13.43,0.0,West
2014-07-25,CA-2014-143917,High Speed Automatic Electric Letter Opener,Office Supplies,5.0,1637.53,0.0,West
2014-07-25,CA-2014-143917,Staple-based wall hangings,Furniture,8.0,9.74,0.0,West
2015-07-02,CA-2015-120397,Belkin 8 Outlet Surge Protector,Office Supplies,4.0,8.2,80.0,Central
2017-03-02,CA-2017-163902,Panasonic KX TS3282B Corded phone,Technology,3.0,65.59,20.0,West
2017-03-02,CA-2017-163902,Logitech G13 Programmable Gameboard with LCD Display,Technology,6.0,79.99,0.0,West
2016-11-18,CA-2016-136812,"Tennsco Snap-Together Open Shelving Units, Starter Sets and Add-On Units",Office Supplies,4.0,279.48,0.0,Central
2015-04-18,CA-2015-102722,Memorex Froggy Flash Drive 8 GB,Technology,6.0,17.75,0.0,South
2017-12-02,CA-2017-155089,"Premier Elliptical Ring Binder, Black",Office Supplies,5.0,9.13,70.0,South
2016-11-11,CA-2016-124506,Belkin F8E887 USB Wired Ergonomic Keyboard,Technology,4.0,23.99,20.0,Central
2016-11-11,CA-2016-124506,Global Chrome Stack Chair,Furniture,2.0,24.0,30.0,Central
2014-09-05,CA-2014-106572,Economy Rollaway Files,Office Supplies,2.0,132.16,20.0,East
2014-11-15,CA-2014-128888,Ames Color-File Green Diamond Border X-ray Mailers,Office Supplies,9.0,67.18,20.0,Central
2017-05-02,CA-2017-123134,Eldon Advantage Chair Mats for Low to Medium Pile Carpets,Furniture,3.0,43.31,0.0,East
2016-10-15,CA-2016-124352,Avery 49,Office Supplies,7.0,2.88,0.0,Central
2016-10-15,CA-2016-124352,Avery 508,Office Supplies,6.0,4.91,0.0,Central
2016-10-15,CA-2016-124352,Hoover Upright Vacuum With Dirt Cup,Office Supplies,3.0,289.53,0.0,Central
2016-10-15,CA-2016-124352,Xerox 1999,Office Supplies,2.0,6.48,0.0,Central
2016-10-15,CA-2016-124352,Samsung Replacement EH64AVFWE Premium Headset,Technology,1.0,5.5,0.0,Central
2016-10-15,CA-2016-124352,Ibico Plastic Spiral Binding Combs,Office Supplies,4.0,30.4,0.0,Central
2015-04-06,CA-2015-124541,Newell 312,Office Supplies,9.0,4.67,20.0,Central
2015-04-06,CA-2015-124541,Maxell 4.7GB DVD-RW 3/Pack,Technology,2.0,12.74,20.0,Central
2015-04-06,CA-2015-124541,Ibico Covers for Plastic or Wire Binding Elements,Office Supplies,3.0,2.3,80.0,Central
2015-04-06,CA-2015-124541,"Fellowes Twister Kit, Gray/Clear, 3/pkg",Office Supplies,6.0,1.61,80.0,Central
2015-04-06,CA-2015-124541,Xerox 1949,Office Supplies,2.0,3.98,20.0,Central
2014-10-24,CA-2014-108707,Xerox 210,Office Supplies,2.0,5.18,20.0,South
2014-08-17,CA-2014-111500,Xerox 1929,Office Supplies,5.0,22.84,0.0,South
2014-08-17,CA-2014-111500,Avery Non-Stick Binders,Office Supplies,4.0,4.49,0.0,South
2014-08-17,CA-2014-111500,Colored Push Pins,Office Supplies,7.0,1.81,0.0,South
2014-08-17,CA-2014-111500,Logitech Gaming G510s - Keyboard,Technology,4.0,84.99,0.0,South
2017-08-15,US-2017-117723,Tennsco Single-Tier Lockers,Office Supplies,6.0,300.27,20.0,East
2015-09-06,CA-2015-143238,Memorex Mini Travel Drive 8 GB USB 2.0 Flash Drive,Technology,4.0,11.58,0.0,West
2015-01-27,CA-2015-168746,High-Back Leather Manager's Chair,Furniture,2.0,90.99,30.0,East
2015-01-27,CA-2015-168746,Polycom VVX 310 VoIP phone,Technology,4.0,107.99,40.0,East
2015-01-27,CA-2015-168746,Nortel Meridian M5316 Digital phone,Technology,1.0,155.37,40.0,East
2015-07-16,CA-2015-113404,Hon 2090 “Pillow Soft” Series Mid Back Swivel/Tilt Chairs,Furniture,6.0,224.78,20.0,West
2015-07-16,CA-2015-113404,Hon 4070 Series Pagoda Armless Upholstered Stacking Chairs,Furniture,3.0,233.38,20.0,West
2016-04-30,CA-2016-144792,12-1/2 Diameter Round Wall Clock,Furniture,7.0,15.98,20.0,West
2014-09-26,CA-2014-164385,Belkin 8 Outlet SurgeMaster II Gold Surge Protector,Office Supplies,3.0,47.98,20.0,East
2016-09-08,US-2016-114174,"Bush Westfield Collection Bookcases, Dark Cherry Finish",Furniture,3.0,57.98,0.0,East
2016-09-08,US-2016-114174,Avery 52,Office Supplies,4.0,3.69,0.0,East
2017-04-16,CA-2017-108070,"Belkin 19"" Vented Equipment Shelf, Black",Office Supplies,4.0,51.48,0.0,West
2017-04-16,CA-2017-108070,O'Sullivan Living Dimensions 2-Shelf Bookcases,Furniture,1.0,102.83,15.0,West
2015-08-16,US-2015-128090,Newell 346,Office Supplies,1.0,2.3,20.0,West
2015-08-16,US-2015-128090,Samsung Galaxy S4 Mini,Technology,5.0,375.99,20.0,West
2015-08-16,US-2015-128090,Xerox 1891,Office Supplies,8.0,39.13,20.0,West
2015-08-16,US-2015-128090,Avery 488,Office Supplies,2.0,2.52,20.0,West
2017-11-19,CA-2017-101042,"3M Polarizing Task Lamp with Clamp Arm, Light Gray",Furniture,6.0,136.98,0.0,South
2017-11-19,CA-2017-101042,GBC Imprintable Covers,Office Supplies,2.0,10.98,0.0,South
2016-09-14,CA-2016-155439,Xerox 224,Office Supplies,4.0,6.48,0.0,South
2016-08-15,CA-2016-118626,HTC One Mini,Technology,7.0,100.79,20.0,South
2015-09-26,CA-2015-111458,Dell Slim USB Multimedia Keyboard,Technology,2.0,25.0,0.0,East
2016-10-08,US-2016-126844,Contemporary Wood/Metal Frame,Furniture,8.0,6.46,60.0,Central
2015-03-24,US-2015-112508,"Eureka Sanitaire  Multi-Pro Heavy-Duty Upright, Disposable Bags",Office Supplies,2.0,3.5,20.0,South
2015-05-31,CA-2015-147788,O'Sullivan Living Dimensions 3-Shelf Bookcases,Furniture,7.0,200.98,0.0,West
2015-05-31,CA-2015-147788,Self-Adhesive Removable Labels,Office Supplies,5.0,3.15,0.0,West
2015-05-31,CA-2015-147788,Fellowes Super Stor/Drawer Files,Office Supplies,2.0,161.55,0.0,West
2015-12-25,CA-2015-144288,Avery 474,Office Supplies,4.0,2.3,20.0,South
2015-12-25,CA-2015-144288,Xerox 227,Office Supplies,2.0,5.18,20.0,South
2015-03-17,CA-2015-110632,KeyTronic KT800P2 - Keyboard - Black,Technology,1.0,15.02,0.0,East
2015-03-17,CA-2015-110632,"Tenex Personal Self-Stacking Standard File Box, Black/Gray",Office Supplies,2.0,16.91,0.0,East
2017-12-21,CA-2017-109589,Memorex Froggy Flash Drive 8 GB,Technology,4.0,17.75,0.0,South
2017-11-01,CA-2017-123967,GBC Standard Plastic Binding Systems' Combs,Office Supplies,5.0,5.02,20.0,West
2017-11-01,CA-2017-123967,Hon 94000 Series Round Tables,Furniture,9.0,296.18,0.0,West
2017-09-07,CA-2017-148929,"Advantus 10-Drawer Portable Organizer, Chrome Metal Frame, Smoke Drawers",Office Supplies,8.0,59.76,0.0,East
2017-12-27,CA-2017-134404,AT&T 1080 Corded phone,Technology,2.0,82.19,40.0,East
2017-12-27,CA-2017-134404,BIC Brite Liner Highlighters,Office Supplies,4.0,3.31,20.0,East
2017-07-16,CA-2017-109778,"Crayola Anti Dust Chalk, 12/Pack",Office Supplies,2.0,1.46,20.0,Central
2016-08-12,CA-2016-155845,Logitech diNovo Edge Keyboard,Technology,7.0,199.99,20.0,Central
2017-07-09,CA-2017-145128,Eldon Antistatic Chair Mats for Low to Medium Pile Carpets,Furniture,5.0,105.29,0.0,Central
2014-11-22,CA-2014-129091,Fashion Color Clasp Envelopes,Office Supplies,3.0,5.41,0.0,South
2014-11-22,CA-2014-129091,GBC ProClick Punch Binding System,Office Supplies,5.0,63.98,0.0,South
2014-11-22,CA-2014-129091,Staple envelope,Office Supplies,2.0,5.68,0.0,South
2014-11-22,CA-2014-129091,Holmes Harmony HEPA Air Purifier for 17 x 20 Room,Office Supplies,3.0,225.04,0.0,South
2014-01-26,US-2014-155502,"GE General Use Halogen Bulbs, 100 Watts, 1 Bulb per Pack",Furniture,3.0,20.94,0.0,South
2014-01-26,US-2014-155502,"SAFCO Commercial Wire Shelving, 72h",Office Supplies,8.0,61.24,0.0,South
2014-01-26,US-2014-155502,"Eureka Recycled Copy Paper 8 1/2"" x 11"", Ream",Office Supplies,3.0,6.48,0.0,South
2014-01-26,US-2014-155502,"REDIFORM Incoming/Outgoing Call Register, 11"" X 8 1/2"", 100 Messages",Office Supplies,2.0,8.34,0.0,South
2014-01-26,US-2014-155502,Macally Suction Cup Mount,Technology,13.0,11.95,0.0,South
2014-01-26,US-2014-155502,Eldon Image Series Black Desk Accessories,Furniture,3.0,4.14,0.0,South
2014-01-26,US-2014-155502,Jabra SPEAK 410,Technology,2.0,93.99,0.0,South
2015-11-03,CA-2015-121041,"#10 Gummed Flap White Envelopes, 100/Box",Office Supplies,2.0,3.3,20.0,Central
2017-06-30,CA-2017-131695,Steel Personal Filing/Posting Tote,Office Supplies,7.0,35.51,0.0,East
2017-06-30,CA-2017-131695,"Executive Impressions 14""",Furniture,1.0,22.23,0.0,East
2016-05-05,CA-2016-137729,"Perma STOR-ALL Hanging File Box, 13 1/8""W x 12 1/4""D x 10 1/2""H",Office Supplies,1.0,5.98,0.0,West
2016-05-05,CA-2016-137729,Cisco Small Business SPA 502G VoIP phone,Technology,3.0,82.06,20.0,West
2016-09-08,US-2016-115455,"Executive Impressions 12"" Wall Clock",Furniture,2.0,7.07,60.0,Central
2016-09-08,US-2016-115455,Bretford CR8500 Series Meeting Room Furniture,Furniture,3.0,200.49,50.0,Central
2017-11-24,CA-2017-128300,Motorla HX550 Universal Bluetooth Headset,Technology,2.0,39.55,0.0,South
2017-11-24,CA-2017-128300,"Wilson Jones Ledger-Size, Piano-Hinge Binder, 2"", Blue",Office Supplies,8.0,40.98,0.0,South
2017-05-13,CA-2017-149048,Tyvek Side-Opening Peel & Seel Expanding Envelopes,Office Supplies,2.0,90.48,0.0,Central
2017-05-13,CA-2017-149048,Ibico Hi-Tech Manual Binding System,Office Supplies,3.0,304.99,0.0,Central
2017-05-13,CA-2017-149048,Plantronics Calisto P620-M USB Wireless Speakerphone System,Technology,3.0,195.99,0.0,Central
2017-05-13,CA-2017-149048,Tennsco 6- and 18-Compartment Lockers,Office Supplies,2.0,265.17,0.0,Central
2017-05-13,CA-2017-149048,Hammermill CopyPlus Copy Paper (20Lb. and 84 Bright),Office Supplies,3.0,4.98,0.0,Central
2017-04-23,CA-2017-108553,Tripp Lite Isotel 6 Outlet Surge Protector with Fax/Modem Protection,Office Supplies,2.0,60.97,0.0,East
2017-04-23,CA-2017-108553,"Acme 10"" Easy Grip Assistive Scissors",Office Supplies,7.0,17.53,0.0,East
2016-06-04,CA-2016-165848,Easy-staple paper,Office Supplies,3.0,4.98,0.0,East
2016-06-04,CA-2016-165848,Panasonic KX MC6040 Color Laser Multifunction Printer,Technology,3.0,449.95,0.0,East
2016-06-04,CA-2016-165848,Sauder Inglewood Library Bookcases,Furniture,1.0,136.78,20.0,East
2016-06-04,CA-2016-165848,"Linden 10"" Round Wall Clock, Black",Furniture,4.0,15.28,0.0,East
2014-12-16,CA-2014-112718,Avery Binder Labels,Office Supplies,1.0,1.17,70.0,South
2016-03-04,CA-2016-154053,Berol Giant Pencil Sharpener,Office Supplies,1.0,16.99,0.0,West
2014-11-25,CA-2014-127446,KeyTronic KT400U2 - Keyboard - Black,Technology,3.0,8.22,20.0,Central
2014-11-25,CA-2014-127446,Avery 520,Office Supplies,1.0,2.52,20.0,Central
2014-11-25,CA-2014-127446,Bretford CR4500 Series Slim Rectangular Table,Furniture,5.0,243.75,30.0,Central
2014-11-25,CA-2014-127446,Avery 52,Office Supplies,2.0,2.95,20.0,Central
2014-11-25,CA-2014-127446,Southworth 25% Cotton Granite Paper & Envelopes,Office Supplies,3.0,5.23,20.0,Central
2014-11-25,CA-2014-127446,"Master Caster Door Stop, Brown",Furniture,3.0,2.03,60.0,Central
2016-04-28,CA-2016-137204,"Global Stack Chair without Arms, Black",Furniture,2.0,20.78,20.0,West
2014-04-26,CA-2014-147298,Bevis Steel Folding Chairs,Furniture,3.0,76.76,20.0,West
2014-04-26,CA-2014-147298,"Acco Pressboard Covers with Storage Hooks, 14 7/8"" x 11"", Executive Red",Office Supplies,6.0,3.05,20.0,West
2017-04-01,CA-2017-147942,Avery 498,Office Supplies,2.0,2.89,0.0,West
2017-04-01,CA-2017-147942,Fellowes Binding Cases,Office Supplies,13.0,9.36,20.0,West
2017-12-22,CA-2017-115931,Design Ebony Sketching Pencil,Office Supplies,3.0,1.39,0.0,West
2017-12-22,CA-2017-115931,"iKross Bluetooth Portable Keyboard + Cell Phone Stand Holder + Brush for Apple iPhone 5S 5C 5, 4S 4",Technology,4.0,16.76,20.0,West
2017-12-22,CA-2017-115931,Eldon Simplefile Box Office,Office Supplies,3.0,12.44,0.0,West
2017-12-22,CA-2017-115931,Avery 517,Office Supplies,5.0,3.69,0.0,West
2014-12-03,CA-2014-164861,Xerox 214,Office Supplies,4.0,6.48,0.0,Central
2017-10-22,CA-2017-127180,Canon imageCLASS 2200 Advanced Copier,Technology,4.0,2799.99,20.0,East
2017-10-22,CA-2017-127180,Polycom CX600 IP Phone VoIP phone,Technology,8.0,299.95,0.0,East
2017-10-22,CA-2017-127180,Globe Weis Peel & Seel First Class Envelopes,Office Supplies,5.0,12.78,0.0,East
2017-10-22,CA-2017-127180,i.Sound Portable Power - 8000 mAh,Technology,1.0,52.99,0.0,East
2017-11-13,US-2017-165344,SanDisk Cruzer 32 GB USB Flash Drive,Technology,4.0,15.22,20.0,East
2017-11-13,US-2017-165344,Epson TM-T88V Direct Thermal Printer - Monochrome - Desktop,Technology,7.0,93.29,70.0,East
2017-11-13,US-2017-165344,Accohide Poly Flexible Ring Binders,Office Supplies,10.0,1.12,70.0,East
2015-09-10,CA-2015-168186,Xerox 1952,Office Supplies,3.0,4.98,0.0,Central
2017-05-15,US-2017-110604,24-Hour Round Wall Clock,Furniture,2.0,19.98,0.0,West
2017-05-15,US-2017-110604,SAFCO Optional Arm Kit for Workspace Cribbage Stacking Chair,Furniture,2.0,21.31,20.0,West
2017-05-15,US-2017-110604,SAFCO Arco Folding Chair,Furniture,1.0,220.96,20.0,West
2015-07-05,CA-2015-116750,Stackable Trays,Furniture,2.0,2.46,20.0,South
2015-07-05,CA-2015-116750,Wilson Jones Turn Tabs Binder Tool for Ring Binders,Office Supplies,5.0,1.45,70.0,South
2015-08-15,CA-2015-162369,Fellowes Super Stor/Drawer Files,Office Supplies,2.0,161.55,0.0,West
2017-06-12,CA-2017-108441,"TOPS Voice Message Log Book, Flash Format",Office Supplies,4.0,4.76,0.0,East
2017-06-12,CA-2017-108441,Angle-D Ring Binders,Office Supplies,3.0,4.38,20.0,East
2017-06-12,CA-2017-108441,Boston 1730 StandUp Electric Pencil Sharpener,Office Supplies,3.0,21.38,0.0,East
2017-06-12,CA-2017-108441,Safco Contoured Stacking Chairs,Furniture,4.0,214.56,10.0,East
2015-02-20,CA-2015-169740,Anker Ultrathin Bluetooth Wireless Keyboard Aluminum Cover with Stand ,Technology,1.0,29.99,0.0,South
2016-12-29,CA-2016-124051,White Computer Printout Paper by Universal,Office Supplies,6.0,31.01,20.0,Central
2016-04-17,CA-2016-149111,Motorola L804,Technology,1.0,36.79,20.0,South
2016-04-17,CA-2016-149111,"GE General Purpose, Extra Long Life, Showcase & Floodlight Incandescent Bulbs",Furniture,8.0,2.33,20.0,South
2014-09-07,CA-2014-131002,"Executive Impressions 13"" Clairmont Wall Clock",Furniture,3.0,19.23,0.0,Central
2014-09-07,CA-2014-131002,"GBC Laser Imprintable Binding System Covers, Desert Sand",Office Supplies,3.0,14.27,0.0,Central
2014-09-07,CA-2014-131002,Xerox 2000,Office Supplies,2.0,6.48,0.0,Central
2014-09-07,CA-2014-131002,"3M Polarizing Task Lamp with Clamp Arm, Light Gray",Furniture,6.0,136.98,0.0,Central
2014-09-07,CA-2014-131002,Plantronics Cordless Phone Headset with In-line Volume - M214C,Technology,3.0,34.95,0.0,Central
2016-09-26,US-2016-146794,Bestar Classic Bookcase,Furniture,5.0,84.99,15.0,West
2017-09-17,CA-2017-112515,Avery Non-Stick Binders,Office Supplies,3.0,3.59,20.0,West
2017-09-17,CA-2017-112515,"Acco Pressboard Covers with Storage Hooks, 14 7/8"" x 11"", Light Blue",Office Supplies,3.0,3.93,20.0,West
2017-09-17,CA-2017-112515,Green Bar Computer Printout Paper,Office Supplies,3.0,54.96,0.0,West
2017-09-17,CA-2017-112515,"Global Adaptabilites Bookcase, Cherry/Storm Gray Finish",Furniture,3.0,430.98,0.0,West
2017-09-17,CA-2017-112515,"GBC Pre-Punched Binding Paper, Plastic, White, 8-1/2"" x 11""",Office Supplies,2.0,12.79,20.0,West
2017-09-17,CA-2017-112515,"Mini 13-1/2 Capacity Data Binder Rack, Pearl",Office Supplies,2.0,130.87,0.0,West
2017-09-17,CA-2017-112515,Avery 514,Office Supplies,5.0,2.88,0.0,West
2016-08-16,CA-2016-150343,Convenience Packs of Business Envelopes,Office Supplies,3.0,3.62,0.0,West
2015-12-24,CA-2015-135538,SAFCO Arco Folding Chair,Furniture,4.0,220.96,20.0,West
2017-11-28,CA-2017-123372,Google Nexus 5,Technology,11.0,179.99,0.0,East
2017-11-28,CA-2017-123372,"Blue String-Tie & Button Interoffice Envelopes, 10 x 13",Office Supplies,2.0,39.98,0.0,East
2017-04-14,CA-2017-159604,Acco 3-Hole Punch,Office Supplies,2.0,4.38,0.0,Central
2016-05-01,CA-2016-164784,Avery 499,Office Supplies,1.0,3.98,20.0,South
2016-05-01,CA-2016-164784,Bevis 44 x 96 Conference Tables,Furniture,3.0,123.54,40.0,South
2016-05-01,CA-2016-164784,Newell 3-Hole Punched Plastic Slotted Magazine Holders for Binders,Office Supplies,2.0,1.37,70.0,South
2016-10-01,CA-2016-111794,Imation 16GB Mini TravelDrive USB 2.0 Flash Drive,Technology,3.0,26.5,20.0,Central
2016-10-01,CA-2016-111794,Easy-staple paper,Office Supplies,1.0,28.35,20.0,Central
2015-08-25,US-2015-139759,"Global Deluxe Stacking Chair, Gray",Furniture,1.0,40.78,20.0,West
2015-08-25,US-2015-139759,Fellowes Advanced Computer Series Surge Protectors,Office Supplies,4.0,26.49,0.0,West
2014-09-09,CA-2014-126403,Xerox 1913,Office Supplies,3.0,55.48,0.0,East
2014-09-09,CA-2014-126403,Global Italian Leather Office Chair,Furniture,6.0,130.98,0.0,East
2014-09-09,CA-2014-126403,Advantus Motivational Note Cards,Office Supplies,2.0,13.1,0.0,East
2014-09-09,CA-2014-126403,Tennsco 6- and 18-Compartment Lockers,Office Supplies,5.0,265.17,0.0,East
2017-12-03,CA-2017-136875,Xerox 1888,Office Supplies,3.0,55.48,0.0,West
2017-11-27,CA-2017-132185,Pencil and Crayon Sharpener,Office Supplies,5.0,1.75,20.0,South
2017-11-27,CA-2017-132185,Belkin 5 Outlet SurgeMaster Power Centers,Office Supplies,1.0,43.58,20.0,South
2014-06-21,US-2014-160780,"Wilson Jones 1"" Hanging DublLock Ring Binders",Office Supplies,7.0,1.58,70.0,West
2014-06-21,US-2014-160780,"Avery Trapezoid Extra Heavy Duty 4"" Binders",Office Supplies,2.0,12.58,70.0,West
2017-01-21,CA-2017-127026,Avery Durable Binders,Office Supplies,5.0,2.88,0.0,Central
2017-01-21,CA-2017-127026,Logitech G19 Programmable Gaming Keyboard,Technology,5.0,123.99,0.0,Central
2017-01-21,CA-2017-127026,"Avery Flip-Chart Easel Binder, Black",Office Supplies,4.0,22.38,0.0,Central
2017-01-21,CA-2017-127026,I.R.I.S IRISCard Anywhere 5 Card Scanner,Technology,3.0,116.99,10.0,Central
2017-01-21,CA-2017-127026,"Ativa D5772 2-Line 5.8GHz Digital Expandable Corded/Cordless Phone System with Answering & Caller ID/Call Waiting, Black/Silver",Technology,1.0,164.99,0.0,Central
2017-06-29,CA-2017-137085,Satellite Sectional Post Binders,Office Supplies,9.0,34.73,20.0,West
2016-09-06,CA-2016-133123,"Blue String-Tie & Button Interoffice Envelopes, 10 x 13",Office Supplies,3.0,31.98,20.0,South
2016-09-06,CA-2016-133123,Pressboard Data Binders by Wilson Jones,Office Supplies,2.0,1.6,70.0,South
2016-08-04,US-2016-128195,Ibico Presentation Index for Binding Systems,Office Supplies,5.0,0.8,80.0,Central
2015-11-12,CA-2015-153220,"Adams ""While You Were Out"" Message Pads",Office Supplies,5.0,3.14,0.0,West
2014-06-30,CA-2014-123064,BIC Brite Liner Grip Highlighters,Office Supplies,4.0,1.31,20.0,Central
2017-12-04,CA-2017-156412,Storex Dura Pro Binders,Office Supplies,3.0,1.78,70.0,East
2016-08-28,US-2016-144211,"Wirebound Four 2-3/4 x 5 Forms per Page, 400 Sets per Book",Office Supplies,3.0,5.16,20.0,West
2016-08-28,US-2016-144211,AT&T 17929 Lendline Telephone,Technology,3.0,36.19,20.0,West
2016-01-22,CA-2016-138079,"Contract Clock, 14"", Brown",Furniture,5.0,21.98,0.0,West
2014-10-15,CA-2014-143182,"Executive Impressions 13"" Clairmont Wall Clock",Furniture,1.0,15.38,20.0,South
2016-02-07,CA-2016-161662,Xerox 1912,Office Supplies,2.0,15.18,20.0,East
2014-03-18,CA-2014-145317,Hewlett-Packard Deskjet 6540 Color Inkjet Printer,Technology,4.0,205.32,50.0,South
2014-03-18,CA-2014-145317,Cisco TelePresence System EX90 Videoconferencing Unit,Technology,6.0,3773.08,50.0,South
2014-03-18,CA-2014-145317,Xerox 195,Office Supplies,4.0,5.34,20.0,South
2014-03-18,CA-2014-145317,Avery Fluorescent Highlighter Four-Color Set,Office Supplies,3.0,2.67,20.0,South
2014-03-18,CA-2014-145317,"Executive Impressions 13"" Clairmont Wall Clock",Furniture,2.0,15.38,20.0,South
2014-03-18,CA-2014-145317,Staples,Office Supplies,3.0,6.31,20.0,South
2014-03-18,CA-2014-145317,"Dana Fluorescent Magnifying Lamp, White, 36""",Furniture,3.0,40.78,20.0,South
2014-05-24,CA-2014-143413,Xerox 1944,Office Supplies,3.0,38.76,0.0,East
2017-07-11,CA-2017-156818,SanDisk Ultra 32 GB MicroSDHC Class 10 Memory Card,Technology,6.0,22.1,0.0,East
2017-06-16,CA-2017-155873,Acme Elite Stainless Steel Scissors,Office Supplies,2.0,8.34,0.0,West
2017-06-16,CA-2017-155873,Xerox 215,Office Supplies,3.0,6.48,0.0,West
2017-06-16,CA-2017-155873,Xerox 1885,Office Supplies,4.0,48.04,0.0,West
2015-01-30,CA-2015-121797,"Computer Room Manger, 14""",Furniture,7.0,32.48,0.0,West
2015-01-30,CA-2015-121797,Bady BDG101FRU Card Printer,Technology,3.0,639.99,20.0,West
2015-12-11,US-2015-120572,Acco D-Ring Binder w/DublLock,Office Supplies,2.0,6.41,70.0,South
2017-10-09,CA-2017-132430,Nu-Dell Leatherette Frames,Furniture,4.0,11.47,20.0,East
2017-07-29,CA-2017-146031,Sanford Liquid Accent Highlighters,Office Supplies,9.0,6.68,0.0,East
2014-04-25,CA-2014-110100,AT&T CL2909,Technology,3.0,100.79,20.0,South
2015-12-01,CA-2015-103723,Prang Drawing Pencil Set,Office Supplies,5.0,2.78,0.0,West
2014-12-04,CA-2014-127187,Plantronics Voyager Pro HD - Bluetooth Headset,Technology,2.0,64.99,0.0,East
2017-08-26,CA-2017-128475,Sony 64GB Class 10 Micro SDHC R40 Memory Card,Technology,2.0,35.99,0.0,South
2014-09-07,CA-2014-100006,AT&T EL51110 DECT,Technology,3.0,125.99,0.0,East
2017-12-21,CA-2017-144827,"Fellowes Mobile File Cart, Black",Office Supplies,2.0,62.18,0.0,West
2014-12-06,CA-2014-110030,12-1/2 Diameter Round Wall Clock,Furniture,3.0,7.99,60.0,Central
2014-11-04,CA-2014-121286,OIC Bulk Pack Metal Binder Clips,Office Supplies,3.0,2.79,20.0,South
2014-11-04,CA-2014-121286,Acco 6 Outlet Guardian Premium Surge Suppressor,Office Supplies,5.0,11.65,20.0,South
2016-04-14,CA-2016-164735,Acco Perma 4000 Stacking Storage Drawers,Office Supplies,5.0,16.24,0.0,South
2014-10-04,CA-2014-153479,Avery 512,Office Supplies,5.0,2.89,0.0,West
2014-10-04,CA-2014-153479,GBC Recycled Regency Composition Covers,Office Supplies,2.0,47.82,20.0,West
2017-11-07,CA-2017-149888,Jabra Supreme Plus Driver Edition Headset,Technology,5.0,71.99,40.0,East
2017-11-07,CA-2017-149888,Bevis Rectangular Conference Tables,Furniture,4.0,87.59,40.0,East
2017-12-22,CA-2017-119193,Angle-D Ring Binders,Office Supplies,1.0,1.64,70.0,East
2017-12-22,CA-2017-119193,Panasonic KX-TG9541B DECT 6.0 Digital 2-Line Expandable Cordless Phone With Digital Answering System,Technology,7.0,89.99,40.0,East
2017-02-13,CA-2017-104801,Newell 311,Office Supplies,3.0,2.21,0.0,West
2017-02-13,CA-2017-104801,Razer Tiamat Over Ear 7.1 Surround Sound PC Gaming Headset,Technology,4.0,199.99,0.0,West
2017-02-13,CA-2017-104801,"Tenex Contemporary Contur Chairmats for Low and Medium Pile Carpet, Computer, 39"" x 49""",Furniture,1.0,107.53,0.0,West
2014-07-02,CA-2014-107594,"Logitech B530 USB Headset - headset - Full size, Binaural",Technology,2.0,36.99,0.0,East
2014-07-02,CA-2014-107594,DIXON Ticonderoga Erasable Checking Pencils,Office Supplies,1.0,5.58,0.0,East
2015-02-21,CA-2015-129770,Easy-staple paper,Office Supplies,4.0,12.28,0.0,West
2015-11-13,CA-2015-115798,BlackBerry Q10,Technology,3.0,125.99,0.0,East
2015-11-13,CA-2015-115798,"Adams Telephone Message Books, 5 1/4” x 11”",Office Supplies,7.0,6.04,0.0,East
2015-11-13,CA-2015-115798,Bestar Classic Bookcase,Furniture,3.0,99.99,0.0,East
2015-11-13,CA-2015-115798,Innergie mMini Combo Duo USB Travel Charging Kit,Technology,2.0,44.99,0.0,East
2017-04-16,CA-2017-122707,Compact Automatic Electric Letter Opener,Office Supplies,4.0,119.31,0.0,South
2017-04-16,CA-2017-122707,SanDisk Ultra 16 GB MicroSDHC Class 10 Memory Card,Technology,2.0,12.99,0.0,South
2016-02-25,CA-2016-165015,Staple envelope,Office Supplies,5.0,9.34,20.0,East
2014-11-04,CA-2014-149244,"Executive Impressions 12"" Wall Clock",Furniture,2.0,17.67,0.0,West
2015-06-20,CA-2015-140144,"Howard Miller 13"" Diameter Pewter Finish Round Wall Clock",Furniture,6.0,42.94,0.0,West
2015-06-20,CA-2015-140144,netTALK DUO VoIP Telephone Service,Technology,3.0,41.99,20.0,West
2017-08-07,CA-2017-163321,Logitech G700s Rechargeable Gaming Mouse,Technology,1.0,79.99,20.0,South
2014-05-12,CA-2014-155887,"Bevis Traditional Conference Table Top, Plinth Base",Furniture,3.0,233.35,30.0,East
2015-11-22,US-2015-165449,SanDisk Cruzer 8 GB USB Flash Drive,Technology,4.0,6.79,20.0,Central
2015-12-04,CA-2015-110247,SpineVue Locking Slant-D Ring Binders by Cardinal,Office Supplies,3.0,2.74,70.0,South
2014-06-08,US-2014-141257,"Hon Deluxe Fabric Upholstered Stacking Chairs, Squared Back",Furniture,3.0,195.18,20.0,West
2014-08-08,CA-2014-154669,Advantus Rolling Drawer Organizers,Office Supplies,11.0,38.48,0.0,West
2014-05-26,CA-2014-158029,Hon Olson Stacker Stools,Furniture,2.0,112.65,20.0,West
2015-04-17,CA-2015-155306,Prang Drawing Pencil Set,Office Supplies,2.0,2.78,0.0,West
2015-04-17,CA-2015-155306,Plantronics S12 Corded Telephone Headset System,Technology,3.0,107.79,0.0,West
2015-04-17,CA-2015-155306,Plantronics Calisto P620-M USB Wireless Speakerphone System,Technology,5.0,156.79,20.0,West
2015-04-17,CA-2015-155306,Hoover Upright Vacuum With Dirt Cup,Office Supplies,5.0,289.53,0.0,West
2015-04-17,CA-2015-155306,Xerox 1903,Office Supplies,2.0,5.98,0.0,West
2016-06-11,CA-2016-127775,Razer Kraken PRO Over Ear PC and Music Headset,Technology,3.0,79.99,0.0,East
2016-03-11,CA-2016-146171,"Executive Impressions 13"" Clairmont Wall Clock",Furniture,4.0,19.23,0.0,South
2016-03-11,CA-2016-146171,Iceberg Mobile Mega Data/Printer Cart ,Office Supplies,4.0,120.33,0.0,South
2014-05-26,CA-2014-129574,"Wirebound Service Call Books, 5 1/2"" x 4""",Office Supplies,5.0,9.68,0.0,West
2017-10-12,CA-2017-126536,Maxell 4.7GB DVD-R 5/Pack,Technology,1.0,0.99,0.0,West
2017-10-12,CA-2017-126536,Canvas Sectional Post Binders,Office Supplies,5.0,20.37,20.0,West
2017-06-22,CA-2017-165757,GBC Plasticlear Binding Covers,Office Supplies,3.0,3.44,70.0,East
2017-06-22,CA-2017-165757,Wilson Jones Century Plastic Molded Ring Binders,Office Supplies,5.0,6.23,70.0,East
2017-06-22,CA-2017-165757,Plastic Stacking Crates & Casters,Office Supplies,2.0,4.46,20.0,East
2017-01-15,CA-2017-167752,Belkin F9M820V08 8 Outlet Surge,Office Supplies,1.0,34.38,20.0,East
2017-01-15,CA-2017-167752,Honeywell Enviracaire Portable HEPA Air Cleaner for 17' x 22' Room,Office Supplies,8.0,240.52,20.0,East
2015-04-02,US-2015-122140,APC 7 Outlet Network SurgeArrest Surge Protector,Office Supplies,2.0,16.1,80.0,Central
2015-04-02,US-2015-122140,Kingston Digital DataTraveler 16GB USB 2.0,Technology,7.0,7.16,20.0,Central
2015-04-02,US-2015-122140,Anker Ultra-Slim Mini Bluetooth 3.0 Wireless Keyboard,Technology,3.0,15.99,20.0,Central
2016-09-03,CA-2016-163986,Crate-A-Files,Office Supplies,5.0,10.9,0.0,Central
2017-12-10,CA-2017-158967,Staple-based wall hangings,Furniture,3.0,6.37,20.0,South
2016-11-22,CA-2016-131576,Ibico Standard Transparent Covers,Office Supplies,3.0,16.48,0.0,Central
2017-11-11,CA-2017-143455,Xerox 222,Office Supplies,2.0,5.18,20.0,East
2016-10-21,CA-2016-144729,"Belkin 19"" Vented Equipment Shelf, Black",Office Supplies,3.0,51.48,0.0,West
2015-12-21,CA-2015-127019,Belkin 6 Outlet Metallic Surge Strip,Office Supplies,7.0,8.71,20.0,West
2015-07-17,CA-2015-138534,"Sauder Camden County Collection Libraries, Planked Cherry Finish",Furniture,2.0,97.73,15.0,West
2017-04-30,CA-2017-108322,3M Hangers With Command Adhesive,Furniture,8.0,2.96,20.0,South
2017-04-30,CA-2017-108322,Maxell 4.7GB DVD+R 5/Pack,Technology,3.0,0.79,20.0,South
2017-05-06,CA-2017-167668,Avery 505,Office Supplies,4.0,14.8,0.0,East
2017-11-20,CA-2017-146724,"Sanford Uni-Blazer View Highlighters, Chisel Tip, Yellow",Office Supplies,10.0,2.2,0.0,Central
2016-11-11,CA-2016-139878,Digium D40 VoIP phone,Technology,2.0,128.99,0.0,Central
2016-11-05,US-2016-106677,Anker Astro Mini 3000mAh Ultra-Compact Portable Charger,Technology,2.0,11.99,40.0,East
2016-10-09,CA-2016-116974,Mediabridge Sport Armband iPhone 5s,Technology,4.0,5.99,40.0,East
2015-09-21,CA-2015-149972,Hon Every-Day Series Multi-Task Chairs,Furniture,4.0,150.38,20.0,West
2015-09-21,CA-2015-149972,Advantus Map Pennant Flags and Round Head Tacks,Office Supplies,2.0,3.95,0.0,West
2014-12-02,US-2014-117744,"Deflect-o SuperTray Unbreakable Stackable Tray, Letter, Black",Furniture,5.0,11.67,60.0,Central
2014-12-02,US-2014-117744,Newell 343,Office Supplies,7.0,2.35,20.0,Central
2014-12-02,US-2014-117744,12-1/2 Diameter Round Wall Clock,Furniture,5.0,7.99,60.0,Central
2014-09-21,CA-2014-125514,Fellowes Basic Home/Office Series Surge Protectors,Office Supplies,2.0,12.98,0.0,Central
2014-09-21,CA-2014-125514,Acco 6 Outlet Guardian Standard Surge Suppressor,Office Supplies,3.0,12.09,0.0,Central
2014-09-21,CA-2014-125514,Xerox 224,Office Supplies,1.0,6.48,0.0,Central
2014-04-12,CA-2014-154599,Pyle PMP37LED,Technology,14.0,76.79,20.0,West
2014-04-12,CA-2014-154599,AT&T 1080 Corded phone,Technology,4.0,109.59,20.0,West
2014-04-12,CA-2014-154599,Recycled Pressboard Report Cover with Reinforced Top Hinge,Office Supplies,7.0,2.58,20.0,West
2014-04-12,CA-2014-154599,O'Sullivan Living Dimensions 2-Shelf Bookcases,Furniture,3.0,102.83,15.0,West
2017-10-20,CA-2017-158743,"Eldon Spacemaker Box, Quick-Snap Lid, Clear",Office Supplies,4.0,3.34,0.0,South
2017-10-20,CA-2017-158743,Xerox 1884,Office Supplies,2.0,19.98,0.0,South
2017-10-20,CA-2017-158743,Binding Machine Supplies,Office Supplies,5.0,29.17,0.0,South
2016-10-25,CA-2016-153318,Panasonic KX-TG9471B,Technology,5.0,156.79,20.0,South
2015-11-01,US-2015-110163,Lumber Crayons,Office Supplies,1.0,7.88,20.0,West
2017-11-03,CA-2017-143329,9-3/4 Diameter Round Wall Clock,Furniture,3.0,13.79,0.0,West
2015-05-12,CA-2015-159380,Xerox 1962,Office Supplies,3.0,4.28,0.0,West
2015-05-12,CA-2015-159380,Xerox 1953,Office Supplies,6.0,4.28,0.0,West
2015-09-07,CA-2015-122623,"Metal Folding Chairs, Beige, 4/Carton",Furniture,2.0,23.76,30.0,Central
2015-07-25,CA-2015-148635,Plymouth Boxed Rubber Bands by Plymouth,Office Supplies,2.0,4.71,0.0,West
2015-07-25,CA-2015-148635,Xerox 228,Office Supplies,2.0,6.48,0.0,West
2015-07-25,CA-2015-148635,"Sauder Forest Hills Library, Woodland Oak Finish",Furniture,5.0,140.98,0.0,West
2015-07-25,CA-2015-148635,Office Star - Professional Matrix Back Chair with 2-to-1 Synchro Tilt and Mesh Fabric Seat,Furniture,2.0,280.78,20.0,West
2015-11-16,CA-2015-135685,Xerox 191,Office Supplies,9.0,19.98,0.0,Central
2015-11-16,CA-2015-135685,"Advantus Employee of the Month Certificate Frame, 11 x 13-1/2",Furniture,6.0,30.93,0.0,Central
2015-11-16,CA-2015-135685,"Lesro Sheffield Collection Coffee Table, End Table, Center Table, Corner Table",Furniture,3.0,71.37,0.0,Central
2015-11-16,CA-2015-135685,Logitech diNovo Edge Keyboard,Technology,4.0,249.99,0.0,Central
2015-11-16,CA-2015-135685,"Chromcraft Bull-Nose Wood Round Conference Table Top, Wood Base",Furniture,3.0,217.85,0.0,Central
2015-09-01,CA-2015-104626,Deluxe Heavy-Duty Vinyl Round Ring Binder,Office Supplies,5.0,22.92,0.0,East
2015-09-01,CA-2015-104626,"Global Value Steno Chair, Gray",Furniture,1.0,60.74,0.0,East
2015-09-01,CA-2015-104626,Deflect-o Glass Clear Studded Chair Mats,Furniture,2.0,62.18,0.0,East
2015-09-01,CA-2015-104626,Adjustable Depth Letter/Legal Cart,Office Supplies,6.0,181.46,0.0,East
2016-05-05,CA-2016-160500,Computer Printout Index Tabs,Office Supplies,5.0,1.34,20.0,West
2016-05-05,CA-2016-160500,Bevis 36 x 72 Conference Tables,Furniture,3.0,99.59,20.0,West
2016-12-31,CA-2017-100202,Adtran 1202752G1,Technology,3.0,100.79,20.0,West
2017-09-18,CA-2017-131016,Newell 314,Office Supplies,2.0,4.46,20.0,Central
2017-09-18,CA-2017-131016,Acco Perma 2700 Stacking Storage Drawers,Office Supplies,2.0,23.79,20.0,Central
2014-09-25,US-2014-112914,Xerox 1954,Office Supplies,8.0,4.22,20.0,Central
2014-09-25,US-2014-112914,O'Sullivan Living Dimensions 5-Shelf Bookcases,Furniture,2.0,150.27,32.0,Central
2014-09-25,US-2014-112914,Avery Self-Adhesive Photo Pockets for Polaroid Photos,Office Supplies,2.0,1.36,80.0,Central
2014-09-25,US-2014-112914,Poly String Tie Envelopes,Office Supplies,2.0,1.63,20.0,Central
2016-04-23,CA-2016-124149,Embossed Ink Jet Note Cards,Office Supplies,6.0,18.06,20.0,East
2016-04-23,CA-2016-124149,Eldon Fold 'N Roll Cart System,Office Supplies,5.0,11.18,20.0,East
2016-04-23,CA-2016-124149,Xerox 1942,Office Supplies,2.0,39.15,20.0,East
2014-11-01,CA-2014-148915,"Carina Mini System Audio Rack, Model AR050B",Office Supplies,5.0,88.78,20.0,West
2014-11-01,CA-2014-148915,Plantronics Voyager Pro HD - Bluetooth Headset,Technology,3.0,51.99,20.0,West
2017-01-26,CA-2017-134649,Newell 311,Office Supplies,7.0,2.21,0.0,South
2017-01-26,CA-2017-134649,Avery Poly Binder Pockets,Office Supplies,2.0,3.58,0.0,South
2017-11-11,CA-2017-110842,Belkin 6 Outlet Metallic Surge Strip,Office Supplies,1.0,10.89,0.0,West
2017-11-11,CA-2017-110842,Xerox 201,Office Supplies,3.0,6.48,0.0,West
2017-11-11,CA-2017-110842,Ibico Plastic Spiral Binding Combs,Office Supplies,5.0,24.32,20.0,West
2016-06-09,CA-2016-147368,Cisco CP-7937G Unified IP Conference Station Phone,Technology,2.0,347.85,50.0,South
2015-09-03,US-2015-104185,Iceberg Mobile Mega Data/Printer Cart ,Office Supplies,1.0,120.33,0.0,East
2014-03-14,US-2014-125521,Global Commerce Series High-Back Swivel/Tilt Chairs,Furniture,4.0,284.98,0.0,South
2017-08-31,US-2017-135062,Xerox 1945,Office Supplies,7.0,32.79,20.0,South
2017-03-23,CA-2017-135650,Fellowes Officeware Wire Shelving,Office Supplies,2.0,71.86,20.0,Central
2017-05-18,CA-2017-112865,KeyTronic KT800P2 - Keyboard - Black,Technology,3.0,12.02,20.0,East
2016-12-27,US-2016-162852,"Global Manager's Adjustable Task Chair, Storm",Furniture,8.0,105.69,30.0,Central
2017-11-17,CA-2017-138163,Stanley Bostitch Contemporary Electric Pencil Sharpeners,Office Supplies,3.0,16.98,0.0,East
2017-09-10,CA-2017-152093,Fellowes PB500 Electric Punch Plastic Comb Binding Machine with Manual Bind,Office Supplies,3.0,254.2,80.0,Central
2017-04-08,CA-2017-157854,"Eldon Expressions Punched Metal & Wood Desk Accessories, Black & Cherry",Furniture,6.0,9.38,0.0,South
2017-04-08,CA-2017-157854,GBC DocuBind TL300 Electric Binding System,Office Supplies,3.0,896.99,0.0,South
2016-11-28,CA-2016-123617,ACCOHIDE Binder by Acco,Office Supplies,6.0,1.24,70.0,South
2016-06-02,US-2016-128293,Carina Double Wide Media Storage Towers in Natural & Black,Office Supplies,1.0,64.78,20.0,East
2017-12-17,CA-2017-107342,"Wirebound Message Books, 2 7/8"" x 5"", 3 Forms per Page",Office Supplies,4.0,7.04,0.0,Central
2016-03-19,CA-2016-136371,"GE 4 Foot Flourescent Tube, 40 Watt",Furniture,1.0,14.98,0.0,East
2016-03-19,CA-2016-136371,"Master Caster Door Stop, Brown",Furniture,4.0,5.08,0.0,East
2017-08-20,CA-2017-137344,"Neat Ideas Personal Hanging Folder Files, Black",Office Supplies,3.0,13.43,0.0,East
2017-07-25,CA-2017-169810,Avery 498,Office Supplies,7.0,2.89,0.0,Central
2016-08-26,CA-2016-128594,Global Troy Executive Leather Low-Back Tilter,Furniture,4.0,400.78,20.0,West
2016-08-15,CA-2016-154690,Hon Olson Stacker Stools,Furniture,2.0,112.65,20.0,South
2017-05-19,CA-2017-138975,Kingston Digital DataTraveler 32GB USB 2.0,Technology,4.0,16.95,0.0,South
2017-05-19,CA-2017-138975,Nokia Lumia 925,Technology,3.0,125.99,0.0,South
2017-05-19,CA-2017-138975,O'Sullivan 2-Door Barrister Bookcase in Odessa Pine,Furniture,9.0,180.98,0.0,South
2017-05-19,CA-2017-138975,Xerox 1945,Office Supplies,7.0,40.99,0.0,South
2017-08-12,CA-2017-106537,Xerox 2000,Office Supplies,4.0,5.18,20.0,South
2017-08-13,US-2017-103828,Sterilite Officeware Hinged File Box,Office Supplies,3.0,10.48,0.0,West
2017-08-13,US-2017-103828,Staple holder,Office Supplies,7.0,11.97,0.0,West
2017-08-13,US-2017-103828,Newell 345,Office Supplies,3.0,19.84,0.0,West
2017-08-13,US-2017-103828,Staple remover,Office Supplies,4.0,7.98,0.0,West
2016-11-10,CA-2016-115588,Staple remover,Office Supplies,5.0,2.94,20.0,East
2016-11-10,CA-2016-115588,Acco Perma 4000 Stacking Storage Drawers,Office Supplies,3.0,12.99,20.0,East
2017-06-12,CA-2017-143861,Dana Swing-Arm Lamps,Furniture,2.0,8.54,20.0,South
2014-03-22,CA-2014-148040,Xerox 1951,Office Supplies,3.0,24.78,20.0,West
2014-03-22,CA-2014-148040,Office Star - Mesh Screen back chair with Vinyl seat,Furniture,3.0,104.78,20.0,West
2017-06-15,CA-2017-135167,"Dixon Prang Watercolor Pencils, 10-Color Set with Brush",Office Supplies,1.0,4.26,0.0,West
2017-11-16,CA-2017-137022,Tennsco Regal Shelving Units,Office Supplies,8.0,101.41,0.0,West
2017-12-29,US-2017-102638,Ideal Clamps,Office Supplies,3.0,2.01,0.0,East
2016-01-21,US-2016-167339,Global Super Steno Chair,Furniture,2.0,76.78,20.0,West
2016-01-21,US-2016-167339,Global Ergonomic Managers Chair,Furniture,7.0,144.78,20.0,West
2016-01-15,CA-2016-152072,Quality Park Security Envelopes,Office Supplies,2.0,26.17,0.0,East
2016-01-15,CA-2016-152072,American Pencil,Office Supplies,2.0,2.33,0.0,East
2016-01-15,CA-2016-152072,Logitech Gaming G510s - Keyboard,Technology,3.0,84.99,0.0,East
2016-09-19,CA-2016-102932,Storex DuraTech Recycled Plastic Frosted Binders,Office Supplies,6.0,4.24,0.0,East
2016-09-19,CA-2016-102932,Acme Forged Steel Scissors with Black Enamel Handles,Office Supplies,3.0,9.31,0.0,East
2014-02-21,CA-2014-165540,GBC Standard Plastic Binding Systems Combs,Office Supplies,5.0,1.77,80.0,Central
2016-11-11,CA-2016-130799,"Eldon Regeneration Recycled Desk Accessories, Smoke",Furniture,4.0,1.74,0.0,West
2016-01-30,CA-2016-164483,Heavy-Duty E-Z-D Binders,Office Supplies,2.0,8.73,20.0,West
2016-10-18,US-2016-159856,Global Deluxe Steno Chair,Furniture,5.0,61.58,20.0,West
2017-12-18,CA-2017-102099,Newell 327,Office Supplies,3.0,2.21,0.0,West
2017-12-18,CA-2017-102099,Xerox 1996,Office Supplies,2.0,6.48,0.0,West
2017-12-18,CA-2017-102099,Xerox 213,Office Supplies,5.0,6.48,0.0,West
2017-11-02,CA-2017-164049,"Wirebound Message Books, Four 2 3/4 x 5 Forms per Page, 200 Sets per Book",Office Supplies,5.0,4.77,0.0,West
2014-04-29,CA-2014-142727,"Global Stack Chair without Arms, Black",Furniture,2.0,25.98,0.0,South
2014-04-29,CA-2014-142727,Avery Non-Stick Heavy Duty View Round Locking Ring Binders,Office Supplies,3.0,5.98,0.0,South
2017-10-23,CA-2017-139913,Xerox 1969,Office Supplies,2.0,5.78,0.0,East
2017-10-23,CA-2017-139913,Xerox 4200 Series MultiUse Premium Copy Paper (20Lb. and 84 Bright),Office Supplies,5.0,5.28,0.0,East
2017-10-23,CA-2017-139913,"Eldon 200 Class Desk Accessories, Smoke",Furniture,11.0,6.28,0.0,East
2017-10-23,CA-2017-139913,I Need's 3d Hello Kitty Hybrid Silicone Case Cover for HTC One X 4g with 3d Hello Kitty Stylus Pen Green/pink,Technology,3.0,11.96,0.0,East
2014-03-30,CA-2014-169033,Peel-Off China Markers,Office Supplies,5.0,9.93,0.0,East
2016-01-04,US-2016-164630,Hewlett Packard 310 Color Digital Copier,Technology,4.0,239.99,20.0,South
2015-04-26,US-2015-114839,Hon 4070 Series Pagoda Armless Upholstered Stacking Chairs,Furniture,2.0,204.21,30.0,Central
2015-09-12,CA-2015-166464,Hewlett Packard 310 Color Digital Copier,Technology,2.0,239.99,20.0,East
2015-09-12,CA-2015-166464,Avery 520,Office Supplies,4.0,3.15,0.0,East
2017-09-11,CA-2017-124898,Xerox 1935,Office Supplies,7.0,26.38,0.0,South
2016-06-12,CA-2016-164035,Xerox 1978,Office Supplies,5.0,4.62,20.0,Central
2016-06-27,CA-2016-153577,"Wirebound Message Books, Four 2 3/4 x 5 White Forms per Page",Office Supplies,7.0,5.35,20.0,Central
2016-06-27,CA-2016-153577,Global Commerce Series Low-Back Swivel/Tilt Chairs,Furniture,3.0,179.89,30.0,Central
2014-09-26,CA-2014-127586,"Dual Level, Single-Width Filing Carts",Office Supplies,2.0,155.06,0.0,West
2017-11-03,CA-2017-121615,Xerox 1971,Office Supplies,2.0,4.28,0.0,Central
2017-11-03,CA-2017-121615,Sterilite Officeware Hinged File Box,Office Supplies,5.0,10.48,0.0,Central
2017-11-03,CA-2017-121615,Avery 513,Office Supplies,3.0,4.98,0.0,Central
2017-02-19,CA-2017-166415,Rubber Band Ball,Office Supplies,3.0,3.74,0.0,West
2015-11-05,CA-2015-118444,"Belkin 325VA UPS Surge Protector, 6'",Office Supplies,4.0,96.78,20.0,South
2014-06-16,CA-2014-113929,Staple envelope,Office Supplies,5.0,8.28,0.0,East
2014-06-16,CA-2014-113929,Boston 16750 Black Compact Battery Pencil Sharpener,Office Supplies,4.0,8.75,0.0,East
2014-06-16,CA-2014-113929,Ibico Standard Transparent Covers,Office Supplies,3.0,13.18,20.0,East
2015-10-12,CA-2015-134747,AT&T 17929 Lendline Telephone,Technology,3.0,45.24,0.0,Central
2015-10-12,CA-2015-134747,GBC Standard Plastic Binding Systems' Combs,Office Supplies,2.0,6.28,0.0,Central
2015-10-12,CA-2015-134747,Samsung Rugby III,Technology,4.0,65.99,0.0,Central
2017-08-27,CA-2017-155047,"Eberhard Faber 3 1/2"" Golf Pencils",Office Supplies,1.0,5.95,20.0,Central
2016-11-23,CA-2016-160129,Advantus Map Pennant Flags and Round Head Tacks,Office Supplies,5.0,3.16,20.0,East
2016-11-23,CA-2016-160129,Nu-Dell Float Frame 11 x 14 1/2,Furniture,2.0,7.18,20.0,East
2016-11-23,CA-2016-160129,"DAX Executive Solid Wood Document Frame, Desktop or Hang, Mahogany, 5 x 7",Furniture,7.0,10.06,20.0,East
2017-01-30,CA-2017-164329,Space Solutions Commercial Steel Shelving,Office Supplies,2.0,64.65,0.0,West
2015-11-30,US-2015-141453,GBC Instant Report Kit,Office Supplies,3.0,1.29,80.0,Central
2014-06-28,CA-2014-156993,Staples,Office Supplies,1.0,6.08,0.0,Central
2014-09-02,CA-2014-157721,"Holmes Cool Mist Humidifier for the Whole House with 8-Gallon Output per Day, Extended Life Filter",Office Supplies,1.0,19.9,0.0,East
2014-09-02,CA-2014-157721,"Tenex Carpeted, Granite-Look or Clear Contemporary Contour Shape Chair Mats",Furniture,1.0,70.71,0.0,East
2017-07-10,CA-2017-128629,"Eldon 200 Class Desk Accessories, Smoke",Furniture,3.0,6.28,0.0,South
2017-06-04,CA-2017-158106,Newell 346,Office Supplies,3.0,2.88,0.0,Central
2017-10-19,US-2017-120390,GBC DocuBind P400 Electric Binding System,Office Supplies,4.0,408.3,70.0,South
2017-11-18,CA-2017-143434,"C-Line Magnetic Cubicle Keepers, Clear Polypropylene",Furniture,4.0,4.94,0.0,Central
2015-08-08,CA-2015-168564,"ACCOHIDE 3-Ring Binder, Blue, 1""",Office Supplies,2.0,3.3,20.0,West
2015-08-08,CA-2015-168564,Presstex Flexible Ring Binders,Office Supplies,2.0,3.64,20.0,West
2015-08-08,CA-2015-168564,Global Ergonomic Managers Chair,Furniture,1.0,144.78,20.0,West
2016-12-06,US-2016-169040,Plantronics Calisto P620-M USB Wireless Speakerphone System,Technology,1.0,156.79,20.0,West
2016-12-06,US-2016-169040,Google Nexus 5,Technology,3.0,143.99,20.0,West
2016-12-06,US-2016-169040,Jet-Pak Recycled Peel 'N' Seal Padded Mailers,Office Supplies,1.0,35.89,0.0,West
2016-12-06,US-2016-169040,Ibico Plastic and Wire Spiral Binding Combs,Office Supplies,7.0,6.74,20.0,West
2016-12-06,US-2016-169040,Xerox 1880,Office Supplies,7.0,35.44,0.0,West
2016-12-06,US-2016-169040,"Snap-A-Way Black Print Carbonless Ruled Speed Letter, Triplicate",Office Supplies,5.0,37.94,0.0,West
2016-12-06,US-2016-169040,GBC Standard Therm-A-Bind Covers,Office Supplies,3.0,19.94,20.0,West
2017-03-25,CA-2017-155880,Global Highback Leather Tilter in Burgundy,Furniture,1.0,90.99,0.0,Central
2017-03-25,CA-2017-155880,"Lifetime Advantage Folding Chairs, 4/Carton",Furniture,7.0,218.08,0.0,Central
2017-03-25,CA-2017-155880,"Global High-Back Leather Tilter, Burgundy",Furniture,3.0,122.99,0.0,Central
2017-11-19,CA-2017-126242,"File Shuttle II and Handi-File, Black",Office Supplies,9.0,33.89,0.0,West
2017-11-19,CA-2017-126242,"Executive Impressions 13-1/2"" Indoor/Outdoor Wall Clock",Furniture,1.0,18.7,0.0,West
2016-11-04,CA-2016-166443,Advantus Panel Wall Acrylic Frame,Furniture,7.0,5.47,0.0,West
2017-12-14,CA-2017-169859,"Eldon 400 Class Desk Accessories, Black Carbon",Furniture,3.0,8.75,0.0,West
2017-12-14,CA-2017-169859,"Wilson Jones Clip & Carry Folder Binder Tool for Ring Binders, Clear",Office Supplies,14.0,4.64,20.0,West
2017-12-14,CA-2017-169859,"#10- 4 1/8"" x 9 1/2"" Recycled Envelopes",Office Supplies,5.0,8.74,0.0,West
2017-11-12,CA-2017-134915,Memorex Micro Travel Drive 8 GB,Technology,4.0,10.4,20.0,West
2017-11-12,CA-2017-134915,Xerox 1978,Office Supplies,5.0,4.62,20.0,West
2017-11-12,CA-2017-134915,Harbour Creations 67200 Series Stacking Chairs,Furniture,2.0,56.94,20.0,West
2017-11-12,CA-2017-134915,"Tenex V2T-RE Standard Weight Series Chair Mat, 45"" x 53"", Lip 25"" x 12""",Furniture,2.0,56.78,20.0,West
2017-11-12,CA-2017-134915,Cush Cases Heavy Duty Rugged Cover Case for Samsung Galaxy S5 - Purple,Technology,2.0,3.96,20.0,West
2017-11-12,CA-2017-134915,Samsung Galaxy Mega 6.3,Technology,2.0,335.99,20.0,West
2016-08-18,CA-2016-153353,GE DSL Phone Line Filter,Technology,1.0,39.99,0.0,East
2017-06-27,CA-2017-123638,"Situations Contoured Folding Chairs, 4/Set",Furniture,3.0,63.88,10.0,East
2017-05-04,CA-2017-168900,DXL Angle-View Binders with Locking Rings by Samsill,Office Supplies,1.0,2.31,70.0,East
2015-12-24,CA-2015-158456,Avery Hole Reinforcements,Office Supplies,4.0,4.98,20.0,West
2015-12-24,CA-2015-158456,"Vinyl Coated Wire Paper Clips in Organizer Box, 800/Box",Office Supplies,4.0,11.48,0.0,West
2017-04-26,CA-2017-143665,Strathmore Photo Mount Cards,Office Supplies,3.0,6.78,0.0,West
2017-04-26,CA-2017-143665,Avery 478,Office Supplies,8.0,4.91,0.0,West
2017-12-16,CA-2017-137428,"Global Deluxe Stacking Chair, Gray",Furniture,2.0,40.78,20.0,West
2017-12-16,CA-2017-137428,"Global Value Steno Chair, Gray",Furniture,2.0,48.59,20.0,West
2017-12-16,CA-2017-137428,Prestige Round Ring Binders,Office Supplies,5.0,4.86,20.0,West
2017-12-16,CA-2017-137428,"DAX Two-Tone Rosewood/Black Document Frame, Desktop, 5 x 7",Furniture,2.0,9.48,0.0,West
2014-12-27,CA-2014-162866,DAX Wood Document Frame,Furniture,6.0,5.49,60.0,Central
2014-12-27,CA-2014-162866,Staple magnet,Office Supplies,4.0,7.5,20.0,Central
2017-11-06,CA-2017-167941,"1.7 Cubic Foot Compact ""Cube"" Office Refrigerators",Office Supplies,3.0,166.53,20.0,South
2017-11-06,CA-2017-167941,Xerox 220,Office Supplies,6.0,5.18,20.0,South
2017-11-06,CA-2017-167941,Avery Durable Poly Binders,Office Supplies,8.0,1.66,70.0,South
2017-11-06,CA-2017-167941,"Executive Impressions 12"" Wall Clock",Furniture,2.0,14.14,20.0,South
2017-11-06,CA-2017-167941,Carina Double Wide Media Storage Towers in Natural & Black,Office Supplies,4.0,64.78,20.0,South
2017-12-16,CA-2017-111808,Peel & Stick Add-On Corner Pockets,Office Supplies,5.0,2.16,0.0,Central
2015-05-07,CA-2015-137512,Chromcraft Round Conference Tables,Furniture,2.0,122.0,30.0,Central
2015-05-07,CA-2015-137512,Xerox 198,Office Supplies,4.0,3.98,20.0,Central
2017-12-04,CA-2017-139773,"Safco Chair Connectors, 6/Carton",Furniture,7.0,26.94,30.0,East
2017-10-03,CA-2017-134607,X-Rack File for Hanging Folders,Office Supplies,2.0,11.29,0.0,East
2014-01-13,CA-2014-109232,Global Highback Leather Tilter in Burgundy,Furniture,6.0,90.99,0.0,South
2015-06-12,CA-2015-139850,Xerox 1997,Office Supplies,4.0,5.18,20.0,East
2015-06-12,CA-2015-139850,"DataProducts Ampli Magnifier Task Lamp, Black,",Furniture,2.0,21.65,20.0,East
2014-07-12,CA-2014-131310,"Safco Chair Connectors, 6/Carton",Furniture,4.0,30.78,20.0,West
2014-07-12,CA-2014-131310,Self-Adhesive Ring Binder Labels,Office Supplies,4.0,2.82,20.0,West
2014-12-06,US-2014-112872,File Shuttle I and Handi-File,Office Supplies,3.0,17.81,20.0,West
2014-12-06,US-2014-112872,"Chromcraft Bull-Nose Wood 48"" x 96"" Rectangular Conference Tables",Furniture,1.0,275.49,50.0,West
2016-05-25,CA-2016-139269,Eldon Expressions Mahogany Wood Desk Collection,Furniture,4.0,6.24,0.0,South
2016-05-25,CA-2016-139269,"Wirebound Service Call Books, 5 1/2"" x 4""",Office Supplies,2.0,9.68,0.0,South
2016-05-25,CA-2016-139269,"Fellowes Strictly Business Drawer File, Letter/Legal Size",Office Supplies,9.0,140.85,0.0,South
2016-02-21,CA-2016-139010,SanDisk Ultra 16 GB MicroSDHC Class 10 Memory Card,Technology,1.0,12.99,0.0,West
2016-02-21,CA-2016-139010,"Wilson Jones Clip & Carry Folder Binder Tool for Ring Binders, Clear",Office Supplies,4.0,4.64,20.0,West
2016-02-21,CA-2016-139010,Fellowes Officeware Wire Shelving,Office Supplies,5.0,89.83,0.0,West
2016-02-21,CA-2016-139010,Avery Heavy-Duty EZD  Binder With Locking Rings,Office Supplies,7.0,4.46,20.0,West
2016-10-02,CA-2016-134376,Kensington 6 Outlet Guardian Standard Surge Protector,Office Supplies,3.0,20.48,0.0,East
2017-03-11,CA-2017-147291,GBC DocuBind TL200 Manual Binding Machine,Office Supplies,4.0,223.98,0.0,Central
2016-09-09,CA-2016-112893,VariCap6 Expandable Binder,Office Supplies,4.0,13.84,20.0,West
2014-07-14,US-2014-150532,Eldon Fold 'N Roll Cart System,Office Supplies,5.0,11.18,20.0,West
2014-06-21,CA-2014-138317,Staple envelope,Office Supplies,4.0,6.22,20.0,East
2014-06-21,CA-2014-138317,Stacking Trays by OIC,Furniture,1.0,3.98,20.0,East
2014-06-21,CA-2014-138317,Logitech 910-002974 M325 Wireless Mouse for Web Scrolling,Technology,4.0,23.99,20.0,East
2014-06-21,CA-2014-138317,Epson Perfection V600 Photo Scanner,Technology,3.0,69.0,70.0,East
2014-06-21,CA-2014-138317,Fellowes Advanced 8 Outlet Surge Suppressor with Phone/Fax Protection,Office Supplies,2.0,22.21,20.0,East
2014-06-21,CA-2014-138317,"GBC Prepunched Paper, 19-Hole, for Binding Systems, 24-lb",Office Supplies,2.0,4.5,70.0,East
2015-07-05,CA-2015-130610,Durable Pressboard Binders,Office Supplies,5.0,3.8,0.0,Central
2017-12-16,CA-2017-104381,"Acco Data Flex Cable Posts For Top & Bottom Load Binders, 6"" Capacity",Office Supplies,4.0,8.34,20.0,East
2016-09-08,CA-2016-131499,Kensington 7 Outlet MasterPiece Power Center with Fax/Phone Line Protection,Office Supplies,1.0,207.48,0.0,East
2014-05-17,CA-2014-148761,Surelock Post Binders,Office Supplies,3.0,30.56,0.0,Central
2017-10-13,CA-2017-116519,Avanti 4.4 Cu. Ft. Refrigerator,Office Supplies,5.0,180.98,0.0,East
2014-10-24,CA-2014-130729,Avery Premier Heavy-Duty Binder with Round Locking Rings,Office Supplies,3.0,11.42,20.0,West
2016-12-05,CA-2016-124772,"Howard Miller 16"" Diameter Gallery Wall Clock",Furniture,3.0,63.94,0.0,South
2016-07-25,CA-2016-115525,Tripp Lite Isotel 6 Outlet Surge Protector with Fax/Modem Protection,Office Supplies,5.0,48.78,20.0,East
2017-04-17,CA-2017-134845,Insertable Tab Post Binder Dividers,Office Supplies,5.0,2.41,70.0,West
2017-04-17,CA-2017-134845,Lexmark MX611dhe Monochrome Laser Printer,Technology,5.0,510.0,70.0,West
2017-04-17,CA-2017-134845,GBC VeloBinder Manual Binding System,Office Supplies,2.0,10.8,70.0,West
2017-04-17,CA-2017-134845,Cardinal Holdit Business Card Pockets,Office Supplies,6.0,1.49,70.0,West
2017-04-17,CA-2017-134845,Xerox 225,Office Supplies,4.0,5.18,20.0,West
2015-09-17,US-2015-138919,"Riverside Furniture Oval Coffee Table, Oval End Table, End Table with Drawer",Furniture,2.0,172.11,40.0,East
2016-08-23,US-2016-160528,SAFCO Boltless Steel Shelving,Office Supplies,8.0,90.91,20.0,Central
2016-08-23,US-2016-160528,Flat Face Poster Frame,Furniture,3.0,7.54,60.0,Central
2016-08-23,US-2016-160528,WD My Passport Ultra 2TB Portable External Hard Drive,Technology,7.0,95.2,20.0,Central
2015-11-08,CA-2015-123568,Alliance Rubber Bands,Office Supplies,3.0,1.68,0.0,West
2015-11-08,CA-2015-123568,Xerox 1988,Office Supplies,3.0,30.98,0.0,West
2015-11-08,CA-2015-123568,"Executive Impressions 14"" Contract Wall Clock",Furniture,3.0,22.23,0.0,West
2015-11-08,CA-2015-123568,Deluxe Heavy-Duty Vinyl Round Ring Binder,Office Supplies,5.0,18.34,20.0,West
2017-11-17,CA-2017-124674,"Atlantic Metals Mobile 2-Shelf Bookcases, Custom Colors",Furniture,2.0,163.87,32.0,Central
2015-11-08,CA-2015-164441,Storex Dura Pro Binders,Office Supplies,11.0,4.75,20.0,East
2015-11-08,CA-2015-164441,Great White Multi-Use Recycled Paper (20Lb. and 84 Bright),Office Supplies,3.0,5.98,0.0,East
2017-04-22,CA-2017-169054,"Tenex 46"" x 60"" Computer Anti-Static Chairmat, Rectangular Shaped",Furniture,3.0,84.78,20.0,East
2014-08-24,CA-2014-106719,"SlimView Poly Binder, 3/8""",Office Supplies,2.0,4.14,20.0,West
2017-12-17,CA-2017-116855,Hon Valutask Swivel Chairs,Furniture,5.0,100.98,0.0,South
2016-03-24,US-2016-164189,BlackBerry Q10,Technology,4.0,100.79,20.0,West
2015-09-21,CA-2015-168480,O'Sullivan 2-Shelf Heavy-Duty Bookcases,Furniture,4.0,48.58,0.0,Central
2015-09-21,CA-2015-168480,"BOSTON Ranger #55 Pencil Sharpener, Black",Office Supplies,1.0,25.99,0.0,Central
2016-11-21,US-2016-114293,Novimex Fabric Task Chair,Furniture,4.0,48.78,20.0,West
2017-09-16,CA-2017-134173,Xerox 231,Office Supplies,4.0,5.18,20.0,East
2015-06-11,US-2015-123960,Kingston Digital DataTraveler 16GB USB 2.0,Technology,6.0,8.95,0.0,South
2015-06-11,US-2015-123960,"SlimView Poly Binder, 3/8""",Office Supplies,7.0,5.18,0.0,South
2015-06-11,US-2015-123960,"Boston Electric Pencil Sharpener, Model 1818, Charcoal Black",Office Supplies,2.0,28.15,0.0,South
2015-06-11,US-2015-123960,Xerox 222,Office Supplies,5.0,6.48,0.0,South
2015-06-11,US-2015-123960,DAX Clear Channel Poster Frame,Furniture,2.0,14.58,0.0,South
2017-10-03,CA-2017-101749,"Lesro Sheffield Collection Coffee Table, End Table, Center Table, Corner Table",Furniture,3.0,57.1,20.0,West
2016-05-05,US-2016-147991,"Eldon Image Series Desk Accessories, Burgundy",Furniture,5.0,3.34,20.0,South
2017-09-11,CA-2017-149559,Xerox 1996,Office Supplies,2.0,6.48,0.0,West
2017-09-11,CA-2017-149559,#10 Self-Seal White Envelopes,Office Supplies,2.0,11.09,0.0,West
2017-09-11,CA-2017-149559,Hon Pagoda Stacking Chairs,Furniture,8.0,256.78,20.0,West
2015-04-30,CA-2015-135174,Cisco Unified IP Phone 7945G VoIP phone,Technology,5.0,204.59,40.0,East
2017-11-06,CA-2017-125290,Newell 339,Office Supplies,5.0,2.78,0.0,Central
2017-11-06,CA-2017-125290,Easy-staple paper,Office Supplies,1.0,26.38,0.0,Central
2014-09-30,CA-2014-137351,DXL Angle-View Binders with Locking Rings by Samsill,Office Supplies,7.0,6.17,20.0,West
2017-04-02,CA-2017-121419,Bevis 44 x 96 Conference Tables,Furniture,2.0,205.9,0.0,South
2017-04-02,CA-2017-121419,NETGEAR N750 Dual Band Wi-Fi Gigabit Router,Technology,4.0,90.0,0.0,South
2017-10-06,US-2017-148054,36X48 HARDFLOOR CHAIRMAT,Furniture,2.0,20.98,0.0,West
2017-10-06,US-2017-148054,"Conquest 14 Commercial Heavy-Duty Upright Vacuum, Collection System, Accessory Kit",Office Supplies,4.0,56.96,0.0,West
2017-10-06,US-2017-148054,Computer Printout Paper with Letter-Trim Perforations,Office Supplies,2.0,18.97,0.0,West
2016-04-09,CA-2016-128517,Nortel Meridian M5316 Digital phone,Technology,2.0,258.95,0.0,Central
2016-04-09,CA-2016-128517,Storex Flexible Poly Binders with Double Pockets,Office Supplies,2.0,2.64,0.0,Central
2015-08-28,US-2015-100377,Canon Imageclass D680 Copier / Fax,Technology,5.0,559.99,20.0,Central
2017-10-19,CA-2017-131492,Ampad #10 Peel & Seel Holiday Envelopes,Office Supplies,2.0,4.48,0.0,West
2017-10-19,CA-2017-131492,Avery 518,Office Supplies,10.0,3.15,0.0,West
2017-10-19,CA-2017-131492,"Linden 10"" Round Wall Clock, Black",Furniture,2.0,15.28,0.0,West
2017-10-19,CA-2017-131492,Anderson Hickey Conga Table Tops & Accessories,Furniture,2.0,12.18,20.0,West
2016-11-07,CA-2016-144554,Plantronics Audio 478 Stereo USB Headset,Technology,3.0,39.99,20.0,East
2017-03-03,CA-2017-127621,"Important Message Pads, 50 4-1/4 x 5-1/2 Forms per Pad",Office Supplies,8.0,3.36,20.0,Central
2015-11-27,CA-2015-145184,Apple EarPods with Remote and Mic,Technology,3.0,27.99,0.0,East
2015-11-27,CA-2015-145184,"Perixx PERIBOARD-512B, Ergonomic Split Keyboard",Technology,3.0,34.99,0.0,East
2017-03-13,CA-2017-106859,"SimpliFile Personal File, Black Granite, 15w x 6-15/16d x 11-1/4h",Office Supplies,8.0,11.35,0.0,West
2017-03-13,CA-2017-106859,OtterBox Commuter Series Case - iPhone 5 & 5s,Technology,8.0,17.59,20.0,West
2017-03-13,CA-2017-106859,Logitech Wireless Headset H600 Over-The-Head Design,Technology,5.0,42.99,0.0,West
2017-03-13,CA-2017-106859,Xerox 230,Office Supplies,7.0,6.48,0.0,West
2017-03-13,CA-2017-106859,Xerox 1885,Office Supplies,6.0,48.04,0.0,West
2017-11-30,US-2017-120089,Kensington 7 Outlet MasterPiece Power Center with Fax/Phone Line Protection,Office Supplies,4.0,165.98,20.0,East
2014-11-17,CA-2014-119375,Smead Adjustable Mobile File Trolley with Lockable Top,Office Supplies,7.0,419.19,0.0,East
2014-11-17,CA-2014-119375,Eldon Econocleat Chair Mats for Low Pile Carpets,Furniture,3.0,41.47,0.0,East
2014-11-17,CA-2014-119375,Deluxe Chalkboard Eraser Cleaner,Office Supplies,5.0,11.55,0.0,East
2016-01-03,CA-2016-125206,Recycled Steel Personal File for Hanging File Folders,Office Supplies,2.0,57.23,0.0,West
2015-10-03,CA-2015-126137,"Safco Value Mate Series Steel Bookcases, Baked Enamel Finish on Steel, Gray",Furniture,2.0,60.33,15.0,West
2014-07-20,CA-2014-143903,Letter Size Cart,Office Supplies,3.0,114.29,20.0,Central
2014-07-20,CA-2014-143903,Westinghouse Clip-On Gooseneck Lamps,Furniture,5.0,3.35,60.0,Central
2014-07-20,CA-2014-143903,HON 5400 Series Task Chairs for Big and Tall,Furniture,2.0,490.69,30.0,Central
2014-05-21,CA-2014-104780,4009 Highlighters by Sanford,Office Supplies,8.0,3.98,0.0,West
2017-09-04,CA-2017-101182,Xerox 220,Office Supplies,2.0,6.48,0.0,West
2017-09-04,CA-2017-101182,invisibleSHIELD by ZAGG Smudge-Free Screen Protector,Technology,3.0,14.39,20.0,West
2017-05-27,US-2017-132297,Binding Machine Supplies,Office Supplies,2.0,29.17,0.0,South
2017-05-27,US-2017-132297,Google Nexus 5,Technology,3.0,179.99,0.0,South
2014-01-28,CA-2014-100328,"Pressboard Covers with Storage Hooks, 9 1/2"" x 11"", Light Blue",Office Supplies,1.0,3.93,20.0,East
2017-02-09,CA-2017-118773,GBC ProClick 150 Presentation Binding System,Office Supplies,4.0,63.2,80.0,Central
2017-02-09,CA-2017-118773,Razer Kraken PRO Over Ear PC and Music Headset,Technology,2.0,63.99,20.0,Central
2017-02-09,CA-2017-118773,Stacking Trays by OIC,Furniture,2.0,1.99,60.0,Central
2017-02-09,CA-2017-118773,Belkin F9S820V06 8 Outlet Surge,Office Supplies,2.0,6.5,80.0,Central
2017-03-31,US-2017-159205,Advantus Panel Wall Certificate Holder - 8.5x11,Furniture,5.0,12.2,0.0,South
2017-03-31,US-2017-159205,Vtech CS6719,Technology,7.0,95.99,0.0,South
2016-03-03,CA-2016-112123,GBC ProClick Punch Binding System,Office Supplies,7.0,63.98,0.0,East
2016-03-03,CA-2016-112123,Pyle PMP37LED,Technology,5.0,95.99,0.0,East
2016-03-03,CA-2016-112123,Xerox 194,Office Supplies,3.0,55.48,0.0,East
2015-08-23,CA-2015-114468,Acme Tagit Stainless Steel Antibacterial Scissors,Office Supplies,4.0,7.92,20.0,Central
2015-08-23,CA-2015-114468,Xerox 206,Office Supplies,2.0,5.18,20.0,Central
2015-08-23,CA-2015-114468,Staples,Office Supplies,8.0,1.5,20.0,Central
2015-08-23,CA-2015-114468,Holmes Odor Grabber,Office Supplies,2.0,2.88,80.0,Central
2017-04-27,CA-2017-135692,"Avery Address/Shipping Labels for Typewriters, 4"" x 2""",Office Supplies,4.0,8.28,20.0,Central
2017-04-27,CA-2017-135692,Sauder Barrister Bookcases,Furniture,4.0,55.07,32.0,Central
2017-04-14,CA-2017-131233,Avery Non-Stick Binders,Office Supplies,3.0,3.59,20.0,East
2017-04-14,CA-2017-131233,"Bush Westfield Collection Bookcases, Fully Assembled",Furniture,3.0,80.78,20.0,East
2017-12-22,CA-2017-119578,Premier Electric Letter Opener,Office Supplies,6.0,115.86,0.0,East
2017-12-22,CA-2017-119578,"Bush Cubix Collection Bookcases, Fully Assembled",Furniture,1.0,220.98,0.0,East
2016-12-08,CA-2016-124562,"Universal Recycled Hanging Pressboard Report Binders, Letter Size",Office Supplies,7.0,1.85,70.0,East
2017-03-23,US-2017-140074,Xerox 1980,Office Supplies,6.0,4.28,0.0,East
2016-07-25,CA-2016-103037,Avery 493,Office Supplies,4.0,3.93,20.0,Central
2017-07-10,CA-2017-127460,"Fellowes Mobile File Cart, Black",Office Supplies,6.0,49.74,20.0,Central
2016-07-17,CA-2016-121671,Strathmore Photo Frame Cards,Office Supplies,3.0,7.31,0.0,Central
2016-07-17,CA-2016-121671,"Carina 42""Hx23 3/4""W Media Storage Unit",Office Supplies,3.0,80.98,0.0,Central
2016-07-17,CA-2016-121671,"Rediform Wirebound ""Phone Memo"" Message Book, 11 x 5-3/4",Office Supplies,1.0,7.64,0.0,Central
2016-07-17,CA-2016-121671,Xerox 1993,Office Supplies,8.0,6.48,0.0,Central
2016-07-17,CA-2016-121671,Tennsco 6- and 18-Compartment Lockers,Office Supplies,1.0,265.17,0.0,Central
2016-08-23,CA-2016-150350,Okidata C331dn Printer,Technology,3.0,279.2,20.0,West
2016-08-23,CA-2016-150350,"Tyvek  Top-Opening Peel & Seel Envelopes, Plain White",Office Supplies,5.0,27.18,0.0,West
2016-08-23,CA-2016-150350,Xerox 1978,Office Supplies,6.0,5.78,0.0,West
2016-08-23,CA-2016-150350,Office Star Flex Back Scooter Chair with White Frame,Furniture,6.0,88.78,20.0,West
2016-08-23,CA-2016-150350,"Acco Six-Outlet Power Strip, 4' Cord Length",Office Supplies,5.0,8.62,0.0,West
2016-08-23,CA-2016-150350,Acme Rosewood Handle Letter Opener,Office Supplies,4.0,3.97,0.0,West
2015-06-11,CA-2015-121720,Hon 2090 “Pillow Soft” Series Mid Back Swivel/Tilt Chairs,Furniture,5.0,224.78,20.0,South
2015-06-11,CA-2015-121720,Cisco SPA301,Technology,2.0,124.79,20.0,South
2015-06-11,CA-2015-121720,"Seth Thomas 8 1/2"" Cubicle Clock",Furniture,3.0,16.22,20.0,South
2015-06-11,CA-2015-121720,"Hunt PowerHouse Electric Pencil Sharpener, Blue",Office Supplies,2.0,30.38,20.0,South
2015-06-11,CA-2015-121720,Ibico Laser Imprintable Binding System Covers,Office Supplies,5.0,15.72,70.0,South
2015-06-11,CA-2015-121720,GBC Standard Plastic Binding Systems' Combs,Office Supplies,2.0,1.88,70.0,South
2015-06-11,CA-2015-121720,Tennsco 16-Compartment Lockers with Coat Rack,Office Supplies,2.0,518.31,20.0,South
2015-06-11,CA-2015-121720,Fellowes High-Stak Drawer Files,Office Supplies,4.0,140.95,20.0,South
2017-09-08,CA-2017-149895,Aastra 6757i CT Wireless VoIP phone,Technology,2.0,129.26,40.0,East
2017-10-02,CA-2017-147564,Xerox 1907,Office Supplies,4.0,12.28,0.0,East
2014-12-16,CA-2014-136399,"Executive Impressions 14"" Contract Wall Clock",Furniture,2.0,22.23,0.0,West
2014-12-16,CA-2014-136399,DMI Arturo Collection Mission-style Design Wood Chair,Furniture,2.0,120.78,20.0,West
2014-12-16,CA-2014-136399,First Data FD10 PIN Pad,Technology,5.0,79.0,0.0,West
2014-12-16,CA-2014-136399,GE 30524EE4,Technology,4.0,156.79,20.0,West
2014-08-24,CA-2014-107916,G.E. Longer-Life Indoor Recessed Floodlight Bulbs,Furniture,2.0,6.64,0.0,East
2014-08-24,CA-2014-107916,"Wilson Jones 1"" Hanging DublLock Ring Binders",Office Supplies,3.0,4.22,20.0,East
2017-11-12,CA-2017-164168,Surelock Post Binders,Office Supplies,5.0,6.11,80.0,Central
2017-11-12,CA-2017-164168,Fellowes Neat Ideas Storage Cubes,Office Supplies,3.0,25.98,20.0,Central
2017-11-12,CA-2017-164168,Panasonic KX TS3282W Corded phone,Technology,1.0,67.99,20.0,Central
2017-11-12,CA-2017-164168,"#10- 4 1/8"" x 9 1/2"" Security-Tint Envelopes",Office Supplies,2.0,6.11,20.0,Central
2017-11-12,CA-2017-164168,Maxell LTO Ultrium - 800 GB,Technology,2.0,22.39,20.0,Central
2017-11-12,CA-2017-164168,"Eldon Expressions Desk Accessory, Wood Photo Frame, Mahogany",Furniture,3.0,7.62,60.0,Central
2015-04-25,CA-2015-112557,"Holmes Replacement Filter for HEPA Air Cleaner, Very Large Room, HEPA Filter",Office Supplies,3.0,68.81,0.0,East
2014-12-12,US-2014-122959,GBC DocuBind 300 Electric Binding Machine,Office Supplies,2.0,105.2,80.0,Central
2017-09-25,CA-2017-162572,Logitech 910-002974 M325 Wireless Mouse for Web Scrolling,Technology,5.0,23.99,20.0,East
2017-09-25,CA-2017-162572,Newell 311,Office Supplies,6.0,1.77,20.0,East
2016-09-05,US-2016-148110,"Situations Contoured Folding Chairs, 4/Set",Furniture,7.0,49.69,30.0,Central
2017-02-11,CA-2017-131828,"Global Leather and Oak Executive Chair, Black",Furniture,4.0,240.78,20.0,West
2017-02-11,CA-2017-131828,"Logitech B530 USB Headset - headset - Full size, Binaural",Technology,3.0,29.59,20.0,West
2014-06-30,CA-2014-109218,"BIC Brite Liner Highlighters, Chisel Tip",Office Supplies,5.0,6.48,0.0,West
2016-06-07,CA-2016-120558,Xerox 226,Office Supplies,5.0,6.48,0.0,East
2014-12-20,US-2014-109036,Avery 489,Office Supplies,3.0,10.35,0.0,West
2015-12-15,CA-2015-147830,Plantronics Savi W720 Multi-Device Wireless Headset System,Technology,6.0,337.56,20.0,East
2015-12-15,CA-2015-147830,Cubify CubeX 3D Printer Double Head Print,Technology,2.0,900.0,70.0,East
2015-12-15,CA-2015-147830,Panasonic KX TS3282W Corded phone,Technology,2.0,50.99,40.0,East
2015-12-15,CA-2015-147830,"Howard Miller 13"" Diameter Goldtone Round Wall Clock",Furniture,7.0,37.55,20.0,East
2017-07-20,CA-2017-150497,Ibico Ibimaster 300 Manual Binding System,Office Supplies,2.0,367.99,0.0,Central
2014-08-03,CA-2014-128986,White Computer Printout Paper by Universal,Office Supplies,3.0,31.01,20.0,West
2015-08-24,CA-2015-139584,Chromcraft Rectangular Conference Tables,Furniture,2.0,142.18,40.0,East
2015-08-24,CA-2015-139584,Memorex Micro Travel Drive 8 GB,Technology,2.0,13.0,0.0,East
2016-03-26,US-2016-162677,"Tenex Personal Self-Stacking Standard File Box, Black/Gray",Office Supplies,5.0,13.53,20.0,South
2016-03-26,US-2016-162677,Case Logic 2.4GHz Wireless Keyboard,Technology,3.0,39.99,20.0,South
2014-09-12,US-2014-150924,Wilson Jones Impact Binders,Office Supplies,5.0,1.04,80.0,Central
2014-09-21,CA-2014-153969,Staple envelope,Office Supplies,2.0,7.78,0.0,West
2014-09-21,CA-2014-153969,"#10 White Business Envelopes,4 1/8 x 9 1/2",Office Supplies,5.0,15.67,0.0,West
2014-09-21,CA-2014-153969,Newell 34,Office Supplies,3.0,19.84,0.0,West
2014-09-21,CA-2014-153969,Xerox 1971,Office Supplies,9.0,4.28,0.0,West
2014-09-21,CA-2014-153969,Polycom CX300 Desktop Phone USB VoIP phone,Technology,2.0,119.99,20.0,West
2014-09-21,CA-2014-153969,"Wirebound Four 2-3/4 x 5 Forms per Page, 400 Sets per Book",Office Supplies,3.0,6.45,0.0,West
2016-10-29,CA-2016-146682,Electrix 20W Halogen Replacement Bulb for Zoom-In Desk Lamp,Furniture,5.0,13.4,0.0,Central
2016-05-28,CA-2016-138695,Novimex Fabric Task Chair,Furniture,8.0,48.78,20.0,South
2016-05-28,CA-2016-138695,Great White Multi-Use Recycled Paper (20Lb. and 84 Bright),Office Supplies,13.0,4.78,20.0,South
2017-12-21,CA-2017-107461,Ibico Presentation Index for Binding Systems,Office Supplies,6.0,3.98,0.0,South
2016-03-21,US-2016-133879,Avery Durable Slant Ring Binders,Office Supplies,2.0,1.58,80.0,Central
2016-03-21,US-2016-133879,"Global Airflow Leather Mesh Back Chair, Black",Furniture,5.0,105.69,30.0,Central
2016-03-21,US-2016-133879,Newell 33,Office Supplies,3.0,4.46,20.0,Central
2017-11-11,CA-2017-157483,Boston 1799 Powerhouse Electric Pencil Sharpener,Office Supplies,7.0,25.98,0.0,Central
2017-09-23,US-2017-132059,"Atlantic Metals Mobile 5-Shelf Bookcases, Custom Colors",Furniture,2.0,90.29,70.0,West
2017-09-23,US-2017-132059,Belkin F8E887 USB Wired Ergonomic Keyboard,Technology,2.0,23.99,20.0,West
2017-09-10,CA-2017-122280,"Rediform S.O.S. 1-Up Phone Message Bk, 4-1/4x3-1/16 Bk, 1 Form/Pg, 40 Messages/Bk, 3/Pk",Office Supplies,2.0,9.38,0.0,East
2017-12-05,CA-2017-105235,"Eldon Expressions Wood and Plastic Desk Accessories, Cherry Wood",Furniture,3.0,6.98,0.0,East
2017-12-05,CA-2017-105235,"Seth Thomas 14"" Putty-Colored Wall Clock",Furniture,2.0,29.34,0.0,East
2017-12-05,CA-2017-105235,Eureka The Boss Cordless Rechargeable Stick Vac,Office Supplies,5.0,50.98,0.0,East
2017-11-09,CA-2017-152912,Wilson Jones Turn Tabs Binder Tool for Ring Binders,Office Supplies,2.0,4.82,0.0,East
2017-11-09,CA-2017-152912,Maxell iVDR EX 500GB Cartridge,Technology,3.0,275.54,0.0,East
2017-11-09,CA-2017-152912,Adjustable Depth Letter/Legal Cart,Office Supplies,9.0,181.46,0.0,East
2017-11-09,CA-2017-152912,Adjustable Depth Letter/Legal Cart,Office Supplies,3.0,181.46,0.0,East
2014-11-07,CA-2014-123498,Satellite Sectional Post Binders,Office Supplies,3.0,8.68,80.0,Central
2014-11-07,CA-2014-123498,Staple envelope,Office Supplies,3.0,24.78,20.0,Central
2017-03-12,CA-2017-159352,PowerGen Dual USB Car Charger,Technology,7.0,9.99,0.0,East
2017-10-20,US-2017-146416,Avery 510,Office Supplies,1.0,3.75,0.0,West
2017-10-20,US-2017-146416,Wilson Jones Four-Pocket Poly Binders,Office Supplies,4.0,5.23,20.0,West
2015-12-27,US-2015-163783,Sterilite Show Offs Storage Containers,Office Supplies,3.0,4.22,20.0,Central
2017-10-02,CA-2017-123981,Plantronics 81402,Technology,1.0,65.99,0.0,East
2017-06-04,CA-2017-158953,Presstex Flexible Ring Binders,Office Supplies,7.0,0.91,80.0,Central
2014-09-01,CA-2014-165428,Prestige Round Ring Binders,Office Supplies,3.0,1.22,80.0,Central
2014-09-01,CA-2014-165428,Xerox 216,Office Supplies,6.0,5.18,20.0,Central
2016-08-08,CA-2016-169026,"Alliance Super-Size Bands, Assorted Sizes",Office Supplies,3.0,7.78,0.0,South
2017-07-22,CA-2017-109750,"Square Credit Card Reader, 4 1/2"" x 4 1/2"" x 1"", White",Technology,3.0,9.99,0.0,East
2015-07-10,CA-2015-149384,Accohide Poly Flexible Ring Binders,Office Supplies,3.0,1.12,70.0,West
2014-12-01,CA-2014-131527,"BlueLounge Milo Smartphone Stand, White/Metallic",Technology,4.0,23.99,20.0,South
2017-12-18,CA-2017-164000,Avery Fluorescent Highlighter Four-Color Set,Office Supplies,7.0,2.67,20.0,East
2014-05-18,CA-2014-164224,Deflect-o Glass Clear Studded Chair Mats,Furniture,3.0,49.74,20.0,East
2014-05-18,CA-2014-164224,Xerox 1949,Office Supplies,4.0,3.98,20.0,East
2014-11-10,CA-2014-158372,Jabra SPEAK 410,Technology,8.0,75.19,20.0,West
2014-11-10,CA-2014-158372,Memorex Froggy Flash Drive 4 GB,Technology,1.0,10.99,0.0,West
2014-11-10,CA-2014-158372,Luxo Economy Swing Arm Lamp,Furniture,2.0,19.94,0.0,West
2014-11-10,CA-2014-158372,"Southworth 100% Résumé Paper, 24lb.",Office Supplies,8.0,7.78,0.0,West
2014-11-10,CA-2014-158372,"Eldon Expressions Punched Metal & Wood Desk Accessories, Pewter & Cherry",Furniture,5.0,10.64,0.0,West
2014-11-10,CA-2014-158372,Avery White Multi-Purpose Labels,Office Supplies,8.0,4.98,0.0,West
2016-01-09,CA-2016-108882,Logitech G500s Laser Gaming Mouse with Adjustable Weight Tuning,Technology,5.0,69.99,0.0,West
2016-01-09,CA-2016-108882,netTALK DUO VoIP Telephone Service,Technology,9.0,41.99,20.0,West
2017-09-22,US-2017-108245,Staple envelope,Office Supplies,3.0,4.46,20.0,Central
2017-09-22,US-2017-108245,Insertable Tab Post Binder Dividers,Office Supplies,7.0,1.6,80.0,Central
2014-12-23,CA-2014-142314,Belkin F9H710-06 7 Outlet SurgeMaster Surge Protector,Office Supplies,11.0,18.84,0.0,Central
2016-05-26,CA-2016-132409,"OIC #2 Pencils, Medium Soft",Office Supplies,1.0,1.5,20.0,East
2016-05-26,CA-2016-132409,Holmes HEPA Air Purifier,Office Supplies,2.0,17.42,20.0,East
2017-07-08,CA-2017-150189,Avery 485,Office Supplies,6.0,12.53,0.0,West
2014-05-13,CA-2014-114433,Plantronics Audio 478 Stereo USB Headset,Technology,3.0,49.99,0.0,West
2017-11-10,CA-2017-104640,Fellowes PB300 Plastic Comb Binding Machine,Office Supplies,3.0,310.39,20.0,East
2017-11-10,CA-2017-104640,Aastra 6757i CT Wireless VoIP phone,Technology,2.0,215.44,0.0,East
2015-10-02,US-2015-137008,Computer Printout Paper with Letter-Trim Perforations,Office Supplies,5.0,18.97,0.0,East
2015-10-02,US-2015-137008,Globe Weis Peel & Seel First Class Envelopes,Office Supplies,4.0,12.78,0.0,East
2015-10-02,US-2015-137008,NETGEAR N750 Dual Band Wi-Fi Gigabit Router,Technology,1.0,90.0,0.0,East
2014-10-02,CA-2014-108189,"Adams Telephone Message Book W/Dividers/Space For Phone Numbers, 5 1/4""X8 1/2"", 300/Messages",Office Supplies,2.0,4.7,20.0,West
2014-10-02,CA-2014-108189,Staples,Office Supplies,2.0,2.34,20.0,West
2014-10-02,CA-2014-108189,Bose SoundLink Bluetooth Speaker,Technology,2.0,159.2,20.0,West
2014-10-02,CA-2014-108189,Letter or Legal Size Expandable Poly String Tie Envelopes,Office Supplies,6.0,2.13,20.0,West
2014-10-02,CA-2014-108189,Stiletto Hand Letter Openers,Office Supplies,2.0,7.68,20.0,West
2014-10-02,CA-2014-108189,Pyle PMP37LED,Technology,3.0,76.79,20.0,West
2014-10-02,CA-2014-108189,Kingston Digital DataTraveler 16GB USB 2.0,Technology,1.0,7.16,20.0,West
2014-08-11,CA-2014-154641,Tennsco Single-Tier Lockers,Office Supplies,1.0,375.34,0.0,East
2017-09-01,CA-2017-131625,"Seth Thomas 12"" Clock w/ Goldtone Case",Furniture,5.0,22.98,0.0,East
2017-04-16,US-2017-156356,Satellite Sectional Post Binders,Office Supplies,3.0,8.68,80.0,Central
2017-04-16,US-2017-156356,"GBC White Gloss Covers, Plain Front",Office Supplies,1.0,2.9,80.0,Central
2017-04-16,US-2017-156356,Tennsco Commercial Shelving,Office Supplies,2.0,16.27,20.0,Central
2016-04-24,CA-2016-138933,Cardinal Holdit Business Card Pockets,Office Supplies,1.0,3.98,20.0,West
2016-01-15,CA-2016-140746,"Bevis Round Bullnose 29"" High Table Top",Furniture,1.0,181.8,30.0,East
2016-05-02,CA-2016-146836,Super Decoflex Portable Personal File,Office Supplies,3.0,14.98,0.0,East
2016-05-02,CA-2016-146836,Poly Designer Cover & Back,Office Supplies,3.0,15.19,20.0,East
2016-11-20,US-2016-127971,"Global Wood Trimmed Manager's Task Chair, Khaki",Furniture,5.0,63.69,30.0,Central
2016-11-20,US-2016-127971,Samsung HM1900 Bluetooth Headset,Technology,7.0,17.56,20.0,Central
2016-11-20,US-2016-127971,Eldon Wave Desk Accessories,Furniture,3.0,2.36,60.0,Central
2016-02-01,US-2016-140809,X-Rack File for Hanging Folders,Office Supplies,5.0,11.29,0.0,South
2017-03-31,CA-2017-114524,"SlimView Poly Binder, 3/8""",Office Supplies,13.0,1.04,80.0,Central
2017-12-01,CA-2017-113355,Cisco SPA112 2 Port Phone Adapter,Technology,5.0,43.96,20.0,Central
2017-12-01,CA-2017-113355,DMI Arturo Collection Mission-style Design Wood Chair,Furniture,3.0,105.69,30.0,Central
2017-12-10,US-2017-140907,Logitech Desktop MK120 Mouse and keyboard Combo,Technology,3.0,16.36,0.0,West
2017-12-10,US-2017-140907,Fellowes Bankers Box Staxonsteel Drawer File/Stacking System,Office Supplies,5.0,64.98,0.0,West
2017-12-10,US-2017-140907,Col-Erase Pencils with Erasers,Office Supplies,3.0,6.08,0.0,West
2016-09-17,CA-2016-159730,Harbour Creations 67200 Series Stacking Chairs,Furniture,2.0,56.94,20.0,West
2016-09-17,CA-2016-159730,Clarity 53712,Technology,2.0,52.79,20.0,West
2016-12-23,CA-2016-157868,"Acco Clips to Go Binder Clips, 24 Clips in Two Sizes",Office Supplies,7.0,3.55,0.0,Central
2017-04-17,CA-2017-119389,"Eldon Executive Woodline II Desk Accessories, Mahogany",Furniture,3.0,20.1,20.0,East
2017-10-27,CA-2017-110373,Prang Colored Pencils,Office Supplies,3.0,2.35,20.0,Central
2017-10-27,CA-2017-110373,Spigen Samsung Galaxy S5 Case Wallet,Technology,2.0,13.59,20.0,Central
2016-07-08,CA-2016-155474,Logitech Mobile Speakerphone P710e - speaker phone,Technology,1.0,107.98,20.0,West
2016-07-08,CA-2016-155474,"Fellowes Twister Kit, Gray/Clear, 3/pkg",Office Supplies,3.0,6.43,20.0,West
2015-08-09,CA-2015-155453,Avery File Folder Labels,Office Supplies,2.0,2.3,20.0,South
2016-12-09,US-2016-161844,Hon 61000 Series Interactive Training Tables,Furniture,3.0,26.66,40.0,South
2016-12-09,US-2016-161844,"Acco Pressboard Covers with Storage Hooks, 14 7/8"" x 11"", Light Blue",Office Supplies,2.0,1.47,70.0,South
2016-11-13,US-2016-162103,XtraLife ClearVue Slant-D Ring Binders by Cardinal,Office Supplies,2.0,1.57,80.0,Central
2014-11-14,CA-2014-151554,Xerox 221,Office Supplies,4.0,5.18,20.0,Central
2014-11-17,CA-2014-140662,Case Logic 2.4GHz Wireless Keyboard,Technology,2.0,49.99,0.0,West
2014-11-17,CA-2014-140662,Xerox 1941,Office Supplies,7.0,104.85,0.0,West
2014-11-17,CA-2014-140662,APC 7 Outlet Network SurgeArrest Surge Protector,Office Supplies,3.0,80.48,0.0,West
2016-03-04,CA-2016-122518,Avery 518,Office Supplies,4.0,2.52,20.0,South
2014-10-11,US-2014-126571,Fellowes High-Stak Drawer Files,Office Supplies,2.0,140.95,20.0,East
2014-10-11,US-2014-126571,Airmail Envelopes,Office Supplies,3.0,67.14,20.0,East
2014-05-22,CA-2014-143840,Nortel Networks T7316 E Nt8 B27,Technology,2.0,67.99,0.0,South
2014-05-22,CA-2014-143840,Plantronics Encore H101 Dual Earpieces Headset,Technology,1.0,44.95,0.0,South
2014-07-15,CA-2014-115980,Maxell 4.7GB DVD-R 5/Pack,Technology,3.0,0.99,0.0,Central
2014-07-15,CA-2014-115980,Advantus Push Pins,Office Supplies,3.0,2.18,0.0,Central
2015-12-27,CA-2015-155145,Maxell 4.7GB DVD-R 5/Pack,Technology,8.0,0.99,0.0,West
2015-02-09,CA-2015-146038,"Global Deluxe Stacking Chair, Gray",Furniture,5.0,40.78,20.0,West
2017-05-08,CA-2017-133865,Canon Imageclass D680 Copier / Fax,Technology,6.0,559.99,20.0,West
2017-11-02,CA-2017-116358,Staples,Office Supplies,3.0,6.08,0.0,Central
2017-11-02,CA-2017-116358,"Binney & Smith Crayola Metallic Colored Pencils, 8-Color Set",Office Supplies,6.0,4.63,0.0,Central
2014-04-05,CA-2014-102988,Crayola Colored Pencils,Office Supplies,7.0,3.28,0.0,South
2014-04-05,CA-2014-102988,AT&T CL82213,Technology,1.0,28.99,0.0,South
2014-04-05,CA-2014-102988,Xerox 1957,Office Supplies,2.0,6.48,0.0,South
2014-04-05,CA-2014-102988,Newell 321,Office Supplies,7.0,3.28,0.0,South
2014-04-05,CA-2014-102988,Martin Yale Chadless Opener Electric Letter Opener,Office Supplies,5.0,832.81,0.0,South
2014-09-17,US-2014-117170,Logitech Trackman Marble Mouse,Technology,2.0,23.99,20.0,South
2014-09-17,US-2014-117170,Xerox 1924,Office Supplies,1.0,4.62,20.0,South
2014-09-30,CA-2014-159478,"Master Caster Door Stop, Brown",Furniture,3.0,5.08,0.0,East
2014-09-12,CA-2014-103702,"Premier Elliptical Ring Binder, Black",Office Supplies,7.0,9.13,70.0,East
2017-02-20,CA-2017-150525,Newell 351,Office Supplies,2.0,3.28,0.0,Central
2017-02-20,CA-2017-150525,Disposable Triple-Filter Dust Bags,Office Supplies,3.0,4.37,0.0,Central
2015-12-13,CA-2015-157770,Plantronics Voyager Pro Legend,Technology,3.0,164.79,20.0,West
2015-12-13,CA-2015-157770,"Angle-D Binders with Locking Rings, Label Holders",Office Supplies,5.0,5.84,20.0,West
2015-12-13,CA-2015-157770,Logitech K350 2.4Ghz Wireless Keyboard,Technology,5.0,49.77,0.0,West
2015-12-13,CA-2015-157770,Memorex Mini Travel Drive 64 GB USB 2.0 Flash Drive,Technology,1.0,36.24,0.0,West
2016-10-30,CA-2016-167290,Newell 312,Office Supplies,2.0,5.84,0.0,Central
2014-12-26,CA-2014-106264,Acme Rosewood Handle Letter Opener,Office Supplies,3.0,3.97,0.0,West
2014-12-26,CA-2014-106264,"Eldon Regeneration Recycled Desk Accessories, Smoke",Furniture,2.0,1.74,0.0,West
2014-08-15,CA-2014-138023,GBC Durable Plastic Covers,Office Supplies,8.0,3.87,80.0,Central
2017-10-01,CA-2017-113418,Fellowes Powershred HS-440 4-Sheet High Security Shredder,Technology,11.0,154.99,0.0,East
2015-05-23,US-2015-110569,Cardinal EasyOpen D-Ring Binders,Office Supplies,7.0,2.74,70.0,West
2015-05-23,US-2015-110569,Fellowes Superior 10 Outlet Split Surge Protector,Office Supplies,4.0,30.45,20.0,West
2017-11-16,CA-2017-136308,Bady BDG101FRU Card Printer,Technology,3.0,639.99,20.0,West
2014-11-18,US-2014-159926,Fellowes PB200 Plastic Comb Binding Machine,Office Supplies,1.0,51.0,70.0,East
2014-11-18,US-2014-159926,Safco Industrial Wire Shelving,Office Supplies,1.0,76.79,20.0,East
2014-11-18,US-2014-159926,Motorola Droid Maxx,Technology,6.0,89.99,40.0,East
2014-11-18,US-2014-159926,"Eldon Executive Woodline II Desk Accessories, Mahogany",Furniture,3.0,20.1,20.0,East
2014-11-18,US-2014-159926,Peel & Stick Add-On Corner Pockets,Office Supplies,3.0,0.65,70.0,East
2014-12-30,CA-2014-104738,Fashion Color Clasp Envelopes,Office Supplies,3.0,4.33,20.0,Central
2014-12-30,CA-2014-104738,"Plantronics CS 50-USB - headset - Convertible, Monaural",Technology,2.0,108.79,20.0,Central
2014-12-30,CA-2014-104738,AT&T 1080 Corded phone,Technology,3.0,109.59,20.0,Central
2014-12-30,CA-2014-104738,Acco Hanging Data Binders,Office Supplies,3.0,0.76,80.0,Central
2014-12-30,CA-2014-104738,Logitech 910-002974 M325 Wireless Mouse for Web Scrolling,Technology,2.0,23.99,20.0,Central
2015-11-05,CA-2015-144386,"Wilson Jones 1"" Hanging DublLock Ring Binders",Office Supplies,6.0,4.22,20.0,East
2016-09-17,CA-2016-111416,Avery Arch Ring Binders,Office Supplies,5.0,46.48,20.0,East
2016-03-20,CA-2016-162747,"Eldon Image Series Desk Accessories, Ebony",Furniture,7.0,12.35,0.0,South
2014-09-27,US-2014-133130,DMI Arturo Collection Mission-style Design Wood Chair,Furniture,5.0,120.78,20.0,West
2014-09-27,US-2014-133130,Xerox 1919,Office Supplies,2.0,40.99,0.0,West
2017-12-24,CA-2017-169978,DMI Arturo Collection Mission-style Design Wood Chair,Furniture,2.0,135.88,10.0,East
2017-12-24,CA-2017-169978,"DXL Angle-View Binders with Locking Rings, Black",Office Supplies,3.0,4.79,20.0,East
2017-11-10,CA-2017-161739,Tenex Antistatic Computer Chair Mats,Furniture,5.0,68.39,60.0,Central
2015-09-11,CA-2015-165057,Boston 19500 Mighty Mite Electric Pencil Sharpener,Office Supplies,9.0,20.15,0.0,West
2015-09-11,CA-2015-165057,Avery 474,Office Supplies,3.0,2.88,0.0,West
2014-12-20,CA-2014-134551,Hoover Commercial Soft Guard Upright Vacuum And Disposable Filtration Bags,Office Supplies,7.0,6.22,20.0,South
2014-12-20,CA-2014-134551,SAFCO Arco Folding Chair,Furniture,3.0,220.96,20.0,South
2014-12-20,CA-2014-134551,Weyerhaeuser First Choice Laser/Copy Paper (20Lb. and 88 Bright),Office Supplies,5.0,5.18,20.0,South
2015-07-23,CA-2015-120810,Belkin F5C206VTEL 6 Outlet Surge,Office Supplies,3.0,22.98,0.0,East
2015-07-23,CA-2015-120810,"Howard Miller 13"" Diameter Pewter Finish Round Wall Clock",Furniture,3.0,42.94,0.0,East
2014-11-11,CA-2014-165309,GBC DocuBind TL300 Electric Binding System,Office Supplies,5.0,179.4,80.0,Central
2014-11-11,CA-2014-165309,"Universal Recycled Hanging Pressboard Report Binders, Letter Size",Office Supplies,1.0,1.23,80.0,Central
2014-11-11,CA-2014-165309,"Boston Electric Pencil Sharpener, Model 1818, Charcoal Black",Office Supplies,3.0,22.52,20.0,Central
2014-11-11,CA-2014-165309,"Wirebound Message Book, 4 per Page",Office Supplies,5.0,4.34,20.0,Central
2014-11-11,CA-2014-165309,Xerox 1893,Office Supplies,8.0,32.79,20.0,Central
2014-11-11,CA-2014-165309,Geemarc AmpliPOWER60,Technology,2.0,74.24,20.0,Central
2014-11-11,CA-2014-165309,Classic Ivory Antique Telephone ZL1810,Technology,3.0,80.39,20.0,Central
2017-12-14,CA-2017-122595,Kensington Expert Mouse Optical USB Trackball for PC or Mac,Technology,3.0,75.99,20.0,Central
2017-12-14,CA-2017-122595,Samsung HM1900 Bluetooth Headset,Technology,3.0,17.56,20.0,Central
2017-12-14,CA-2017-122595,"Master Caster Door Stop, Gray",Furniture,1.0,2.03,60.0,Central
2017-08-21,US-2017-109253,Newell 336,Office Supplies,4.0,4.28,0.0,West
2017-08-21,US-2017-109253,Cisco 8x8 Inc. 6753i IP Business Phone System,Technology,4.0,107.99,20.0,West
2017-08-21,US-2017-109253,Tenex Chairmats For Use with Hard Floors,Furniture,4.0,32.48,0.0,West
2017-08-21,US-2017-109253,Chromcraft Rectangular Conference Tables,Furniture,3.0,189.58,20.0,West
2017-08-21,US-2017-109253,"Acco Flexible ACCOHIDE Square Ring Data Binder, Dark Blue, 11 1/2"" X 14"" 7/8""",Office Supplies,9.0,13.02,20.0,West
2017-08-21,US-2017-109253,Fellowes Command Center 5-outlet power strip,Office Supplies,3.0,67.84,0.0,West
2017-08-21,US-2017-109253,"Avery Address/Shipping Labels for Typewriters, 4"" x 2""",Office Supplies,5.0,10.35,0.0,West
2016-08-27,CA-2016-145982,Xerox 1919,Office Supplies,3.0,40.99,0.0,East
2016-08-27,CA-2016-145982,"SAFCO PlanMaster Heigh-Adjustable Drafting Table Base, 43w x 30d x 30-37h, Black",Furniture,1.0,244.62,30.0,East
2016-08-27,CA-2016-145982,PureGear Roll-On Screen Protector,Technology,3.0,19.99,0.0,East
2016-08-27,CA-2016-145982,Southworth 25% Cotton Linen-Finish Paper & Envelopes,Office Supplies,9.0,9.06,0.0,East
2016-08-27,CA-2016-145982,Staples,Office Supplies,4.0,2.92,0.0,East
2016-08-27,CA-2016-145982,"Wilson Jones Clip & Carry Folder Binder Tool for Ring Binders, Clear",Office Supplies,5.0,5.8,0.0,East
2015-08-13,CA-2015-112014,50 Colored Long Pencils,Office Supplies,5.0,10.16,0.0,West
2017-11-05,CA-2017-154732,Avery Recycled Flexi-View Covers for Binding Systems,Office Supplies,5.0,3.21,80.0,Central
2016-08-17,US-2016-157308,"Acco Pressboard Covers with Storage Hooks, 14 7/8"" x 11"", Light Blue",Office Supplies,4.0,3.93,20.0,West
2016-12-26,CA-2016-147536,Belkin F8E887 USB Wired Ergonomic Keyboard,Technology,3.0,29.99,0.0,East
2014-09-23,US-2014-134733,"Rush Hierlooms Collection 1"" Thick Stackable Bookcases",Furniture,3.0,145.33,15.0,West
2014-09-23,US-2014-134733,netTALK DUO VoIP Telephone Service,Technology,2.0,41.99,20.0,West
2014-07-19,US-2014-150434,Polycom VVX 310 VoIP phone,Technology,2.0,179.99,0.0,East
2014-07-19,US-2014-150434,"Barricks 18"" x 48"" Non-Folding Utility Table with Bottom Storage Shelf",Furniture,1.0,70.56,30.0,East
2014-07-19,US-2014-150434,"Avery 3 1/2"" Diskette Storage Pages, 10/Pack",Office Supplies,2.0,10.44,0.0,East
2014-07-19,US-2014-150434,Acco Hanging Data Binders,Office Supplies,1.0,3.81,0.0,East
2017-09-07,CA-2017-100335,Easy-staple paper,Office Supplies,9.0,8.11,20.0,Central
2016-05-06,CA-2016-139234,Insertable Tab Post Binder Dividers,Office Supplies,2.0,1.6,80.0,Central
2016-05-06,CA-2016-139234,Logitech Desktop MK120 Mouse and keyboard Combo,Technology,2.0,13.09,20.0,Central
2015-06-04,US-2015-142020,"Wirebound Message Books, Two 4 1/4"" x 5"" Forms per Page",Office Supplies,4.0,7.61,0.0,East
2015-06-04,US-2015-142020,"Executive Impressions 10"" Spectator Wall Clock",Furniture,3.0,11.76,0.0,East
2015-12-13,CA-2015-139962,Xerox 222,Office Supplies,3.0,6.48,0.0,East
2015-12-13,CA-2015-139962,Flexible Leather- Look Classic Collection Ring Binder,Office Supplies,2.0,18.94,0.0,East
2016-07-16,CA-2016-130050,Staple-based wall hangings,Furniture,3.0,3.18,60.0,Central
2014-01-31,CA-2014-115161,"Sauder Facets Collection Library, Sky Alder Finish",Furniture,2.0,145.33,15.0,West
2014-07-09,CA-2014-165379,"Eureka Recycled Copy Paper 8 1/2"" x 11"", Ream",Office Supplies,2.0,5.18,20.0,Central
2014-07-09,CA-2014-165379,Xerox 1895,Office Supplies,3.0,4.78,20.0,Central
2015-11-21,CA-2015-115511,"Hon Metal Bookcases, Putty",Furniture,2.0,70.98,0.0,West
2015-11-21,CA-2015-115511,"Square Ring Data Binders, Rigid 75 Pt. Covers, 11"" x 14-7/8""",Office Supplies,4.0,16.51,20.0,West
2016-03-25,CA-2016-134887,Logitech P710e Mobile Speakerphone,Technology,5.0,257.49,0.0,Central
2017-09-23,CA-2017-123778,"Acco PRESSTEX Data Binder with Storage Hooks, Light Blue, 9 1/2"" X 11""",Office Supplies,6.0,4.3,20.0,West
2017-09-23,CA-2017-123778,APC 7 Outlet Network SurgeArrest Surge Protector,Office Supplies,2.0,80.48,0.0,West
2015-12-04,CA-2015-161718,"DAX Two-Tone Rosewood/Black Document Frame, Desktop, 5 x 7",Furniture,3.0,9.48,0.0,East
2015-12-04,CA-2015-161718,Office Star - Ergonomically Designed Knee Chair,Furniture,5.0,72.88,10.0,East
2015-12-04,CA-2015-161718,Square Credit Card Reader,Technology,4.0,9.99,0.0,East
2015-12-04,CA-2015-161718,"Global Leather Highback Executive Chair with Pneumatic Height Adjustment, Black",Furniture,2.0,180.88,10.0,East
2016-11-01,CA-2016-100671,"Tenex Personal Filing Tote With Secure Closure Lid, Black/Frost",Office Supplies,9.0,12.41,20.0,Central
2017-03-17,CA-2017-142867,GBC Plasticlear Binding Covers,Office Supplies,6.0,2.3,80.0,Central
2017-03-17,CA-2017-142867,Xerox 1900,Office Supplies,3.0,3.42,20.0,Central
2017-11-23,CA-2017-103156,OIC Stacking Trays,Furniture,9.0,2.67,20.0,East
2017-08-27,US-2017-162208,Convenience Packs of Business Envelopes,Office Supplies,1.0,2.9,20.0,South
2015-12-04,CA-2015-130659,Wausau Papers Astrobrights Colored Envelopes,Office Supplies,3.0,5.98,0.0,East
2015-12-04,CA-2015-130659,"Global Armless Task Chair, Royal Blue",Furniture,7.0,54.88,10.0,East
2015-12-04,CA-2015-130659,Wilson SignalBoost 841262 DB PRO Amplifier Kit,Technology,5.0,359.95,0.0,East
2017-10-07,CA-2017-148404,Adjustable Depth Letter/Legal Cart,Office Supplies,4.0,145.17,20.0,South
2017-10-07,CA-2017-148404,Staples,Office Supplies,3.0,6.31,20.0,South
2017-10-07,CA-2017-148404,Toshiba IPT2010-SD IP Telephone,Technology,2.0,111.19,20.0,South
2017-10-07,CA-2017-148404,"Performers Binder/Pad Holder, Black",Office Supplies,6.0,8.41,70.0,South
2017-10-07,CA-2017-148404,KI Adjustable-Height Table,Furniture,3.0,51.59,40.0,South
2017-03-25,CA-2017-101077,Xerox 1953,Office Supplies,2.0,3.42,20.0,Central
2014-08-09,CA-2014-166471,Cisco Unified IP Phone 7945G VoIP phone,Technology,4.0,272.79,20.0,West
2014-08-09,CA-2014-166471,Jawbone MINI JAMBOX Wireless Bluetooth Speaker,Technology,2.0,109.58,20.0,West
2014-11-22,CA-2014-105340,Wilson Jones Heavy-Duty Casebound Ring Binders with Metal Hinges,Office Supplies,1.0,6.93,80.0,Central
2017-06-10,US-2017-131583,"REDIFORM Incoming/Outgoing Call Register, 11"" X 8 1/2"", 100 Messages",Office Supplies,6.0,6.67,20.0,East
2017-07-01,US-2017-148362,"Carina Mini System Audio Rack, Model AR050B",Office Supplies,4.0,110.98,0.0,Central
2017-07-01,US-2017-148362,Fellowes PB200 Plastic Comb Binding Machine,Office Supplies,1.0,169.99,0.0,Central
2017-07-01,US-2017-148362,Xerox 226,Office Supplies,4.0,6.48,0.0,Central
2014-11-21,CA-2014-102274,"Logitech B530 USB Headset - headset - Full size, Binaural",Technology,1.0,36.99,0.0,South
2014-11-21,CA-2014-102274,Multicolor Computer Printout Paper,Office Supplies,6.0,104.85,0.0,South
2014-11-21,CA-2014-102274,Space Solutions Commercial Steel Shelving,Office Supplies,3.0,64.65,0.0,South
2014-11-21,CA-2014-102274,Newell 322,Office Supplies,3.0,1.82,0.0,South
2015-05-04,CA-2015-129700,Staple-based wall hangings,Furniture,7.0,3.18,60.0,Central
2017-05-29,CA-2017-168739,Eldon Executive Woodline II Cherry Finish Desk Accessories,Furniture,4.0,16.36,60.0,Central
2015-10-17,CA-2015-152527,"Eldon Base for stackable storage shelf, platinum",Office Supplies,2.0,38.94,0.0,West
2014-04-23,US-2014-150119,"Global Leather Highback Executive Chair with Pneumatic Height Adjustment, Black",Furniture,2.0,140.69,30.0,East
2014-04-23,US-2014-150119,"Global Leather Highback Executive Chair with Pneumatic Height Adjustment, Black",Furniture,2.0,140.69,30.0,East
2014-04-23,US-2014-150119,Zipper Ring Binder Pockets,Office Supplies,8.0,0.94,70.0,East
2014-04-23,US-2014-150119,G.E. Halogen Desk Lamp Bulbs,Furniture,4.0,5.58,20.0,East
2017-04-30,US-2017-150847,Xerox 222,Office Supplies,2.0,5.18,20.0,East
2016-09-20,CA-2016-100244,Strathmore Photo Frame Cards,Office Supplies,9.0,7.31,0.0,West
2016-09-20,CA-2016-100244,Fellowes PB200 Plastic Comb Binding Machine,Office Supplies,2.0,135.99,20.0,West
2016-09-20,CA-2016-100244,Newell 343,Office Supplies,4.0,2.94,0.0,West
2016-09-20,CA-2016-100244,Xerox 1944,Office Supplies,2.0,38.76,0.0,West
2016-09-20,CA-2016-100244,Ibico Plastic Spiral Binding Combs,Office Supplies,2.0,24.32,20.0,West
2016-09-02,CA-2016-116540,Colored Push Pins,Office Supplies,1.0,1.81,0.0,Central
2016-09-02,CA-2016-116540,"ACCOHIDE 3-Ring Binder, Blue, 1""",Office Supplies,2.0,4.13,0.0,Central
2015-04-27,CA-2015-151841,Belkin 6 Outlet Metallic Surge Strip,Office Supplies,5.0,8.71,20.0,West
2015-04-27,CA-2015-151841,Acme Value Line Scissors,Office Supplies,2.0,2.92,20.0,West
2015-09-06,CA-2015-150791,"Global Airflow Leather Mesh Back Chair, Black",Furniture,2.0,135.88,10.0,East
2016-05-28,CA-2016-134803,Kensington 7 Outlet MasterPiece HOMEOFFICE Power Control Center,Office Supplies,2.0,131.12,0.0,West
2016-05-28,CA-2016-134803,Xerox 1991,Office Supplies,8.0,22.84,0.0,West
2016-05-28,CA-2016-134803,Imation Clip USB flash drive - 8 GB,Technology,7.0,18.8,0.0,West
2016-05-28,CA-2016-134803,"Wilson Jones Hanging View Binder, White, 1""",Office Supplies,4.0,5.68,20.0,West
2016-05-28,CA-2016-134803,Okidata C331dn Printer,Technology,2.0,279.2,20.0,West
2015-09-24,CA-2015-153381,"Acco Pressboard Covers with Storage Hooks, 14 7/8"" x 11"", Executive Red",Office Supplies,4.0,3.81,0.0,Central
2015-09-24,CA-2015-153381,Hon Olson Stacker Stools,Furniture,10.0,140.81,0.0,Central
2017-07-03,US-2017-111024,"Message Book, Wirebound, Four 5 1/2"" X 4"" Forms/Pg., 200 Dupl. Sets/Book",Office Supplies,4.0,8.22,20.0,East
2017-07-03,US-2017-111024,"Bevis Round Conference Table Top, X-Base",Furniture,2.0,107.57,40.0,East
2017-07-03,US-2017-111024,"Wirebound Four 2-3/4 x 5 Forms per Page, 400 Sets per Book",Office Supplies,6.0,5.16,20.0,East
2017-12-08,CA-2017-148264,Akro-Mils 12-Gallon Tote,Office Supplies,3.0,9.93,0.0,West
2017-12-08,CA-2017-148264,"Tenex Traditional Chairmats for Hard Floors, Average Lip, 36"" x 48""",Furniture,2.0,64.45,0.0,West
2017-12-08,CA-2017-148264,Xerox 1968,Office Supplies,9.0,6.68,0.0,West
2017-12-05,CA-2017-131212,GBC Wire Binding Combs,Office Supplies,3.0,8.27,20.0,West
2017-12-05,CA-2017-131212,Zipper Ring Binder Pockets,Office Supplies,6.0,2.5,20.0,West
2015-09-27,US-2015-100531,Vinyl Sectional Post Binders,Office Supplies,2.0,7.54,80.0,Central
2015-09-27,US-2015-100531,"DAX Metal Frame, Desktop, Stepped-Edge",Furniture,3.0,8.1,60.0,Central
2017-10-30,CA-2017-152583,"DAX Metal Frame, Desktop, Stepped-Edge",Furniture,2.0,8.1,60.0,Central
2017-10-30,CA-2017-152583,"Bevis Round Conference Table Top, X-Base",Furniture,2.0,125.5,30.0,Central
2017-10-30,CA-2017-152583,X-Rack File for Hanging Folders,Office Supplies,6.0,9.03,20.0,Central
2015-11-29,CA-2015-144099,"Acco PRESSTEX Data Binder with Storage Hooks, Dark Blue, 14 7/8"" X 11""",Office Supplies,1.0,4.3,20.0,West
2014-03-11,CA-2014-158337,"Southworth 100% Résumé Paper, 24lb.",Office Supplies,14.0,7.78,0.0,East
2017-11-19,CA-2017-168858,Staple envelope,Office Supplies,3.0,5.58,0.0,East
2017-11-19,CA-2017-168858,Hoover Shoulder Vac Commercial Portable Vacuum,Office Supplies,7.0,357.82,0.0,East
2016-07-29,CA-2016-116344,"Gould Plastics 9-Pocket Panel Bin, 18-3/8w x 5-1/4d x 20-1/2h, Black",Office Supplies,2.0,42.39,20.0,East
2015-06-12,CA-2015-131779,"Perma STOR-ALL Hanging File Box, 13 1/8""W x 12 1/4""D x 10 1/2""H",Office Supplies,5.0,5.98,0.0,East
2016-08-06,CA-2016-158869,Easy-staple paper,Office Supplies,2.0,35.44,0.0,East
2017-06-11,CA-2017-102554,"OIC #2 Pencils, Medium Soft",Office Supplies,2.0,1.88,0.0,South
2016-10-07,CA-2016-162614,GBC Recycled VeloBinder Covers,Office Supplies,2.0,13.63,20.0,West
2014-09-08,CA-2014-168592,"Holmes Replacement Filter for HEPA Air Cleaner, Medium Room",Office Supplies,5.0,11.33,0.0,West
2014-09-08,CA-2014-168592,Pizazz Global Quick File,Office Supplies,1.0,14.97,0.0,West
2014-09-08,CA-2014-168592,Ideal Clamps,Office Supplies,2.0,2.01,0.0,West
2014-03-16,CA-2014-157609,Polycom VoiceStation 500 Conference phone,Technology,2.0,235.96,20.0,South
2015-03-01,CA-2015-153325,"XtraLife ClearVue Slant-D Ring Binder, White, 3""",Office Supplies,4.0,14.68,0.0,South
2015-07-09,CA-2015-153626,"Binney & Smith inkTank Desk Highlighter, Chisel Tip, Yellow, 12/Box",Office Supplies,3.0,1.72,20.0,South
2016-02-20,CA-2016-166485,"Speediset Carbonless Redi-Letter 7"" x 8 1/2""",Office Supplies,2.0,8.25,20.0,South
2017-09-16,CA-2017-136448,Logitech Trackman Marble Mouse,Technology,3.0,23.99,20.0,East
2017-09-16,CA-2017-136448,"Eldon Expressions Punched Metal & Wood Desk Accessories, Black & Cherry",Furniture,3.0,7.5,20.0,East
2017-09-16,CA-2017-136448,Binder Posts,Office Supplies,2.0,1.72,70.0,East
2017-09-16,CA-2017-136448,GBC DocuBind TL300 Electric Binding System,Office Supplies,2.0,269.1,70.0,East
2017-09-16,CA-2017-136448,Logitech 910-002974 M325 Wireless Mouse for Web Scrolling,Technology,2.0,23.99,20.0,East
2017-11-05,CA-2017-114258,Nortel Meridian M3904 Professional Digital phone,Technology,4.0,123.19,20.0,Central
2015-02-20,CA-2015-152611,Sanford 52201 APSCO Electric Pencil Sharpener,Office Supplies,7.0,40.97,0.0,East
2016-11-25,CA-2016-165470,"Telephone Message Books with Fax/Mobile Section, 5 1/2"" x 3 3/16""",Office Supplies,1.0,5.08,20.0,South
2017-12-03,CA-2017-128699,Kensington Orbit Wireless Mobile Trackball for PC and Mac,Technology,1.0,47.99,20.0,South
2015-09-10,US-2015-147242,Euro-Pro Shark Turbo Vacuum,Office Supplies,2.0,30.98,0.0,East
2015-09-10,US-2015-147242,O'Sullivan 2-Door Barrister Bookcase in Odessa Pine,Furniture,2.0,180.98,0.0,East
2015-09-10,US-2015-147242,Xerox 1960,Office Supplies,9.0,30.98,0.0,East
2016-12-14,CA-2016-146143,"Executive Impressions 14""",Furniture,6.0,22.23,0.0,South
2015-04-06,CA-2015-100888,Xerox 1884,Office Supplies,3.0,15.98,20.0,South
2016-12-01,US-2016-150035,Westinghouse Clip-On Gooseneck Lamps,Furniture,2.0,8.37,0.0,West
2017-11-12,CA-2017-122644,Strathmore Photo Mount Cards,Office Supplies,2.0,5.42,20.0,East
2017-11-12,CA-2017-122644,"Verbatim 25 GB 6x Blu-ray Single Layer Recordable Disc, 10/Pack",Technology,2.0,9.27,20.0,East
2017-03-03,CA-2017-111815,Global Ergonomic Managers Chair,Furniture,1.0,180.98,0.0,Central
2017-03-03,CA-2017-111815,Logitech Wireless Marathon Mouse M705,Technology,2.0,49.99,0.0,Central
2016-11-27,CA-2016-144911,"Verbatim 25 GB 6x Blu-ray Single Layer Recordable Disc, 3/Pack",Technology,5.0,6.99,0.0,Central
2016-11-27,CA-2016-144911,Ibico Plastic Spiral Binding Combs,Office Supplies,5.0,30.4,0.0,Central
2014-08-31,CA-2014-143385,KeyTronic KT400U2 - Keyboard - Black,Technology,9.0,10.28,0.0,West
2016-12-08,CA-2016-131289,Newell 341,Office Supplies,2.0,4.28,0.0,West
2016-12-08,CA-2016-131289,Xerox 204,Office Supplies,7.0,6.48,0.0,West
2016-12-08,CA-2016-131289,Hon 94000 Series Round Tables,Furniture,6.0,236.94,20.0,West
2014-04-07,CA-2014-124023,"Stacking Tray, Side-Loading, Legal, Smoke",Furniture,2.0,4.48,0.0,South
2014-08-27,CA-2014-124688,GE 30522EE2,Technology,5.0,115.99,0.0,South
2014-08-27,CA-2014-124688,"Master Caster Door Stop, Large Neon Orange",Furniture,4.0,7.28,0.0,South
2014-08-27,CA-2014-124688,Bretford CR8500 Series Meeting Room Furniture,Furniture,3.0,400.98,0.0,South
2016-10-21,CA-2016-151169,Avery Reinforcements for Hole-Punch Pages,Office Supplies,4.0,1.98,0.0,East
2016-11-30,US-2016-134761,AT&T 17929 Lendline Telephone,Technology,1.0,36.19,20.0,South
2017-09-05,CA-2017-120705,"Gould Plastics 18-Pocket Panel Bin, 34w x 5-1/4d x 20-1/2h",Office Supplies,2.0,73.59,20.0,South
2015-07-02,CA-2015-157322,Hon 4070 Series Pagoda Armless Upholstered Stacking Chairs,Furniture,2.0,204.21,30.0,Central
2015-07-02,CA-2015-157322,"Global Wood Trimmed Manager's Task Chair, Khaki",Furniture,6.0,63.69,30.0,Central
2015-07-02,CA-2015-157322,Advantus Rolling Storage Box,Office Supplies,5.0,13.72,20.0,Central
2015-07-02,CA-2015-157322,Adjustable Depth Letter/Legal Cart,Office Supplies,3.0,145.17,20.0,Central
2015-07-02,CA-2015-157322,"Adams Phone Message Book, Professional, 400 Message Capacity, 5 3/6” x 11”",Office Supplies,2.0,5.58,20.0,Central
2017-09-24,CA-2017-142034,KeyTronic E03601U1 - Keyboard - Beige,Technology,4.0,18.0,0.0,Central
2017-09-24,CA-2017-142034,Imation Bio 2GB USB Flash Drive Imation Corp,Technology,5.0,131.18,0.0,Central
2017-09-24,CA-2017-142034,"Global Airflow Leather Mesh Back Chair, Black",Furniture,4.0,150.98,0.0,Central
2016-08-08,CA-2016-107328,"Chromcraft 48"" x 96"" Racetrack Double Pedestal Table",Furniture,2.0,256.51,20.0,West
2016-08-08,CA-2016-107328,Kensington 4 Outlet MasterPiece Compact Power Control Center,Office Supplies,6.0,81.32,0.0,West
2016-08-08,CA-2016-107328,Acco Hanging Data Binders,Office Supplies,5.0,3.05,20.0,West
2016-09-29,CA-2016-108616,Logitech G500s Laser Gaming Mouse with Adjustable Weight Tuning,Technology,3.0,69.99,0.0,South
2016-09-29,CA-2016-108616,Premium Transparent Presentation Covers by GBC,Office Supplies,3.0,20.98,0.0,South
2016-09-29,CA-2016-108616,"Sanford Colorific Colored Pencils, 12/Box",Office Supplies,9.0,2.88,0.0,South
2017-04-10,CA-2017-125115,Xerox 1894,Office Supplies,2.0,5.18,20.0,Central
2017-04-10,CA-2017-125115,Logitech MX Performance Wireless Mouse,Technology,3.0,31.91,20.0,Central
2016-12-18,CA-2016-150945,Tennsco Double-Tier Lockers,Office Supplies,4.0,225.02,0.0,East
2014-06-20,CA-2014-166863,HTC One Mini,Technology,2.0,100.79,20.0,Central
2014-06-20,CA-2014-166863,Storex DuraTech Recycled Plastic Frosted Binders,Office Supplies,4.0,0.85,80.0,Central
2014-06-20,CA-2014-166863,"Hon Metal Bookcases, Black",Furniture,4.0,48.27,32.0,Central
2014-06-20,CA-2014-166863,Xerox 2,Office Supplies,3.0,5.18,20.0,Central
2014-06-20,CA-2014-166863,"Array Parchment Paper, Assorted Colors",Office Supplies,2.0,5.82,20.0,Central
2014-06-20,CA-2014-166863,Okidata C331dn Printer,Technology,2.0,209.4,40.0,Central
2014-06-20,CA-2014-166863,Safco Industrial Wire Shelving System,Office Supplies,7.0,72.78,20.0,Central
2017-09-04,CA-2017-140326,"Bush Birmingham Collection Bookcase, Dark Cherry",Furniture,9.0,91.69,30.0,Central
2017-09-04,CA-2017-140326,"It's Hot Message Books with Stickers, 2 3/4"" x 5""",Office Supplies,3.0,5.92,20.0,Central
2017-09-04,CA-2017-140326,"Sanford Colorific Colored Pencils, 12/Box",Office Supplies,3.0,2.3,20.0,Central
2016-12-20,CA-2016-168536,SanDisk Ultra 32 GB MicroSDHC Class 10 Memory Card,Technology,3.0,22.1,0.0,South
2016-08-09,US-2016-113649,Xerox 199,Office Supplies,9.0,3.42,20.0,South
2016-08-09,US-2016-113649,Apple EarPods with Remote and Mic,Technology,2.0,22.39,20.0,South
2016-08-09,US-2016-113649,Kensington 7 Outlet MasterPiece Power Center,Office Supplies,4.0,142.38,20.0,South
2015-06-22,CA-2015-124975,Hon Rectangular Conference Tables,Furniture,7.0,113.78,50.0,Central
2015-04-10,CA-2015-168767,Insertable Tab Post Binder Dividers,Office Supplies,2.0,6.42,20.0,West
2016-11-21,CA-2016-114482,Xerox 1987,Office Supplies,7.0,5.78,0.0,Central
2016-11-21,CA-2016-114482,Logitech Mobile Speakerphone P710e - speaker phone,Technology,3.0,134.98,0.0,Central
2016-09-05,CA-2016-137673,HP Standard 104 key PS/2 Keyboard,Technology,8.0,14.5,0.0,West
2016-11-24,CA-2016-132731,AT&T 1080 Phone,Technology,6.0,109.59,20.0,Central
2017-12-10,CA-2017-148922,Razer Tiamat Over Ear 7.1 Surround Sound PC Gaming Headset,Technology,3.0,199.99,0.0,South
2017-12-10,CA-2017-148922,Cyber Acoustics AC-202b Speech Recognition Stereo Headset,Technology,3.0,12.99,0.0,South
2017-12-10,CA-2017-148922,Avery Metallic Poly Binders,Office Supplies,8.0,5.73,0.0,South
2016-06-24,CA-2016-130680,Macally Suction Cup Mount,Technology,4.0,9.56,20.0,West
2015-09-17,CA-2015-141145,SanDisk Cruzer 64 GB USB Flash Drive,Technology,3.0,29.06,20.0,South
2016-05-19,US-2016-152835,Newell 341,Office Supplies,5.0,4.28,0.0,Central
2016-05-28,CA-2016-155565,Fiskars Softgrip Scissors,Office Supplies,5.0,10.98,0.0,East
2014-04-18,CA-2014-110849,Ativa MDM8000 8-Sheet Micro-Cut Shredder,Technology,4.0,71.99,20.0,West
2014-04-18,CA-2014-110849,Newell 351,Office Supplies,4.0,3.28,0.0,West
2014-04-18,CA-2014-110849,"Binney & Smith inkTank Desk Highlighter, Chisel Tip, Yellow, 12/Box",Office Supplies,5.0,2.15,0.0,West
2014-04-18,CA-2014-110849,"Advantus Push Pins, Aluminum Head",Office Supplies,2.0,5.81,0.0,West
2016-06-17,CA-2016-145842,"Rogers Jumbo File, Granite",Office Supplies,3.0,13.58,0.0,East
2014-05-09,CA-2014-158771,Fellowes Super Stor/Drawer,Office Supplies,3.0,27.75,0.0,South
2014-05-09,CA-2014-158771,Avery 518,Office Supplies,3.0,3.15,0.0,South
2014-05-09,CA-2014-158771,Avery 506,Office Supplies,5.0,4.13,0.0,South
2014-05-09,CA-2014-158771,Weyerhaeuser First Choice Laser/Copy Paper (20Lb. and 88 Bright),Office Supplies,7.0,6.48,0.0,South
2016-09-18,CA-2016-157511,Eldon Pizzaz Desk Accessories,Furniture,3.0,1.78,20.0,East
2016-09-18,CA-2016-157511,"Situations Contoured Folding Chairs, 4/Set",Furniture,2.0,49.69,30.0,East
2016-09-18,CA-2016-157511,"Eldon Spacemaker Box, Quick-Snap Lid, Clear",Office Supplies,1.0,2.67,20.0,East
2017-12-23,CA-2017-121216,Spiral Phone Message Books with Labels by Adams,Office Supplies,8.0,3.58,20.0,Central
2017-12-23,CA-2017-121216,Acco 6 Outlet Guardian Premium Plus Surge Suppressor,Office Supplies,8.0,3.66,80.0,Central
2017-10-30,CA-2017-155292,Eldon Gobal File Keepers,Office Supplies,7.0,15.14,0.0,South
2017-10-30,CA-2017-155292,"Acme 10"" Easy Grip Assistive Scissors",Office Supplies,2.0,17.53,0.0,South
2017-10-30,CA-2017-155292,"Metal Folding Chairs, Beige, 4/Carton",Furniture,1.0,33.94,0.0,South
2017-10-30,CA-2017-155292,Smead Alpha-Z Color-Coded Name Labels First Letter Starter Set,Office Supplies,8.0,3.75,0.0,South
2016-03-29,CA-2016-152555,Computer Printout Paper with Letter-Trim Perforations,Office Supplies,3.0,15.18,20.0,Central
2016-03-29,CA-2016-152555,"Global Leather Highback Executive Chair with Pneumatic Height Adjustment, Black",Furniture,6.0,140.69,30.0,Central
2016-03-29,CA-2016-152555,Jabra BIZ 2300 Duo QD Duo Corded Headset,Technology,8.0,101.59,20.0,Central
2017-11-23,CA-2017-107832,GBC Standard Therm-A-Bind Covers,Office Supplies,1.0,7.48,70.0,East
2014-03-23,CA-2014-120838,Economy Rollaway Files,Office Supplies,2.0,165.2,0.0,West
2014-03-23,CA-2014-120838,Ooma Telo VoIP Home Phone System,Technology,6.0,100.79,20.0,West
2017-12-01,CA-2017-118542,Xerox 1905,Office Supplies,7.0,6.48,0.0,West
2017-12-01,CA-2017-118542,"Cardinal HOLDit! Binder Insert Strips,Extra Strips",Office Supplies,2.0,5.06,20.0,West
2017-11-07,CA-2017-152737,Avery Self-Adhesive Photo Pockets for Polaroid Photos,Office Supplies,4.0,5.45,20.0,West
2017-11-07,CA-2017-152737,Plantronics Audio 995 Wireless Stereo Headset,Technology,4.0,109.95,0.0,West
2017-09-04,CA-2017-109757,DIXON Oriole Pencils,Office Supplies,4.0,2.06,20.0,East
2017-09-04,CA-2017-109757,GBC Recycled VeloBinder Covers,Office Supplies,5.0,5.11,70.0,East
2017-09-04,CA-2017-109757,Wilson Jones Active Use Binders,Office Supplies,2.0,2.18,70.0,East
2017-09-04,CA-2017-109757,"Telephone Message Books with Fax/Mobile Section, 4 1/4"" x 6""",Office Supplies,4.0,2.88,20.0,East
2016-07-03,CA-2016-130029,Xerox 200,Office Supplies,2.0,6.48,0.0,West
2016-07-03,CA-2016-130029,"Brites Rubber Bands, 1 1/2 oz. Box",Office Supplies,2.0,1.98,0.0,West
2017-09-07,CA-2017-103877,GBC DocuBind 300 Electric Binding Machine,Office Supplies,3.0,525.98,0.0,Central
2016-09-09,CA-2016-137176,"Eldon Expressions Punched Metal & Wood Desk Accessories, Black & Cherry",Furniture,4.0,3.75,60.0,Central
2017-07-03,CA-2017-168109,Logitech 910-002974 M325 Wireless Mouse for Web Scrolling,Technology,2.0,29.99,0.0,West
2017-07-03,CA-2017-168109,Okidata MB491 Multifunction Printer,Technology,6.0,399.2,20.0,West
2017-07-03,CA-2017-168109,Plantronics Savi W720 Multi-Device Wireless Headset System,Technology,4.0,421.95,0.0,West
2017-07-03,CA-2017-168109,"Square Credit Card Reader, 4 1/2"" x 4 1/2"" x 1"", White",Technology,1.0,7.99,20.0,West
2017-06-29,US-2017-126081,Xerox 218,Office Supplies,1.0,5.18,20.0,Central
2017-08-07,CA-2017-117023,"Quartet Omega Colored Chalk, 12/Pack",Office Supplies,2.0,5.84,0.0,East
2017-08-07,CA-2017-117023,Staples in misc. colors,Office Supplies,10.0,10.48,0.0,East
2015-03-19,CA-2015-143532,"Adams Telephone Message Books, 5 1/4” x 11”",Office Supplies,3.0,4.83,20.0,South
2016-06-07,CA-2016-103163,Avery Hanging File Binders,Office Supplies,1.0,4.78,20.0,West
2016-06-07,CA-2016-103163,"While You Were Out Pads, 50 per Pad, 4 x 5 1/4, Green Cycle",Office Supplies,1.0,4.73,0.0,West
2016-07-25,CA-2016-104157,Akro Stacking Bins,Office Supplies,1.0,7.89,0.0,South
2016-07-25,CA-2016-104157,Advantus Motivational Note Cards,Office Supplies,5.0,13.1,0.0,South
2016-07-25,CA-2016-104157,"Office Impressions End Table, 20-1/2""H x 24""W x 20""D",Furniture,8.0,303.76,0.0,South
2017-10-01,CA-2017-117807,Xerox 1915,Office Supplies,1.0,104.85,0.0,Central
2015-12-10,CA-2015-121650,"Avery Hi-Liter Comfort Grip Fluorescent Highlighter, Yellow Ink",Office Supplies,2.0,1.95,0.0,Central
2015-12-10,CA-2015-121650,Bretford CR8500 Series Meeting Room Furniture,Furniture,2.0,400.98,0.0,Central
2015-12-10,CA-2015-121650,Global Super Steno Chair,Furniture,2.0,95.98,0.0,Central
2015-12-10,CA-2015-121650,Permanent Self-Adhesive File Folder Labels for Typewriters by Universal,Office Supplies,1.0,2.61,0.0,Central
2017-09-03,CA-2017-161823,"Premium Writing Pencils, Soft, #2 by Central Association for the Blind",Office Supplies,2.0,2.98,0.0,West
2017-09-24,CA-2017-121839,Apple iPhone 5,Technology,3.0,389.9,40.0,East
2017-12-19,CA-2017-158729,Martin Yale Chadless Opener Electric Letter Opener,Office Supplies,2.0,832.81,0.0,South
2017-11-24,CA-2017-146535,Avery Durable Binders,Office Supplies,1.0,2.88,0.0,South
2017-11-24,CA-2017-146535,Iceberg Mobile Mega Data/Printer Cart ,Office Supplies,12.0,120.33,0.0,South
2014-12-13,CA-2014-154186,Acme Value Line Scissors,Office Supplies,1.0,2.92,20.0,Central
2016-12-05,CA-2016-108434,"Dual Level, Single-Width Filing Carts",Office Supplies,3.0,155.06,0.0,East
2016-09-11,CA-2016-164154,GBC Standard Therm-A-Bind Covers,Office Supplies,3.0,7.48,70.0,East
2016-09-11,CA-2016-164154,Staple magnet,Office Supplies,5.0,7.5,20.0,East
2017-12-09,CA-2017-148012,Crayola Colored Pencils,Office Supplies,1.0,2.62,20.0,East
2014-09-09,CA-2014-102869,Xerox 210,Office Supplies,3.0,5.18,20.0,East
2014-09-09,CA-2014-102869,Rosewill 107 Normal Keys USB Wired Standard Keyboard,Technology,6.0,10.78,20.0,East
2014-09-09,CA-2014-102869,"Master Caster Door Stop, Large Neon Orange",Furniture,3.0,5.82,20.0,East
2014-09-09,CA-2014-102869,Polycom SoundPoint IP 450 VoIP phone,Technology,1.0,135.52,40.0,East
2017-06-26,CA-2017-138310,Kensington Orbit Wireless Mobile Trackball for PC and Mac,Technology,9.0,47.99,20.0,West
2014-11-17,CA-2014-159835,"Southworth 100% Résumé Paper, 24lb.",Office Supplies,2.0,6.22,20.0,East
2014-11-17,CA-2014-159835,Hon Every-Day Series Multi-Task Chairs,Furniture,5.0,131.59,30.0,East
2017-08-21,CA-2017-112956,Xerox 1888,Office Supplies,5.0,55.48,0.0,East
2017-08-21,CA-2017-112956,"DAX Executive Solid Wood Document Frame, Desktop or Hang, Mahogany, 5 x 7",Furniture,2.0,12.58,0.0,East
2017-08-21,CA-2017-112956,"Seth Thomas 12"" Clock w/ Goldtone Case",Furniture,4.0,22.98,0.0,East
2016-03-12,CA-2016-119683,Staple envelope,Office Supplies,3.0,9.78,0.0,East
2014-09-23,CA-2014-163559,Avery Arch Ring Binders,Office Supplies,3.0,46.48,20.0,East
2014-04-28,CA-2014-140228,Avery File Folder Labels,Office Supplies,3.0,2.3,20.0,East
2014-04-28,CA-2014-140228,X-Rack File for Hanging Folders,Office Supplies,3.0,9.03,20.0,East
2014-04-28,CA-2014-140228,"Carina Mini System Audio Rack, Model AR050B",Office Supplies,2.0,88.78,20.0,East
2016-11-29,US-2016-131674,Memorex Micro Travel Drive 32 GB,Technology,2.0,29.21,20.0,Central
2015-12-03,CA-2015-110093,"Message Book, Wirebound, Four 5 1/2"" X 4"" Forms/Pg., 200 Dupl. Sets/Book",Office Supplies,2.0,8.22,20.0,East
2015-12-03,CA-2015-110093,"Verbatim 25 GB 6x Blu-ray Single Layer Recordable Disc, 25/Pack",Technology,2.0,18.39,20.0,East
2017-11-19,CA-2017-112529,"Bush Andora Conference Table, Maple/Graphite Gray Finish",Furniture,6.0,119.69,30.0,Central
2017-11-19,CA-2017-112529,Peel-Off China Markers,Office Supplies,4.0,7.94,20.0,Central
2016-09-05,CA-2016-154536,"C-Line Peel & Stick Add-On Filing Pockets, 8-3/4 x 5-1/8, 10/Pack",Office Supplies,5.0,1.91,70.0,East
2017-09-04,CA-2017-141929,Ibico Hi-Tech Manual Binding System,Office Supplies,2.0,243.99,20.0,West
2017-09-04,CA-2017-141929,QVS USB Car Charger 2-Port 2.1Amp for iPod/iPhone/iPad/iPad 2/iPad 3,Technology,1.0,5.56,20.0,West
2017-09-04,CA-2017-141929,"Trav-L-File Heavy-Duty Shuttle II, Black",Office Supplies,5.0,43.57,0.0,West
2016-09-22,CA-2016-109743,Berol Giant Pencil Sharpener,Office Supplies,3.0,13.59,20.0,South
2016-09-22,CA-2016-109743,PayAnywhere Card Reader,Technology,8.0,7.99,20.0,South
2014-09-14,CA-2014-159184,"Seth Thomas 14"" Day/Date Wall Clock",Furniture,5.0,28.48,0.0,South
2014-09-14,CA-2014-159184,Avery Poly Binder Pockets,Office Supplies,2.0,3.58,0.0,South
2017-05-19,CA-2017-113530,"Situations Contoured Folding Chairs, 4/Set",Furniture,12.0,56.78,20.0,West
2017-05-19,CA-2017-113530,Newell 310,Office Supplies,2.0,1.76,0.0,West
2017-05-19,CA-2017-113530,Newell 314,Office Supplies,1.0,5.58,0.0,West
2017-05-19,CA-2017-113530,SanDisk Cruzer 64 GB USB Flash Drive,Technology,1.0,36.32,0.0,West
2014-08-09,CA-2014-169726,Ibico Ibimaster 300 Manual Binding System,Office Supplies,7.0,294.39,20.0,West
2017-11-26,CA-2017-155957,Holmes HEPA Air Purifier,Office Supplies,3.0,17.42,20.0,East
2017-11-26,CA-2017-155957,Fellowes Superior 10 Outlet Split Surge Protector,Office Supplies,7.0,30.45,20.0,East
2017-05-03,CA-2017-132178,"Multi-Use Personal File Cart and Caster Set, Three Stacking Bins",Office Supplies,2.0,34.76,0.0,West
2017-05-03,CA-2017-132178,Fellowes Stor/Drawer Steel Plus Storage Drawers,Office Supplies,8.0,95.43,0.0,West
2016-11-10,CA-2016-145177,Avery File Folder Labels,Office Supplies,4.0,2.3,20.0,East
2016-11-10,CA-2016-145177,Square Credit Card Reader,Technology,7.0,5.99,40.0,East
2016-11-10,CA-2016-145177,Xerox 1882,Office Supplies,2.0,44.78,20.0,East
2016-11-10,CA-2016-145177,"Wirebound Message Books, Four 2 3/4"" x 5"" Forms per Page, 600 Sets per Book",Office Supplies,3.0,7.42,20.0,East
2016-11-10,CA-2016-145177,"Eureka The Boss Plus 12-Amp Hard Box Upright Vacuum, Red",Office Supplies,4.0,83.72,20.0,East
2016-11-10,CA-2016-145177,DAX Natural Wood-Tone Poster Frame,Furniture,7.0,21.18,20.0,East
2016-11-10,CA-2016-145177,Xerox 1924,Office Supplies,1.0,4.62,20.0,East
2016-11-10,CA-2016-145177,"Memorex 25GB 6X Branded Blu-Ray Recordable Disc, 30/Pack",Technology,7.0,25.56,20.0,East
2016-11-10,CA-2016-145177,GBC Twin Loop Wire Binding Elements,Office Supplies,7.0,9.98,70.0,East
2014-12-20,CA-2014-156594,Ibico Hi-Tech Manual Binding System,Office Supplies,2.0,243.99,20.0,West
2014-12-20,CA-2014-156594,Boston Home & Office Model 2000 Electric Pencil Sharpeners,Office Supplies,2.0,23.65,0.0,West
2014-12-20,CA-2014-156594,Newell 31,Office Supplies,1.0,4.13,0.0,West
2014-12-20,CA-2014-156594,"Premium Transparent Presentation Covers, No Pattern/Clear, 8 1/2"" x 11""",Office Supplies,5.0,31.02,20.0,West
2014-07-25,CA-2014-146528,Xerox 1966,Office Supplies,1.0,6.48,0.0,West
2014-07-25,CA-2014-146528,Acme Kleen Earth Office Shears,Office Supplies,4.0,3.88,0.0,West
2015-11-22,CA-2015-168459,"Acco Pressboard Covers with Storage Hooks, 14 7/8"" x 11"", Light Blue",Office Supplies,2.0,1.47,70.0,South
2015-11-22,CA-2015-168459,"Vinyl Coated Wire Paper Clips in Organizer Box, 800/Box",Office Supplies,6.0,9.18,20.0,South
2017-12-09,CA-2017-109960,"Maxell Pro 80 Minute CD-R, 10/Pack",Technology,6.0,17.48,0.0,Central
2017-12-09,CA-2017-109960,BIC Liqua Brite Liner,Office Supplies,5.0,6.94,0.0,Central
2017-12-09,CA-2017-109960,Ibico Plastic and Wire Spiral Binding Combs,Office Supplies,4.0,8.43,0.0,Central
2017-12-09,CA-2017-109960,Easy-staple paper,Office Supplies,3.0,4.98,0.0,Central
2017-08-31,CA-2017-133004,Tripp Lite Isotel 8 Ultra 8 Outlet Metal Surge,Office Supplies,9.0,70.97,0.0,Central
2017-04-24,CA-2017-168102,Sensible Storage WireTech Storage Systems,Office Supplies,2.0,56.78,20.0,South
2017-09-08,CA-2017-158036,Imation Swivel Flash Drive USB flash drive - 8 GB,Technology,1.0,9.1,20.0,East
2015-03-12,CA-2015-128083,Convenience Packs of Business Envelopes,Office Supplies,3.0,2.9,20.0,South
2015-03-12,CA-2015-128083,"Eldon Expressions Desk Accessory, Wood Pencil Holder, Oak",Furniture,4.0,7.72,20.0,South
2015-03-12,CA-2015-128083,Acrylic Self-Standing Desk Frames,Furniture,3.0,2.14,20.0,South
2016-07-18,CA-2016-161676,"Elite 5"" Scissors",Office Supplies,5.0,6.76,20.0,West
2016-06-13,CA-2016-155005,Ooma Telo VoIP Home Phone System,Technology,3.0,125.99,0.0,Central
2017-07-03,US-2017-129777,"TRENDnet 56K USB 2.0 Phone, Internet and Fax Modem",Technology,10.0,25.89,0.0,East
2017-07-03,US-2017-129777,Xerox 1881,Office Supplies,2.0,12.28,0.0,East
2014-12-08,CA-2014-129364,Avery 499,Office Supplies,7.0,3.98,20.0,West
2014-12-08,CA-2014-129364,"Acco PRESSTEX Data Binder with Storage Hooks, Dark Blue, 9 1/2"" X 11""",Office Supplies,4.0,1.61,70.0,West
2014-12-08,CA-2014-129364,Samsung HM1900 Bluetooth Headset,Technology,3.0,17.56,20.0,West
2014-12-08,CA-2014-129364,Acco Side-Punched Conventional Columnar Pads,Office Supplies,5.0,2.78,20.0,West
2014-12-08,CA-2014-129364,SanDisk Ultra 16 GB MicroSDHC Class 10 Memory Card,Technology,10.0,10.39,20.0,West
2014-12-08,CA-2014-129364,Avery 492,Office Supplies,5.0,2.3,20.0,West
2014-12-08,CA-2014-129364,Xerox 232,Office Supplies,2.0,5.18,20.0,West
2014-12-08,CA-2014-129364,Adjustable Personal File Tote,Office Supplies,3.0,13.02,20.0,West
2016-04-08,CA-2016-104969,#10 Self-Seal White Envelopes,Office Supplies,1.0,8.87,20.0,East
2016-04-08,CA-2016-104969,Catalog Binders with Expanding Posts,Office Supplies,6.0,20.18,70.0,East
2017-11-06,CA-2017-154109,"Global Wood Trimmed Manager's Task Chair, Khaki",Furniture,2.0,63.69,30.0,East
2017-11-06,CA-2017-154109,Xerox 191,Office Supplies,3.0,15.98,20.0,East
2015-12-05,CA-2015-156440,"Executive Impressions 14"" Contract Wall Clock",Furniture,2.0,22.23,0.0,West
2015-07-09,CA-2015-132626,Advantus Map Pennant Flags and Round Head Tacks,Office Supplies,4.0,3.95,0.0,East
2015-07-09,CA-2015-132626,Fellowes Powershred HS-440 4-Sheet High Security Shredder,Technology,3.0,154.99,0.0,East
2015-07-09,CA-2015-132626,Eldon ClusterMat Chair Mat with Cordless Antistatic Protection,Furniture,2.0,90.98,0.0,East
2015-07-09,CA-2015-132626,"Avery 05222 Permanent Self-Adhesive File Folder Labels for Typewriters, on Rolls, White, 250/Roll",Office Supplies,3.0,4.13,0.0,East
2015-07-09,CA-2015-132626,"Performers Binder/Pad Holder, Black",Office Supplies,3.0,28.03,0.0,East
2015-07-09,CA-2015-132626,Prismacolor Color Pencil Set,Office Supplies,4.0,19.84,0.0,East
2015-07-09,CA-2015-132626,GBC Recycled VeloBinder Covers,Office Supplies,9.0,17.04,0.0,East
2015-07-09,CA-2015-132626,Wilson Jones Active Use Binders,Office Supplies,6.0,7.28,0.0,East
2015-07-09,CA-2015-132626,Project Tote Personal File,Office Supplies,7.0,14.03,0.0,East
2016-12-13,CA-2016-102792,Crayola Colored Pencils,Office Supplies,3.0,3.28,0.0,West
2016-05-20,CA-2016-108567,Avery Non-Stick Binders,Office Supplies,2.0,1.35,70.0,South
2017-06-02,CA-2017-140760,Xerox 4200 Series MultiUse Premium Copy Paper (20Lb. and 84 Bright),Office Supplies,6.0,4.22,20.0,West
2017-06-02,CA-2017-140760,"Manila Recycled Extra-Heavyweight Clasp Envelopes, 6"" x 9""",Office Supplies,5.0,8.78,20.0,West
2015-10-30,US-2015-131359,Lexmark S315 Color Inkjet Printer,Technology,2.0,30.0,70.0,West
2015-10-30,US-2015-131359,Sharp 1540cs Digital Laser Copier,Technology,1.0,439.99,20.0,West
2015-10-30,US-2015-131359,OtterBox Commuter Series Case - iPhone 5 & 5s,Technology,5.0,17.59,20.0,West
2015-10-30,US-2015-131359,"Eldon Regeneration Recycled Desk Accessories, Black",Furniture,4.0,3.87,20.0,West
2016-10-15,CA-2016-142097,GBC Twin Loop Wire Binding Elements,Office Supplies,7.0,33.28,0.0,South
2016-10-15,CA-2016-142097,#10 Self-Seal White Envelopes,Office Supplies,6.0,11.09,0.0,South
2016-10-15,CA-2016-142097,Holmes Odor Grabber,Office Supplies,3.0,14.42,0.0,South
2015-11-19,CA-2015-151680,"Tenex V2T-RE Standard Weight Series Chair Mat, 45"" x 53"", Lip 25"" x 12""",Furniture,2.0,70.98,0.0,West
2014-09-13,CA-2014-140039,Eldon File Chest Portable File,Office Supplies,5.0,15.88,20.0,West
2017-11-13,CA-2017-160416,KeyTronic 6101 Series - Keyboard - Black,Technology,4.0,40.99,0.0,East
2017-12-24,CA-2017-169411,"Eldon Delta Triangular Chair Mat, 52"" x 58"", Clear",Furniture,1.0,37.93,0.0,East
2016-01-09,CA-2016-126543,"DAX Two-Tone Rosewood/Black Document Frame, Desktop, 5 x 7",Furniture,2.0,7.58,20.0,East
2015-06-13,CA-2015-104941,Newell 31,Office Supplies,6.0,4.13,0.0,South
2015-06-13,CA-2015-104941,Avery Heavy-Duty EZD View Binder with Locking Rings,Office Supplies,3.0,6.38,0.0,South
2015-06-13,CA-2015-104941,Brother DCP1000 Digital 3 in 1 Multifunction Machine,Technology,3.0,299.99,0.0,South
2015-06-13,CA-2015-104941,Xerox 204,Office Supplies,5.0,6.48,0.0,South
2017-03-18,CA-2017-160087,Peel-Off China Markers,Office Supplies,3.0,7.94,20.0,Central
2014-11-23,CA-2014-120544,Staple-based wall hangings,Furniture,2.0,3.18,60.0,Central
2014-11-23,CA-2014-120544,"Conquest 14 Commercial Heavy-Duty Upright Vacuum, Collection System, Accessory Kit",Office Supplies,3.0,11.39,80.0,Central
2014-11-23,CA-2014-120544,Maxell 4.7GB DVD-R 5/Pack,Technology,7.0,0.79,20.0,Central
2017-10-15,CA-2017-113670,Bush Advantage Collection Round Conference Table,Furniture,3.0,170.08,20.0,West
2017-10-15,CA-2017-113670,Xerox 1919,Office Supplies,5.0,40.99,0.0,West
2017-04-21,CA-2017-166198,"Verbatim Slim CD and DVD Storage Cases, 50/Pack",Technology,1.0,11.54,0.0,West
2017-04-21,CA-2017-166198,Eldon Advantage Foldable Chair Mats for Low Pile Carpets,Furniture,3.0,54.2,0.0,West
2014-12-08,CA-2014-135608,Xerox 1964,Office Supplies,2.0,22.84,0.0,West
2014-12-08,CA-2014-135608,DMI Arturo Collection Mission-style Design Wood Chair,Furniture,5.0,120.78,20.0,West
2017-05-29,CA-2017-144568,Plymouth Boxed Rubber Bands by Plymouth,Office Supplies,5.0,4.71,0.0,Central
2016-09-19,CA-2016-142370,Letter Slitter,Office Supplies,2.0,2.52,0.0,South
2016-09-19,CA-2016-142370,Logitech Wireless Marathon Mouse M705,Technology,5.0,49.99,0.0,South
2016-09-17,CA-2016-105900,Sanford Liquid Accent Highlighters,Office Supplies,5.0,6.68,0.0,Central
2016-12-20,CA-2016-151155,C-Line Cubicle Keepers Polyproplyene Holder With Velcro Backings,Furniture,4.0,4.73,0.0,South
2016-12-20,CA-2016-151155,DXL Angle-View Binders with Locking Rings by Samsill,Office Supplies,2.0,7.71,0.0,South
2017-11-22,CA-2017-144036,Newell 314,Office Supplies,8.0,4.46,20.0,Central
2014-12-30,US-2014-169789,Ibico Ibimaster 300 Manual Binding System,Office Supplies,5.0,110.4,70.0,West
2017-04-03,CA-2017-127264,Prang Colored Pencils,Office Supplies,3.0,2.35,20.0,Central
2016-12-26,CA-2016-151512,Harmony HEPA Quiet Air Purifiers,Office Supplies,2.0,9.36,20.0,West
2016-06-05,CA-2016-165169,Standard Rollaway File with Lock,Office Supplies,2.0,180.19,0.0,East
2016-06-05,CA-2016-165169,Newell 314,Office Supplies,2.0,5.58,0.0,East
2016-06-05,CA-2016-165169,Avery White Multi-Purpose Labels,Office Supplies,3.0,4.98,0.0,East
2015-09-18,CA-2015-109575,Acco Perma 3000 Stacking Storage Drawers,Office Supplies,2.0,20.98,0.0,East
2015-09-18,CA-2015-109575,Safco Industrial Wire Shelving System,Office Supplies,7.0,90.98,0.0,East
2015-09-18,CA-2015-109575,Samsung Galaxy S4 Active,Technology,1.0,499.99,0.0,East
2015-09-18,CA-2015-109575,Polycom VVX 310 VoIP phone,Technology,7.0,179.99,0.0,East
2015-09-18,CA-2015-109575,"Acco Flexible ACCOHIDE Square Ring Data Binder, Dark Blue, 11 1/2"" X 14"" 7/8""",Office Supplies,4.0,16.27,0.0,East
2017-03-06,CA-2017-168193,Xerox 1883,Office Supplies,1.0,26.38,0.0,East
2017-03-06,CA-2017-168193,"Westinghouse Floor Lamp with Metal Mesh Shade, Black",Furniture,3.0,23.99,0.0,East
2016-03-17,CA-2016-115476,Plantronics Voyager Pro HD - Bluetooth Headset,Technology,2.0,64.99,0.0,East
2016-03-17,CA-2016-115476,"Acco Flexible ACCOHIDE Square Ring Data Binder, Dark Blue, 11 1/2"" X 14"" 7/8""",Office Supplies,2.0,16.27,0.0,East
2016-12-09,CA-2016-133340,"LF Elite 3D Dazzle Designer Hard Case Cover, Lf Stylus Pen and Wiper For Apple Iphone 5c Mini Lite",Technology,1.0,10.9,0.0,Central
2016-12-09,CA-2016-133340,Logitech Trackman Marble Mouse,Technology,2.0,29.99,0.0,Central
2016-12-09,CA-2016-133340,"Holmes Replacement Filter for HEPA Air Cleaner, Very Large Room, HEPA Filter",Office Supplies,1.0,61.93,10.0,Central
2016-01-15,CA-2016-137848,"#10 Gummed Flap White Envelopes, 100/Box",Office Supplies,4.0,4.13,0.0,East
2016-01-15,CA-2016-137848,Xerox 1959,Office Supplies,9.0,6.68,0.0,East
2016-01-15,CA-2016-137848,"Square Ring Data Binders, Rigid 75 Pt. Covers, 11"" x 14-7/8""",Office Supplies,3.0,16.51,20.0,East
2014-10-24,CA-2014-113047,Advantus Map Pennant Flags and Round Head Tacks,Office Supplies,3.0,3.95,0.0,South
2016-09-23,CA-2016-149979,Eldon Mobile Mega Data Cart  Mega Stackable  Add-On Trays,Office Supplies,5.0,23.65,0.0,South
2016-09-23,CA-2016-149979,Hon Mobius Operator's Chair,Furniture,3.0,122.99,0.0,South
2017-08-27,CA-2017-161956,"GE 48"" Fluorescent Tube, Cool White Energy Saver, 34 Watts, 30/Box",Furniture,2.0,99.23,0.0,West
2017-08-27,CA-2017-161956,APC 7 Outlet Network SurgeArrest Surge Protector,Office Supplies,4.0,80.48,0.0,West
2017-08-27,CA-2017-161956,Sharp 1540cs Digital Laser Copier,Technology,2.0,439.99,20.0,West
2017-08-27,CA-2017-161956,Acme Preferred Stainless Steel Scissors,Office Supplies,5.0,5.68,0.0,West
2017-08-27,CA-2017-161956,Bevis Steel Folding Chairs,Furniture,3.0,76.76,20.0,West
2017-08-27,CA-2017-161956,White Computer Printout Paper by Universal,Office Supplies,3.0,38.76,0.0,West
2017-08-27,CA-2017-161956,GBC DocuBind 300 Electric Binding Machine,Office Supplies,2.0,420.78,20.0,West
2017-08-27,CA-2017-161956,Sensible Storage WireTech Storage Systems,Office Supplies,5.0,70.98,0.0,West
2016-03-03,CA-2016-116799,"Rediform Wirebound ""Phone Memo"" Message Book, 11 x 5-3/4",Office Supplies,7.0,6.11,20.0,Central
2016-03-03,CA-2016-116799,Office Star - Mid Back Dual function Ergonomic High Back Chair with 2-Way Adjustable Arms,Furniture,5.0,112.69,30.0,Central
2016-02-29,CA-2016-111283,Newell 34,Office Supplies,7.0,15.87,20.0,East
2015-09-18,CA-2015-167745,"Quartet Omega Colored Chalk, 12/Pack",Office Supplies,2.0,5.84,0.0,West
2015-09-18,CA-2015-167745,"Elite 5"" Scissors",Office Supplies,2.0,8.45,0.0,West
2015-09-18,CA-2015-167745,Advantus Panel Wall Certificate Holder - 8.5x11,Furniture,2.0,12.2,0.0,West
2017-05-12,CA-2017-104577,"TOPS Carbonless Receipt Book, Four 2-3/4 x 7-1/4 Money Receipts per Page",Office Supplies,5.0,17.52,0.0,East
2016-08-13,CA-2016-156251,O'Sullivan Living Dimensions 2-Shelf Bookcases,Furniture,2.0,120.98,0.0,Central
2016-08-13,CA-2016-156251,Avery Round Ring Poly Binders,Office Supplies,3.0,2.84,0.0,Central
2017-02-25,CA-2017-125878,Avery Hidden Tab Dividers for Binding Systems,Office Supplies,3.0,0.6,80.0,Central
2016-03-21,CA-2016-163153,Safco Drafting Table,Furniture,2.0,49.69,30.0,Central
2016-03-21,CA-2016-163153,Prang Dustless Chalk Sticks,Office Supplies,1.0,1.34,20.0,Central
2015-12-08,CA-2015-103205,Nokia Lumia 521 (T-Mobile),Technology,5.0,23.99,20.0,Central
2014-12-16,CA-2014-153913,Hon Olson Stacker Stools,Furniture,9.0,112.65,20.0,South
2014-12-16,CA-2014-153913,"OIC Binder Clips, Mini, 1/4"" Capacity, Black",Office Supplies,2.0,0.99,20.0,South
2016-12-17,CA-2016-155530,Bretford “Just In Time” Height-Adjustable Multi-Task Work Tables,Furniture,6.0,333.92,20.0,West
2016-05-12,US-2016-101196,"Belkin 19"" Vented Equipment Shelf, Black",Office Supplies,2.0,41.18,20.0,East
2014-08-06,CA-2014-115357,"Maxell 74 Minute CD-R Spindle, 50/Pack",Technology,3.0,20.97,0.0,South
2014-04-11,US-2014-102715,"Acco Banker's Clasps, 5 3/4""-Long",Office Supplies,3.0,2.3,20.0,South
2014-04-11,US-2014-102715,Logitech Wireless Gaming Headset G930,Technology,3.0,127.99,20.0,South
2014-04-11,US-2014-102715,Xerox 224,Office Supplies,2.0,5.18,20.0,South
2014-04-11,US-2014-102715,Logitech Wireless Anywhere Mouse MX for PC and Mac,Technology,7.0,47.99,20.0,South
2015-05-03,CA-2015-107937,"Rubbermaid ClusterMat Chairmats, Mat Size- 66"" x 60"", Lip 20"" x 11"" -90 Degree Angle",Furniture,6.0,110.98,0.0,West
2017-11-30,US-2017-148768,OtterBox Defender Series Case - Samsung Galaxy S4,Technology,3.0,23.99,20.0,South
2017-02-16,CA-2017-118521,Xerox 1912,Office Supplies,2.0,18.97,0.0,East
2014-11-16,CA-2014-149643,Jawbone MINI JAMBOX Wireless Bluetooth Speaker,Technology,2.0,136.98,0.0,Central
2015-07-09,CA-2015-135314,Panasonic KX-TG9541B DECT 6.0 Digital 2-Line Expandable Cordless Phone With Digital Answering System,Technology,3.0,89.99,40.0,East
2017-11-13,CA-2017-165204,"""While you Were Out"" Message Book, One Form per Page",Office Supplies,3.0,2.97,20.0,South
2017-11-13,CA-2017-165204,Tennsco Double-Tier Lockers,Office Supplies,4.0,180.02,20.0,South
2017-07-31,CA-2017-125752,"TRENDnet 56K USB 2.0 Phone, Internet and Fax Modem",Technology,2.0,20.71,20.0,South
2017-12-26,CA-2017-112487,Acco Economy Flexible Poly Round Ring Binder,Office Supplies,2.0,1.57,70.0,East
2016-10-31,CA-2016-144218,"Dual Level, Single-Width Filing Carts",Office Supplies,7.0,155.06,0.0,West
2016-09-04,CA-2016-169971,Faber Castell Col-Erase Pencils,Office Supplies,1.0,3.91,20.0,Central
2016-09-04,CA-2016-169971,"BOSTON Ranger #55 Pencil Sharpener, Black",Office Supplies,3.0,20.79,20.0,Central
2016-04-17,US-2016-133508,"Advantus Push Pins, Aluminum Head",Office Supplies,5.0,5.81,0.0,Central
2014-07-05,CA-2014-107139,Vinyl Sectional Post Binders,Office Supplies,6.0,30.16,20.0,West
2015-02-27,CA-2015-111325,"Pressboard Covers with Storage Hooks, 9 1/2"" x 11"", Light Blue",Office Supplies,3.0,1.47,70.0,East
2015-02-27,CA-2015-111325,"Eldon Spacemaker Box, Quick-Snap Lid, Clear",Office Supplies,6.0,2.67,20.0,East
2015-11-27,CA-2015-163762,Peel-Off China Markers,Office Supplies,3.0,9.93,0.0,East
2014-01-27,US-2014-117163,Recycled Steel Personal File for Hanging File Folders,Office Supplies,1.0,57.23,0.0,West
2014-01-27,US-2014-117163,Balt Split Level Computer Training Table,Furniture,3.0,111.0,20.0,West
2014-01-27,US-2014-117163,Dixon Ticonderoga Core-Lock Colored Pencils,Office Supplies,4.0,9.11,0.0,West
2017-09-23,CA-2017-121314,Xerox 1941,Office Supplies,3.0,83.88,20.0,South
2017-11-04,CA-2017-147760,Hon 5100 Series Wood Tables,Furniture,3.0,174.59,40.0,South
2017-11-04,CA-2017-147760,Motorola Moto X,Technology,5.0,271.99,20.0,South
2016-10-14,CA-2016-156503,SAFCO Folding Chair Trolley,Furniture,1.0,102.59,20.0,South
2016-10-14,CA-2016-156503,Maxell 4.7GB DVD-R,Technology,1.0,22.7,20.0,South
2016-10-14,CA-2016-156503,Xerox 1944,Office Supplies,3.0,31.01,20.0,South
2016-10-14,CA-2016-156503,Staple remover,Office Supplies,2.0,6.38,20.0,South
2016-10-14,CA-2016-156503,"White Business Envelopes with Contemporary Seam, Recycled White Business Envelopes",Office Supplies,4.0,8.75,20.0,South
2016-10-14,CA-2016-156503,Xerox 1916,Office Supplies,1.0,39.15,20.0,South
2015-11-12,CA-2015-113628,Newell 317,Office Supplies,5.0,2.35,20.0,South
2015-11-12,CA-2015-113628,Wilson Jones Leather-Like Binders with DublLock Round Rings,Office Supplies,2.0,2.62,70.0,South
2015-11-12,CA-2015-113628,"SlimView Poly Binder, 3/8""",Office Supplies,3.0,1.55,70.0,South
2015-11-12,CA-2015-113628,"Office Star - Contemporary Task Swivel chair with Loop Arms, Charcoal",Furniture,5.0,104.78,20.0,South
2015-11-12,CA-2015-113628,VTech DS6151,Technology,1.0,100.79,20.0,South
2015-11-12,CA-2015-113628,"Global Push Button Manager's Chair, Indigo",Furniture,3.0,48.71,20.0,South
2017-03-05,CA-2017-147753,Avery 515,Office Supplies,2.0,12.53,0.0,Central
2015-11-05,CA-2015-103961,Avery 476,Office Supplies,6.0,3.3,20.0,Central
2016-07-08,CA-2016-152471,Jabra SPEAK 410 Multidevice Speakerphone,Technology,5.0,164.79,20.0,South
2016-07-08,CA-2016-152471,Xerox 1921,Office Supplies,2.0,7.99,20.0,South
2015-09-15,CA-2015-102582,Bretford CR8500 Series Meeting Room Furniture,Furniture,2.0,400.98,0.0,South
2015-09-15,CA-2015-102582,Anker Astro Mini 3000mAh Ultra-Compact Portable Charger,Technology,3.0,19.99,0.0,South
2015-09-15,CA-2015-102582,"Global Manager's Adjustable Task Chair, Storm",Furniture,7.0,150.98,0.0,South
2017-10-09,CA-2017-141873,Pressboard Data Binders by Wilson Jones,Office Supplies,3.0,4.27,20.0,East
2017-10-09,CA-2017-141873,"O'Sullivan Elevations Bookcase, Cherry Finish",Furniture,3.0,104.78,20.0,East
2017-10-09,CA-2017-141873,"TOPS 4 x 6 Fluorescent Color Memo Sheets, 500 Sheets per Pack",Office Supplies,2.0,9.49,0.0,East
2017-10-09,CA-2017-141873,Durable Pressboard Binders,Office Supplies,6.0,3.04,20.0,East
2015-09-14,CA-2015-140984,Economy Rollaway Files,Office Supplies,6.0,165.2,0.0,East
2015-09-14,CA-2015-140984,Sharp 1540cs Digital Laser Copier,Technology,2.0,439.99,20.0,East
2015-09-14,CA-2015-140984,Wilson Jones Easy Flow II Sheet Lifters,Office Supplies,9.0,1.44,20.0,East
2014-10-07,CA-2014-132801,"Fellowes Personal Hanging Folder Files, Navy",Office Supplies,10.0,10.74,20.0,Central
2017-05-07,CA-2017-141733,Hon 4070 Series Pagoda Armless Upholstered Stacking Chairs,Furniture,5.0,291.73,0.0,Central
2017-05-07,CA-2017-141733,SAFCO Optional Arm Kit for Workspace Cribbage Stacking Chair,Furniture,1.0,26.64,0.0,Central
2017-05-07,CA-2017-141733,Safco Contoured Stacking Chairs,Furniture,2.0,238.4,0.0,Central
2017-05-07,CA-2017-141733,Belkin Premiere Surge Master II 8-outlet surge protector,Office Supplies,2.0,43.72,10.0,Central
2015-11-14,US-2015-111927,"Executive Impressions 13"" Chairman Wall Clock",Furniture,3.0,25.38,0.0,East
2015-11-14,US-2015-111927,"Avery Framed View Binder, EZD Ring (Locking), Navy, 1 1/2""",Office Supplies,2.0,9.98,0.0,East
2014-11-24,CA-2014-105984,Samsung Galaxy S III - 16GB - pebble blue (T-Mobile),Technology,5.0,209.99,40.0,East
2014-11-24,CA-2014-105984,Global Executive Mid-Back Manager's Chair,Furniture,3.0,203.69,30.0,East
2014-04-08,CA-2014-100363,Binder Clips by OIC,Office Supplies,2.0,1.18,20.0,West
2014-04-08,CA-2014-100363,Things To Do Today Spiral Book,Office Supplies,3.0,6.34,20.0,West
2014-07-26,CA-2014-126760,Apple iPhone 5S,Technology,2.0,455.99,20.0,West
2014-07-26,CA-2014-126760,Hon 2090 “Pillow Soft” Series Mid Back Swivel/Tilt Chairs,Furniture,3.0,224.78,20.0,West
2014-07-26,CA-2014-126760,Tensor Computer Mounted Lamp,Furniture,9.0,14.89,0.0,West
2014-07-26,CA-2014-126760,Logitech Illuminated Ultrathin Keyboard with Backlighting,Technology,3.0,56.99,0.0,West
2014-06-08,US-2014-109162,"Situations Contoured Folding Chairs, 4/Set",Furniture,3.0,56.78,20.0,South
2014-10-28,CA-2014-101931,Avery Non-Stick Binders,Office Supplies,2.0,3.59,20.0,West
2014-10-28,CA-2014-101931,Serrated Blade or Curved Handle Hand Letter Openers,Office Supplies,2.0,3.14,0.0,West
2014-10-28,CA-2014-101931,Premier Automatic Letter Opener,Office Supplies,2.0,240.37,0.0,West
2014-10-28,CA-2014-101931,O'Sullivan Living Dimensions 2-Shelf Bookcases,Furniture,6.0,102.83,15.0,West
2014-10-28,CA-2014-101931,Eldon Portable Mobile Manager,Office Supplies,5.0,28.28,0.0,West
2017-11-25,CA-2017-129000,Office Impressions Heavy Duty Welded Shelving & Multimedia Storage Drawers,Office Supplies,3.0,167.27,0.0,Central
2017-09-22,CA-2017-161053,Ibico EB-19 Dual Function Manual Binding System,Office Supplies,4.0,172.99,0.0,South
2017-09-22,CA-2017-161053,"Verbatim 25 GB 6x Blu-ray Single Layer Recordable Disc, 3/Pack",Technology,5.0,6.99,0.0,South
2015-12-04,CA-2015-142377,Xerox 1881,Office Supplies,7.0,12.28,0.0,Central
2015-09-21,CA-2015-127593,"Deflect-o DuraMat Lighweight, Studded, Beveled Mat for Low Pile Carpeting",Furniture,2.0,42.65,0.0,East
2017-11-26,CA-2017-130526,GBC Premium Transparent Covers with Diagonal Lined Pattern,Office Supplies,8.0,4.2,80.0,Central
2017-06-06,US-2017-131849,"Eldon 300 Class Desk Accessories, Black",Furniture,1.0,4.95,0.0,West
2017-06-06,US-2017-131849,Sterilite Show Offs Storage Containers,Office Supplies,5.0,5.28,0.0,West
2017-10-23,US-2017-105389,Storex Dura Pro Binders,Office Supplies,3.0,1.19,80.0,Central
2017-10-23,US-2017-105389,Jabra SPEAK 410 Multidevice Speakerphone,Technology,5.0,164.79,20.0,Central
2017-10-23,US-2017-105389,Newell 320,Office Supplies,3.0,3.42,20.0,Central
2014-12-20,CA-2014-140816,Logitech G430 Surround Sound Gaming Headset with Dolby 7.1 Technology,Technology,7.0,63.99,20.0,West
2017-02-17,CA-2017-154039,"Chromcraft 48"" x 96"" Racetrack Double Pedestal Table",Furniture,3.0,160.32,50.0,Central
2017-02-17,CA-2017-154039,LG Exalt,Technology,1.0,124.79,20.0,Central
2014-05-03,CA-2014-135755,GBC Poly Designer Binding Covers,Office Supplies,3.0,13.39,20.0,East
2014-05-03,CA-2014-135755,"Avery Durable Plastic 1"" Binders",Office Supplies,3.0,3.63,20.0,East
2017-10-17,CA-2017-123246,Economy #2 Pencils,Office Supplies,4.0,2.66,0.0,West
2015-11-28,CA-2015-157133,"Eldon ""L"" Workstation Diamond Chairmat",Furniture,5.0,30.39,60.0,Central
2014-07-27,CA-2014-124709,WD My Passport Ultra 2TB Portable External Hard Drive,Technology,2.0,119.0,0.0,West
2017-04-23,CA-2017-146360,"TRENDnet 56K USB 2.0 Phone, Internet and Fax Modem",Technology,6.0,25.89,0.0,Central
2015-10-23,CA-2015-132486,Maxell DVD-RAM Discs,Technology,9.0,16.48,0.0,West
2015-10-23,CA-2015-132486,"Global Leather and Oak Executive Chair, Black",Furniture,1.0,240.78,20.0,West
2015-10-23,CA-2015-132486,Global Chrome Stack Chair,Furniture,7.0,27.42,20.0,West
2015-10-23,CA-2015-132486,Xerox 196,Office Supplies,2.0,5.78,0.0,West
2015-10-23,CA-2015-132486,"Redi-Strip #10 Envelopes, 4 1/8 x 9 1/2",Office Supplies,4.0,2.95,0.0,West
2015-10-23,CA-2015-132486,Office Star - Professional Matrix Back Chair with 2-to-1 Synchro Tilt and Mesh Fabric Seat,Furniture,3.0,280.78,20.0,West
2016-09-05,CA-2016-136231,Staple envelope,Office Supplies,3.0,7.82,20.0,South
2016-09-05,CA-2016-136231,"Wilson Jones Ledger-Size, Piano-Hinge Binder, 2"", Blue",Office Supplies,7.0,12.29,70.0,South
2016-09-05,CA-2016-136231,Nortel Networks T7316 E Nt8 B27,Technology,2.0,54.39,20.0,South
2016-09-05,CA-2016-136231,Xerox 1971,Office Supplies,3.0,3.42,20.0,South
2016-10-28,CA-2016-140641,Canvas Sectional Post Binders,Office Supplies,5.0,7.64,70.0,South
2014-04-05,CA-2014-151001,"Tenex File Box, Personal Filing Tote with Lid, Black",Office Supplies,4.0,12.41,20.0,Central
2014-04-05,CA-2014-151001,Adjustable Personal File Tote,Office Supplies,4.0,13.02,20.0,Central
2015-06-15,CA-2015-129896,Xerox 1895,Office Supplies,2.0,4.78,20.0,West
2015-06-15,CA-2015-129896,"Belkin 19"" Vented Equipment Shelf, Black",Office Supplies,2.0,41.18,20.0,West
2015-06-15,CA-2015-129896,"Eldon ""L"" Workstation Diamond Chairmat",Furniture,6.0,60.78,20.0,West
2015-06-15,CA-2015-129896,"DAX Copper Panel Document Frame, 5 x 7 Size",Furniture,4.0,10.06,20.0,West
2014-07-05,CA-2014-152849,Newell 322,Office Supplies,3.0,1.46,20.0,South
2017-01-29,US-2017-127341,"GBC Clear Cover, 8-1/2 x 11, unpunched, 25 covers per pack",Office Supplies,4.0,3.03,80.0,Central
2016-03-03,CA-2016-167759,Plantronics Encore H101 Dual Earpieces Headset,Technology,3.0,44.95,0.0,Central
2014-06-02,CA-2014-100895,"Sanford Colorific Scented Colored Pencils, 12/Pack",Office Supplies,2.0,4.28,0.0,South
2014-06-02,CA-2014-100895,Mophie Juice Pack Helium for iPhone,Technology,3.0,79.99,0.0,South
2014-06-02,CA-2014-100895,"Hot File 7-Pocket, Floor Stand",Office Supplies,2.0,178.47,0.0,South
2016-11-24,US-2016-163881,Plantronics CS510 - Over-the-Head monaural Wireless Headset System,Technology,2.0,329.95,0.0,West
2016-11-24,US-2016-163881,Global Leather Executive Chair,Furniture,6.0,280.79,20.0,West
2016-11-24,US-2016-163881,Logitech G500s Laser Gaming Mouse with Adjustable Weight Tuning,Technology,8.0,69.99,0.0,West
2016-11-10,US-2016-144547,Kensington SlimBlade Notebook Wireless Mouse with Nano Receiver ,Technology,7.0,39.99,20.0,Central
2014-11-22,US-2014-112200,"Avery Framed View Binder, EZD Ring (Locking), Navy, 1 1/2""",Office Supplies,5.0,2.0,80.0,Central
2017-05-01,CA-2017-110212,"Maxell 74 Minute CDR, 10/Pack",Technology,5.0,9.78,0.0,South
2017-12-07,CA-2017-134285,Binder Clips by OIC,Office Supplies,3.0,1.18,20.0,Central
2017-12-07,CA-2017-134285,Xerox 1995,Office Supplies,3.0,5.18,20.0,Central
2017-11-30,CA-2017-102267,Binder Clips by OIC,Office Supplies,2.0,1.18,20.0,Central
2017-12-07,CA-2017-157980,Logitech G602 Wireless Gaming Mouse,Technology,2.0,63.99,20.0,East
2015-01-03,CA-2015-121097,Xerox 21,Office Supplies,2.0,5.18,20.0,Central
2015-11-14,CA-2015-151043,Micro Innovations Wireless Classic Keyboard with Mouse,Technology,2.0,23.99,20.0,East
2015-10-02,US-2015-119312,Eldon ProFile File 'N Store Portable File Tub Letter/Legal Size Black,Office Supplies,14.0,19.31,0.0,West
2015-04-05,CA-2015-167010,Bionaire 99.97% HEPA Air Cleaner,Office Supplies,7.0,14.02,20.0,East
2015-04-05,CA-2015-167010,Fellowes High-Stak Drawer Files,Office Supplies,4.0,140.95,20.0,East
2015-04-05,CA-2015-167010,Cardinal Slant-D Ring Binders,Office Supplies,4.0,2.61,70.0,East
2015-04-05,CA-2015-167010,Tenex Antistatic Computer Chair Mats,Furniture,4.0,136.78,20.0,East
2015-04-05,CA-2015-167010,Cush Cases Heavy Duty Rugged Cover Case for Samsung Galaxy S5 - Purple,Technology,5.0,2.97,40.0,East
2015-04-05,CA-2015-167010,Speck Products Candyshell Flip Case,Technology,2.0,20.99,40.0,East
2015-04-05,CA-2015-167010,"DAX Charcoal/Nickel-Tone Document Frame, 5 x 7",Furniture,1.0,7.58,20.0,East
2015-04-05,CA-2015-167010,"Bush Heritage Pine Collection 5-Shelf Bookcase, Albany Pine Finish, *Special Order",Furniture,5.0,70.49,50.0,East
2017-06-05,CA-2017-126788,LG G3,Technology,3.0,156.79,20.0,Central
2017-09-18,CA-2017-148068,Xerox 203,Office Supplies,3.0,6.48,0.0,East
2017-09-18,CA-2017-148068,Ultra Door Push Plate,Furniture,2.0,4.91,0.0,East
2017-07-18,US-2017-142573,"Chromcraft 48"" x 96"" Racetrack Double Pedestal Table",Furniture,5.0,160.32,50.0,West
2017-07-18,US-2017-142573,"Global Fabric Manager's Chair, Dark Gray",Furniture,2.0,80.78,20.0,West
2017-07-18,US-2017-142573,Riverleaf Stik-Withit Designer Note Cubes,Office Supplies,2.0,8.05,20.0,West
2017-07-18,US-2017-142573,Acco Expandable Hanging Binders,Office Supplies,4.0,1.91,70.0,West
2017-07-18,US-2017-142573,High-Back Leather Manager's Chair,Furniture,3.0,103.99,20.0,West
2015-12-01,US-2015-148817,"Decoflex Hanging Personal Folder File, Blue",Office Supplies,4.0,15.42,0.0,South
2015-12-01,US-2015-148817,"GBC Pre-Punched Binding Paper, Plastic, White, 8-1/2"" x 11""",Office Supplies,4.0,15.99,0.0,South
2016-06-28,CA-2016-110044,Polycom CX300 Desktop Phone USB VoIP phone,Technology,3.0,119.99,20.0,Central
2017-08-28,CA-2017-146920,Xerox 4200 Series MultiUse Premium Copy Paper (20Lb. and 84 Bright),Office Supplies,6.0,4.22,20.0,Central
2017-08-28,CA-2017-146920,HP Office Paper (20Lb. and 87 Bright),Office Supplies,5.0,5.34,20.0,Central
2014-09-17,CA-2014-103940,Eldon Gobal File Keepers,Office Supplies,2.0,15.14,0.0,West
2014-09-17,CA-2014-103940,Eldon ProFile File 'N Store Portable File Tub Letter/Legal Size Black,Office Supplies,3.0,19.31,0.0,West
2014-09-17,CA-2014-103940,"Executive Impressions 12"" Wall Clock",Furniture,2.0,17.67,0.0,West
2014-09-17,CA-2014-103940,GBC Prestige Therm-A-Bind Covers,Office Supplies,5.0,27.45,20.0,West
2016-03-14,CA-2016-162082,"Safco Value Mate Series Steel Bookcases, Baked Enamel Finish on Steel, Gray",Furniture,5.0,48.27,32.0,Central
2016-03-14,CA-2016-162082,Xerox 1993,Office Supplies,1.0,5.18,20.0,Central
2016-03-14,CA-2016-162082,"BOSTON Ranger #55 Pencil Sharpener, Black",Office Supplies,7.0,20.79,20.0,Central
2016-08-26,CA-2016-132094,"Binney & Smith inkTank Erasable Pocket Highlighter, Chisel Tip, Yellow",Office Supplies,3.0,1.82,20.0,East
2016-08-26,CA-2016-132094,Logitech Trackman Marble Mouse,Technology,2.0,23.99,20.0,East
2017-09-02,CA-2017-123001,"OIC #2 Pencils, Medium Soft",Office Supplies,5.0,1.88,0.0,West
2017-09-02,CA-2017-123001,Avery 505,Office Supplies,5.0,14.8,0.0,West
2017-09-02,CA-2017-123001,Ooma Telo VoIP Home Phone System,Technology,2.0,100.79,20.0,West
2015-06-16,CA-2015-118955,Staple envelope,Office Supplies,3.0,9.58,20.0,Central
2015-06-16,CA-2015-118955,Xerox 188,Office Supplies,3.0,9.07,20.0,Central
2015-06-16,CA-2015-118955,Office Star - Contemporary Swivel Chair with Padded Adjustable Arms and Flex Back,Furniture,2.0,98.69,30.0,Central
2016-12-10,US-2016-143448,Global Commerce Series High-Back Swivel/Tilt Chairs,Furniture,5.0,284.98,0.0,Central
2017-05-18,CA-2017-117863,"Master Caster Door Stop, Large Neon Orange",Furniture,2.0,7.28,0.0,East
2017-05-18,CA-2017-117863,"Acco Pressboard Covers with Storage Hooks, 9 1/2"" x 11"", Executive Red",Office Supplies,1.0,3.05,20.0,East
2017-05-27,CA-2017-160458,Xerox 2,Office Supplies,5.0,5.18,20.0,South
2016-06-23,US-2016-142685,Compact Automatic Electric Letter Opener,Office Supplies,7.0,119.31,0.0,East
2016-05-16,CA-2016-133144,Xerox 196,Office Supplies,3.0,5.78,0.0,West
2017-11-18,CA-2017-167871,Xerox 194,Office Supplies,1.0,44.38,20.0,South
2017-11-18,CA-2017-167871,Staple remover,Office Supplies,1.0,2.94,20.0,South
2016-11-18,CA-2016-119963,4009 Highlighters by Sanford,Office Supplies,2.0,3.18,20.0,Central
2016-11-18,CA-2016-119963,"Avery 4027 File Folder Labels for Dot Matrix Printers, 5000 Labels per Box, White",Office Supplies,2.0,24.42,20.0,Central
2016-11-18,CA-2016-119963,Xerox 1881,Office Supplies,2.0,9.82,20.0,Central
2016-11-18,CA-2016-119963,"Global Value Steno Chair, Gray",Furniture,6.0,42.52,30.0,Central
2014-11-28,CA-2014-121167,"GBC Standard Recycled Report Covers, Clear Plastic Sheets",Office Supplies,2.0,8.62,20.0,East
2016-03-01,US-2016-151862,RCA ViSYS 25423RE1 Corded phone,Technology,2.0,79.99,20.0,West
2017-01-15,CA-2017-152961,"Telephone Message Books with Fax/Mobile Section, 5 1/2"" x 3 3/16""",Office Supplies,2.0,6.35,0.0,East
2014-04-04,CA-2014-133228,Advantus Panel Wall Acrylic Frame,Furniture,1.0,5.47,0.0,Central
2014-04-04,CA-2014-133228,Newell 319,Office Supplies,4.0,19.84,0.0,Central
2016-06-26,CA-2016-114951,"Eldon Expressions Wood Desk Accessories, Oak",Furniture,3.0,7.38,0.0,West
2016-05-29,CA-2016-156573,GBC ProClick Spines for 32-Hole Punch,Office Supplies,3.0,3.76,70.0,South
2016-05-29,CA-2016-156573,Newell 333,Office Supplies,2.0,2.22,20.0,South
2016-05-29,CA-2016-156573,3M Polarizing Light Filter Sleeves,Furniture,3.0,14.92,20.0,South
2015-10-19,CA-2015-113901,Avery Heavy-Duty EZD View Binder with Locking Rings,Office Supplies,6.0,6.38,0.0,Central
2015-10-19,CA-2015-113901,OtterBox Defender Series Case - Samsung Galaxy S4,Technology,5.0,29.99,0.0,Central
2017-02-19,CA-2017-134838,Newell 320,Office Supplies,3.0,4.28,0.0,West
2017-02-19,CA-2017-134838,Tensor Computer Mounted Lamp,Furniture,3.0,14.89,0.0,West
2016-09-22,CA-2016-120257,Newell 348,Office Supplies,3.0,2.62,20.0,East
2014-11-12,CA-2014-164910,Newell 350,Office Supplies,3.0,2.62,20.0,South
2016-04-01,CA-2016-149902,Boston 16801 Nautilus Battery Pencil Sharpener,Office Supplies,4.0,22.01,0.0,East
2016-05-20,CA-2016-146010,GBC Durable Plastic Covers,Office Supplies,7.0,5.81,70.0,West
2015-06-01,US-2015-163685,Avery Poly Binder Pockets,Office Supplies,8.0,0.72,80.0,Central
2015-06-01,US-2015-163685,Xerox 1928,Office Supplies,10.0,4.22,20.0,Central
2014-11-22,CA-2014-135090,Xerox 1895,Office Supplies,9.0,5.98,0.0,West
2015-02-22,CA-2015-132374,Newell 34,Office Supplies,4.0,19.84,0.0,Central
2016-03-29,CA-2016-167556,"Memo Book, 100 Message Capacity, 5 3/8” x 11”",Office Supplies,2.0,6.74,0.0,East
2016-03-29,CA-2016-167556,"Acco Four Pocket Poly Ring Binder with Label Holder, Smoke, 1""",Office Supplies,5.0,5.96,20.0,East
2016-03-29,CA-2016-167556,"Howard Miller 13-3/4"" Diameter Brushed Chrome Round Wall Clock",Furniture,8.0,51.75,0.0,East
2016-03-29,CA-2016-167556,GBC Plastic Binding Combs,Office Supplies,7.0,5.9,20.0,East
2016-10-22,US-2016-116400,"Eldon Expressions Wood and Plastic Desk Accessories, Oak",Furniture,4.0,9.98,0.0,South
2017-10-02,CA-2017-101308,Staples,Office Supplies,3.0,2.98,0.0,West
2017-10-02,CA-2017-101308,i.Sound Portable Power - 8000 mAh,Technology,2.0,42.39,20.0,West
2014-12-23,CA-2014-114517,Hon 61000 Series Interactive Training Tables,Furniture,2.0,26.66,40.0,East
2014-12-23,CA-2014-114517,Belkin F9H710-06 7 Outlet SurgeMaster Surge Protector,Office Supplies,3.0,18.84,0.0,East
2017-12-15,CA-2017-119564,"Master Giant Foot Doorstop, Safety Yellow",Furniture,3.0,7.59,0.0,West
2016-07-07,CA-2016-135265,"Global Leather Task Chair, Black",Furniture,4.0,71.99,20.0,West
2016-07-07,CA-2016-135265,Canon PC1060 Personal Laser Copier,Technology,5.0,559.99,20.0,West
2016-07-07,CA-2016-135265,Xerox 1942,Office Supplies,1.0,48.94,0.0,West
2016-04-17,CA-2016-108735,"Bush Westfield Collection Bookcases, Fully Assembled",Furniture,3.0,85.83,15.0,West
2017-04-08,CA-2017-112333,Tennsco 16-Compartment Lockers with Coat Rack,Office Supplies,4.0,647.89,0.0,East
2017-04-08,CA-2017-112333,Black & Decker Filter for Double Action Dustbuster Cordless Vac BLDV7210,Office Supplies,5.0,8.39,0.0,East
2016-04-17,US-2016-159415,"Ultra Door Kickplate, 8""H x 34""W",Furniture,5.0,15.82,20.0,South
2014-11-25,CA-2014-122588,DAX Black Cherry Wood-Tone Poster Frame,Furniture,2.0,26.48,0.0,East
2014-11-03,CA-2014-137589,Compact Automatic Electric Letter Opener,Office Supplies,3.0,95.45,20.0,East
2015-05-01,CA-2015-161998,DAX Black Cherry Wood-Tone Poster Frame,Furniture,3.0,21.18,20.0,South
2015-05-01,CA-2015-161998,"Fiskars 8"" Scissors, 2/Pack",Office Supplies,3.0,13.79,20.0,South
2015-05-01,CA-2015-161998,Panasonic KP-380BK Classic Electric Pencil Sharpener,Office Supplies,6.0,28.78,20.0,South
2015-03-08,CA-2015-105627,"Rush Hierlooms Collection 1"" Thick Stackable Bookcases",Furniture,3.0,170.98,0.0,Central
2015-03-08,CA-2015-105627,Hon Mobius Operator's Chair,Furniture,7.0,122.99,0.0,Central
2015-03-08,CA-2015-105627,Nortel Meridian M3904 Professional Digital phone,Technology,5.0,153.99,0.0,Central
2015-03-08,CA-2015-105627,Boston 1900 Electric Pencil Sharpener,Office Supplies,1.0,14.98,0.0,Central
2015-03-08,CA-2015-105627,Deflect-o Glass Clear Studded Chair Mats,Furniture,6.0,62.18,0.0,Central
2015-07-17,US-2015-149629,"Bush Westfield Collection Bookcases, Medium Cherry Finish",Furniture,5.0,46.38,20.0,South
2014-10-11,CA-2014-116834,DAX Cubicle Frames - 8x10,Furniture,11.0,5.77,0.0,West
2014-10-11,CA-2014-116834,WD My Passport Ultra 1TB Portable External Hard Drive,Technology,5.0,69.0,0.0,West
2016-03-03,CA-2016-145730,"Office Impressions End Table, 20-1/2""H x 24""W x 20""D",Furniture,3.0,212.63,30.0,Central
2016-03-03,CA-2016-145730,Canon PC170 Desktop Personal Copier,Technology,3.0,95.97,40.0,Central
2016-03-03,CA-2016-145730,"White Envelopes, White Envelopes with Clear Poly Window",Office Supplies,3.0,12.2,20.0,Central
2015-12-10,US-2015-168732,Staples in misc. colors,Office Supplies,1.0,1.78,0.0,South
2015-12-10,US-2015-168732,Xerox 201,Office Supplies,4.0,6.48,0.0,South
2015-12-10,US-2015-168732,"Memorex 25GB 6X Branded Blu-Ray Recordable Disc, 15/Pack",Technology,6.0,16.99,0.0,South
2015-12-18,CA-2015-107468,Newell 320,Office Supplies,2.0,3.42,20.0,West
2017-01-01,CA-2017-144463,"Howard Miller 11-1/2"" Diameter Brentwood Wall Clock",Furniture,11.0,43.13,0.0,West
2017-11-21,CA-2017-100811,Xerox 1972,Office Supplies,2.0,4.22,20.0,East
2017-11-21,CA-2017-100811,Recycled Eldon Regeneration Jumbo File,Office Supplies,4.0,9.82,20.0,East
2015-12-22,CA-2015-153612,Newell 336,Office Supplies,4.0,4.28,0.0,Central
2015-08-23,CA-2015-165624,Avanti 4.4 Cu. Ft. Refrigerator,Office Supplies,3.0,180.98,0.0,South
2015-08-23,CA-2015-165624,Avery 474,Office Supplies,3.0,2.88,0.0,South
2015-08-23,CA-2015-165624,Xerox 1944,Office Supplies,5.0,38.76,0.0,South
2015-08-23,CA-2015-165624,Xerox 1962,Office Supplies,5.0,4.28,0.0,South
2015-08-23,CA-2015-165624,Xerox 1890,Office Supplies,2.0,48.94,0.0,South
2015-08-23,CA-2015-165624,Maxell LTO Ultrium - 800 GB,Technology,9.0,27.99,0.0,South
2015-08-23,CA-2015-165624,"Acco Six-Outlet Power Strip, 4' Cord Length",Office Supplies,3.0,8.62,0.0,South
2014-06-22,CA-2014-154963,"Padded Folding Chairs, Black, 4/Carton",Furniture,3.0,56.69,30.0,East
2014-06-22,CA-2014-154963,Panasonic Kx-TS550,Technology,3.0,27.59,40.0,East
2014-06-22,CA-2014-154963,"Hon Deluxe Fabric Upholstered Stacking Chairs, Rounded Back",Furniture,5.0,170.79,30.0,East
2017-10-27,CA-2017-130764,"O'Sullivan Elevations Bookcase, Cherry Finish",Furniture,5.0,111.33,15.0,West
2017-10-27,CA-2017-130764,Jackery Bar Premium Fast-charging Portable Charger,Technology,4.0,23.96,20.0,West
2017-08-11,CA-2017-139311,"Wirebound Message Books, Four 2 3/4"" x 5"" Forms per Page, 600 Sets per Book",Office Supplies,4.0,7.42,20.0,Central
2017-08-11,CA-2017-139311,BIC Brite Liner Grip Highlighters,Office Supplies,7.0,1.31,20.0,Central
2017-08-11,CA-2017-139311,Pyle PMP37LED,Technology,2.0,76.79,20.0,Central
2017-08-11,CA-2017-139311,"Fellowes Twister Kit, Gray/Clear, 3/pkg",Office Supplies,8.0,1.61,80.0,Central
2017-12-24,CA-2017-124296,DYMO CardScan Personal V9 Business Card Scanner,Technology,3.0,159.99,0.0,South
2017-12-24,CA-2017-124296,"Iceberg Nesting Folding Chair, 19w x 6d x 43h",Furniture,4.0,58.22,0.0,South
2016-09-26,CA-2016-169957,Belkin 7 Outlet SurgeMaster II,Office Supplies,6.0,39.48,0.0,West
2016-09-26,CA-2016-169957,Universal Premium White Copier/Laser Paper (20Lb. and 87 Bright),Office Supplies,5.0,5.98,0.0,West
2016-09-26,CA-2016-169957,Micro Innovations USB RF Wireless Keyboard with Mouse,Technology,4.0,25.0,0.0,West
2016-12-12,US-2016-108777,Wilson Jones Century Plastic Molded Ring Binders,Office Supplies,3.0,6.23,70.0,East
2016-12-12,US-2016-108777,Logitech G602 Wireless Gaming Mouse,Technology,6.0,63.99,20.0,East
2015-12-28,CA-2015-148859,"Tenex Personal Filing Tote With Secure Closure Lid, Black/Frost",Office Supplies,2.0,12.41,20.0,Central
2014-12-29,CA-2014-110786,Stacking Trays by OIC,Furniture,5.0,4.98,0.0,West
2014-12-29,CA-2014-110786,Xerox 1981,Office Supplies,4.0,5.28,0.0,West
2014-12-29,CA-2014-110786,DYMO CardScan Personal V9 Business Card Scanner,Technology,6.0,127.99,20.0,West
2014-12-29,CA-2014-110786,Avery Hanging File Binders,Office Supplies,3.0,4.78,20.0,West
2014-12-29,CA-2014-110786,Mophie Juice Pack Helium for iPhone,Technology,3.0,63.99,20.0,West
2014-12-29,CA-2014-110786,Avery 477,Office Supplies,9.0,30.53,0.0,West
2014-12-29,CA-2014-110786,"Executive Impressions 10"" Spectator Wall Clock",Furniture,6.0,11.76,0.0,West
2015-06-25,CA-2015-137750,Dana Halogen Swing-Arm Architect Lamp,Furniture,5.0,40.97,0.0,West
2015-04-02,CA-2015-136378,Aluminum Screw Posts,Office Supplies,3.0,3.05,80.0,Central
2017-10-21,CA-2017-100356,Belkin 8 Outlet SurgeMaster II Gold Surge Protector,Office Supplies,2.0,12.0,80.0,Central
2015-07-16,US-2015-166520,Petty Cash Envelope,Office Supplies,3.0,26.96,0.0,East
2015-07-16,US-2015-166520,Kensington Orbit Wireless Mobile Trackball for PC and Mac,Technology,10.0,59.99,0.0,East
2017-06-24,CA-2017-136350,"Deflect-o RollaMat Studded, Beveled Mat for Medium Pile Carpeting",Furniture,3.0,92.23,0.0,East
2017-06-24,CA-2017-136350,Global Deluxe Office Fabric Chairs,Furniture,2.0,86.38,10.0,East
2014-09-29,CA-2014-122931,Nontoxic Chalk,Office Supplies,3.0,1.41,20.0,East
2014-09-29,CA-2014-122931,"Hon 30"" x 60"" Table with Locking Drawer",Furniture,2.0,204.64,40.0,East
2014-09-29,CA-2014-122931,"Permanent Self-Adhesive File Folder Labels for Typewriters, 1 1/8 x 3 1/2, White",Office Supplies,11.0,5.04,20.0,East
2014-09-29,CA-2014-122931,Southworth Parchment Paper & Envelopes,Office Supplies,4.0,5.23,20.0,East
2014-09-29,CA-2014-122931,Tennsco Single-Tier Lockers,Office Supplies,6.0,300.27,20.0,East
2014-09-29,CA-2014-122931,Hon 4060 Series Tables,Furniture,1.0,67.18,40.0,East
2014-11-24,CA-2014-163034,Fellowes Super Stor/Drawer Files,Office Supplies,5.0,129.24,20.0,Central
2015-11-20,CA-2015-124058,Gear Head AU3700S Headset,Technology,7.0,10.39,20.0,West
2015-11-20,CA-2015-124058,Safco Contoured Stacking Chairs,Furniture,3.0,190.72,20.0,West
2016-11-01,CA-2016-129196,Maxell 4.7GB DVD-R,Technology,3.0,22.7,20.0,Central
2015-09-17,US-2015-138716,"Acco Data Flex Cable Posts For Top & Bottom Load Binders, 6"" Capacity",Office Supplies,3.0,8.34,20.0,West
2016-03-10,US-2016-122182,Plantronics Audio 478 Stereo USB Headset,Technology,1.0,39.99,20.0,East
2014-06-23,US-2014-130358,Prang Drawing Pencil Set,Office Supplies,9.0,2.22,20.0,South
2014-06-23,US-2014-130358,Acme Kleen Earth Office Shears,Office Supplies,1.0,3.1,20.0,South
2014-11-01,CA-2014-102673,Staples,Office Supplies,5.0,1.5,20.0,South
2014-11-01,CA-2014-102673,Newell 320,Office Supplies,3.0,3.42,20.0,South
2014-11-01,CA-2014-102673,Avery 513,Office Supplies,12.0,3.98,20.0,South
2014-11-01,CA-2014-102673,Cisco IP Phone 7961G VoIP phone - Dark gray,Technology,9.0,108.76,20.0,South
2016-08-28,CA-2016-145303,"Angle-D Binders with Locking Rings, Label Holders",Office Supplies,9.0,1.46,80.0,Central
2016-08-28,CA-2016-145303,GBC ProClick Spines for 32-Hole Punch,Office Supplies,4.0,2.51,80.0,Central
2016-08-28,CA-2016-145303,"Sauder Camden County Collection Libraries, Planked Cherry Finish",Furniture,2.0,78.19,32.0,Central
2015-12-06,CA-2015-156104,Hewlett Packard 610 Color Digital Copier / Printer,Technology,2.0,499.99,0.0,Central
2015-09-24,US-2015-164308,AT&T 1080 Phone,Technology,6.0,136.99,0.0,Central
2017-11-15,CA-2017-108112,"Howard Miller 13-1/2"" Diameter Rosebrook Wall Clock",Furniture,4.0,55.02,20.0,South
2017-11-15,CA-2017-108112,"Tenex 46"" x 60"" Computer Anti-Static Chairmat, Rectangular Shaped",Furniture,4.0,84.78,20.0,South
2015-12-19,CA-2015-100685,Self-Adhesive Ring Binder Labels,Office Supplies,2.0,3.52,0.0,Central
2015-12-19,CA-2015-100685,Bagged Rubber Bands,Office Supplies,4.0,1.26,0.0,Central
2015-12-19,CA-2015-100685,White Computer Printout Paper by Universal,Office Supplies,3.0,38.76,0.0,Central
2015-12-21,CA-2015-165414,Anker 36W 4-Port USB Wall Charger Travel Power Adapter for iPhone 5s 5c 5,Technology,3.0,15.99,20.0,South
2016-09-25,CA-2016-140417,"REDIFORM Incoming/Outgoing Call Register, 11"" X 8 1/2"", 100 Messages",Office Supplies,9.0,6.67,20.0,West
2016-09-25,CA-2016-140417,GBC Poly Designer Binding Covers,Office Supplies,1.0,5.02,70.0,West
2017-06-24,US-2017-151316,Ibico Hi-Tech Manual Binding System,Office Supplies,3.0,61.0,80.0,Central
2017-06-24,US-2017-151316,Xerox 1971,Office Supplies,3.0,3.42,20.0,Central
2017-09-07,CA-2017-163692,Wilson Jones Leather-Like Binders with DublLock Round Rings,Office Supplies,3.0,2.62,70.0,West
2016-08-04,CA-2016-111913,Mitel 5320 IP Phone VoIP phone,Technology,2.0,151.19,20.0,West
2016-08-04,CA-2016-111913,Wilson Jones Leather-Like Binders with DublLock Round Rings,Office Supplies,3.0,6.98,20.0,West
2016-08-04,CA-2016-111913,"Pressboard Covers with Storage Hooks, 9 1/2"" x 11"", Light Blue",Office Supplies,3.0,3.93,20.0,West
2014-08-19,US-2014-156559,"Hon Metal Bookcases, Gray",Furniture,9.0,70.98,0.0,South
2016-04-01,CA-2016-161473,Avery 473,Office Supplies,2.0,10.35,0.0,East
2016-04-01,CA-2016-161473,Acme Value Line Scissors,Office Supplies,3.0,3.65,0.0,East
2016-04-01,CA-2016-161473,Avery Hanging File Binders,Office Supplies,3.0,4.78,20.0,East
2017-05-16,CA-2017-166576,"SAFCO Commercial Wire Shelving, Black",Office Supplies,2.0,110.51,20.0,East
2015-08-24,CA-2015-102491,Cisco 9971 IP Video Phone Charcoal,Technology,7.0,440.0,0.0,South
2015-08-24,CA-2015-102491,Anker Ultra-Slim Mini Bluetooth 3.0 Wireless Keyboard,Technology,4.0,19.99,0.0,South
2015-08-24,CA-2015-102491,LG G3,Technology,3.0,195.99,0.0,South
2014-09-23,CA-2014-116904,Xerox 217,Office Supplies,5.0,6.48,0.0,Central
2014-09-23,CA-2014-116904,Carina Double Wide Media Storage Towers in Natural & Black,Office Supplies,5.0,80.98,0.0,Central
2014-09-23,CA-2014-116904,Ibico EPK-21 Electric Binding System,Office Supplies,5.0,1889.99,0.0,Central
2014-09-23,CA-2014-116904,GBC Instant Report Kit,Office Supplies,2.0,6.47,0.0,Central
2017-06-19,US-2017-102288,"Holmes Visible Mist Ultrasonic Humidifier with 2.3-Gallon Output per Day, Replacement Filter",Office Supplies,1.0,2.26,80.0,Central
2017-06-19,US-2017-102288,Hoover Replacement Belt for Commercial Guardsman Heavy-Duty Upright Vacuum,Office Supplies,1.0,0.44,80.0,Central
2017-06-19,US-2017-102288,Xerox 1982,Office Supplies,8.0,18.27,20.0,Central
2017-12-21,CA-2017-137456,Staple-based wall hangings,Furniture,2.0,7.96,0.0,Central
2017-08-07,US-2017-155999,GE DSL Phone Line Filter,Technology,5.0,31.99,20.0,West
2017-08-07,US-2017-155999,Avery Printable Repositionable Plastic Tabs,Office Supplies,2.0,6.88,20.0,West
2016-08-22,US-2016-148334,"GBC Standard Recycled Report Covers, Clear Plastic Sheets",Office Supplies,2.0,2.16,80.0,Central
2015-09-07,CA-2015-105599,Eldon Shelf Savers Cubes and Bins,Office Supplies,2.0,6.98,0.0,East
2015-09-07,CA-2015-105599,Anderson Hickey Conga Table Tops & Accessories,Furniture,3.0,9.14,40.0,East
2015-12-25,CA-2015-153717,"Logitech B530 USB Headset - headset - Full size, Binaural",Technology,2.0,36.99,0.0,Central
2015-12-25,CA-2015-153717,Rush Hierlooms Collection Rich Wood Bookcases,Furniture,1.0,160.98,0.0,Central
2015-12-25,CA-2015-153717,Xerox 1978,Office Supplies,3.0,5.78,0.0,Central
2015-12-25,CA-2015-153717,Newell 351,Office Supplies,1.0,3.28,0.0,Central
2015-05-02,CA-2015-116687,Avery 501,Office Supplies,3.0,2.95,20.0,Central
2015-05-02,CA-2015-116687,Samsung Rugby III,Technology,3.0,52.79,20.0,Central
2016-11-24,CA-2016-163573,Ibico Hi-Tech Manual Binding System,Office Supplies,5.0,243.99,20.0,West
2015-11-24,CA-2015-153416,Avery Reinforcements for Hole-Punch Pages,Office Supplies,2.0,1.58,20.0,West
2015-11-24,CA-2015-153416,Xerox 225,Office Supplies,3.0,6.48,0.0,West
2015-11-24,CA-2015-153416,Fellowes Bankers Box Staxonsteel Drawer File/Stacking System,Office Supplies,7.0,64.98,0.0,West
2015-11-24,CA-2015-153416,Avery Premier Heavy-Duty Binder with Round Locking Rings,Office Supplies,8.0,11.42,20.0,West
2017-09-04,CA-2017-117394,Kingston Digital DataTraveler 8GB USB 2.0,Technology,4.0,4.76,20.0,East
2017-05-11,CA-2017-133823,"Ampad Phone Message Book, Recycled, 400 Message Capacity, 5 ¾” x 11”",Office Supplies,6.0,6.24,0.0,West
2017-05-11,CA-2017-133823,Avery 50,Office Supplies,3.0,12.53,0.0,West
2017-05-11,CA-2017-133823,"Acco Flexible ACCOHIDE Square Ring Data Binder, Dark Blue, 11 1/2"" X 14"" 7/8""",Office Supplies,2.0,13.02,20.0,West
2014-05-11,CA-2014-127523,Staple holder,Office Supplies,3.0,11.97,0.0,East
2017-07-27,CA-2017-123239,"Eldon Delta Triangular Chair Mat, 52"" x 58"", Clear",Furniture,3.0,30.34,20.0,South
2017-05-06,CA-2017-156769,Dixon Ticonderoga Core-Lock Colored Pencils,Office Supplies,6.0,9.11,0.0,South
2014-09-19,CA-2014-127299,Project Tote Personal File,Office Supplies,6.0,11.22,20.0,South
2014-09-19,CA-2014-127299,"HP Designjet T520 Inkjet Large Format Printer - 24"" Color",Technology,3.0,875.0,50.0,South
2015-03-29,CA-2015-121272,Acco 6 Outlet Guardian Premium Plus Surge Suppressor,Office Supplies,4.0,18.32,0.0,West
2014-11-18,CA-2014-115336,"GBC White Gloss Covers, Plain Front",Office Supplies,5.0,2.9,80.0,Central
2015-07-02,CA-2015-111703,Easy-staple paper,Office Supplies,3.0,3.98,20.0,South
2015-07-02,CA-2015-111703,Xerox 1957,Office Supplies,3.0,5.18,20.0,South
2014-09-08,CA-2014-128839,Advantus Plastic Paper Clips,Office Supplies,9.0,5.0,0.0,South
2014-09-08,CA-2014-128839,"Epson WorkForce WF-2530 All-in-One Printer, Copier Scanner",Technology,3.0,69.99,0.0,South
2017-10-02,CA-2017-105914,"Performers Binder/Pad Holder, Black",Office Supplies,5.0,22.42,20.0,West
2017-10-02,CA-2017-105914,Tennsco Double-Tier Lockers,Office Supplies,7.0,225.02,0.0,West
2017-11-19,CA-2017-110926,OIC Binder Clips,Office Supplies,7.0,3.58,0.0,South
2016-12-30,CA-2016-117226,Avery Binding System Hidden Tab Executive Style Index Sets,Office Supplies,6.0,1.15,80.0,Central
2017-12-01,CA-2017-127313,Personal File Boxes with Fold-Down Carry Handle,Office Supplies,3.0,12.46,20.0,East
2017-12-01,CA-2017-127313,"Ultra Door Kickplate, 8""H x 34""W",Furniture,5.0,15.82,20.0,East
2016-06-13,CA-2016-136287,Avery 51,Office Supplies,3.0,6.3,0.0,Central
2014-05-19,US-2014-107699,Avery Heavy-Duty EZD View Binder with Locking Rings,Office Supplies,9.0,6.38,0.0,Central
2017-01-30,CA-2017-112725,"Crayola Anti Dust Chalk, 12/Pack",Office Supplies,7.0,1.82,0.0,West
2017-01-30,CA-2017-112725,Newell 338,Office Supplies,3.0,2.94,0.0,West
2017-01-30,CA-2017-112725,Novimex Swivel Fabric Task Chair,Furniture,1.0,120.78,20.0,West
2015-11-28,CA-2015-136196,"Tenex Contemporary Contur Chairmats for Low and Medium Pile Carpet, Computer, 39"" x 49""",Furniture,3.0,107.53,0.0,East
2017-10-23,CA-2017-106068,"Acco Flexible ACCOHIDE Square Ring Data Binder, Dark Blue, 11 1/2"" X 14"" 7/8""",Office Supplies,3.0,3.25,80.0,Central
2017-10-23,CA-2017-106068,Advantus Rolling Storage Box,Office Supplies,1.0,13.72,20.0,Central
2017-10-23,CA-2017-106068,WD My Passport Ultra 1TB Portable External Hard Drive,Technology,1.0,55.2,20.0,Central
2017-10-23,CA-2017-106068,"Carina 42""Hx23 3/4""W Media Storage Unit",Office Supplies,4.0,64.78,20.0,Central
2017-09-07,CA-2017-100160,Avery 519,Office Supplies,5.0,5.85,20.0,East
2017-09-07,CA-2017-100160,"Eureka Recycled Copy Paper 8 1/2"" x 11"", Ream",Office Supplies,3.0,5.18,20.0,East
2017-09-07,CA-2017-100160,Poly String Tie Envelopes,Office Supplies,3.0,1.63,20.0,East
2016-12-29,CA-2016-139689,GBC Wire Binding Strips,Office Supplies,4.0,9.52,70.0,South
2016-12-29,CA-2016-139689,Zipper Ring Binder Pockets,Office Supplies,3.0,0.94,70.0,South
2015-12-05,CA-2015-101091,Belkin F8E887 USB Wired Ergonomic Keyboard,Technology,2.0,23.99,20.0,East
2015-12-05,CA-2015-101091,"GBC White Gloss Covers, Plain Front",Office Supplies,6.0,4.34,70.0,East
2014-11-01,CA-2014-126907,Southworth Parchment Paper & Envelopes,Office Supplies,3.0,5.23,20.0,Central
2016-04-16,US-2016-164588,Newell 341,Office Supplies,3.0,4.28,0.0,South
2017-05-14,CA-2017-115546,Google Nexus 5,Technology,3.0,179.99,0.0,East
2017-05-14,CA-2017-115546,X-Rack File for Hanging Folders,Office Supplies,2.0,11.29,0.0,East
2015-03-14,CA-2015-163587,Avery 476,Office Supplies,4.0,4.13,0.0,East
2015-03-14,CA-2015-163587,GBC DocuBind TL200 Manual Binding Machine,Office Supplies,3.0,223.98,0.0,East
2017-01-14,US-2017-106131,Imation 8GB Mini TravelDrive USB 2.0 Flash Drive,Technology,7.0,24.15,20.0,West
2017-01-14,US-2017-106131,Mobile Personal File Cube,Office Supplies,9.0,18.74,20.0,West
2015-03-08,CA-2015-160213,Xerox 1997,Office Supplies,3.0,6.48,0.0,East
2014-10-11,CA-2014-157924,Iris Project Case,Office Supplies,4.0,7.98,0.0,West
2014-10-11,CA-2014-157924,Global Enterprise Series Seating High-Back Swivel/Tilt Chairs,Furniture,2.0,216.78,20.0,West
2015-04-13,CA-2015-100216,Xerox 210,Office Supplies,6.0,5.18,20.0,West
2015-04-13,CA-2015-100216,Xerox 1973,Office Supplies,3.0,18.27,20.0,West
2017-11-16,CA-2017-100601,Eldon Shelf Savers Cubes and Bins,Office Supplies,7.0,6.98,0.0,West
2016-07-01,CA-2016-152163,"Wilson Jones Hanging View Binder, White, 1""",Office Supplies,2.0,7.1,0.0,South
2016-07-01,CA-2016-152163,Xerox 210,Office Supplies,2.0,6.48,0.0,South
2016-07-01,CA-2016-152163,Binding Machine Supplies,Office Supplies,2.0,29.17,0.0,South
2015-11-29,CA-2015-154340,"Boston Electric Pencil Sharpener, Model 1818, Charcoal Black",Office Supplies,2.0,28.15,0.0,West
2014-04-07,CA-2014-128846,AT&T TR1909W,Technology,5.0,125.99,0.0,South
2014-04-07,CA-2014-128846,Xerox 1945,Office Supplies,3.0,40.99,0.0,South
2016-06-16,CA-2016-148593,"Wirebound Message Books, Four 2 3/4"" x 5"" Forms per Page, 600 Sets per Book",Office Supplies,5.0,9.27,0.0,West
2017-03-06,US-2017-119039,Economy Binders,Office Supplies,9.0,1.66,20.0,West
2017-10-07,CA-2017-128426,Storex DuraTech Recycled Plastic Frosted Binders,Office Supplies,5.0,0.85,80.0,Central
2017-10-06,US-2017-136868,Logitech G430 Surround Sound Gaming Headset with Dolby 7.1 Technology,Technology,4.0,79.99,0.0,East
2017-10-06,US-2017-136868,"Adams Telephone Message Book W/Dividers/Space For Phone Numbers, 5 1/4""X8 1/2"", 200/Messages",Office Supplies,3.0,5.68,0.0,East
2017-10-06,US-2017-136868,Space Solutions HD Industrial Steel Shelving.,Office Supplies,3.0,114.97,0.0,East
2016-12-05,CA-2016-143749,O'Sullivan 5-Shelf Heavy-Duty Bookcases,Furniture,1.0,81.94,0.0,East
2016-10-21,CA-2016-111493,Logitech Desktop MK120 Mouse and keyboard Combo,Technology,6.0,16.36,0.0,East
2017-05-18,CA-2017-112536,"Acco Pressboard Covers with Storage Hooks, 14 7/8"" x 11"", Light Blue",Office Supplies,7.0,0.98,80.0,Central
2017-05-18,CA-2017-112536,"Avery Framed View Binder, EZD Ring (Locking), Navy, 1 1/2""",Office Supplies,1.0,2.0,80.0,Central
2017-05-18,CA-2017-112536,Plastic Stacking Crates & Casters,Office Supplies,2.0,4.46,20.0,Central
2016-09-26,CA-2016-157714,Hammermill Color Copier Paper (28Lb. and 96 Bright),Office Supplies,1.0,9.99,0.0,Central
2017-11-17,CA-2017-166709,Canon imageCLASS 2200 Advanced Copier,Technology,3.0,3499.99,0.0,East
2015-07-08,CA-2015-129392,Xerox 1990,Office Supplies,5.0,4.22,20.0,Central
2015-11-16,CA-2015-150875,Bretford CR4500 Series Slim Rectangular Table,Furniture,2.0,348.21,0.0,West
2015-11-16,CA-2015-150875,Jabra BIZ 2300 Duo QD Duo Corded Headset,Technology,3.0,101.59,20.0,West
2015-06-18,CA-2015-154200,"BOSTON Ranger #55 Pencil Sharpener, Black",Office Supplies,2.0,25.99,0.0,West
2016-04-08,CA-2016-124233,"C-Line Magnetic Cubicle Keepers, Clear Polypropylene",Furniture,5.0,4.94,0.0,West
2015-04-18,US-2015-134271,Avery 486,Office Supplies,3.0,7.31,0.0,East
2016-12-03,US-2016-161683,Honeywell Enviracaire Portable HEPA Air Cleaner for up to 10 x 16 Room,Office Supplies,4.0,98.7,20.0,East
2016-12-03,US-2016-161683,"GBC Clear Cover, 8-1/2 x 11, unpunched, 25 covers per pack",Office Supplies,4.0,4.55,70.0,East
2015-12-10,CA-2015-143105,Avery 486,Office Supplies,1.0,7.31,0.0,East
2015-12-10,CA-2015-143105,Hewlett Packard 610 Color Digital Copier / Printer,Technology,2.0,399.99,20.0,East
2015-12-10,CA-2015-143105,"Adams Phone Message Book, 200 Message Capacity, 8 1/16” x 11”",Office Supplies,6.0,6.88,0.0,East
2015-12-10,CA-2015-143105,Xerox 1883,Office Supplies,7.0,26.38,0.0,East
2014-10-31,CA-2014-145387,Lumber Crayons,Office Supplies,5.0,9.85,0.0,East
2014-10-31,CA-2014-145387,"RSVP Cards & Envelopes, Blank White, 8-1/2"" X 11"", 24 Cards/25 Envelopes/Set",Office Supplies,2.0,5.08,0.0,East
2014-10-31,CA-2014-145387,"Eldon Expressions Wood Desk Accessories, Oak",Furniture,2.0,7.38,0.0,East
2014-10-31,CA-2014-145387,GBC Recycled VeloBinder Covers,Office Supplies,2.0,17.04,0.0,East
2014-10-31,CA-2014-145387,Eldon Wave Desk Accessories,Furniture,3.0,5.89,0.0,East
2014-10-31,CA-2014-145387,Hon Pagoda Stacking Chairs,Furniture,5.0,320.98,0.0,East
2014-10-31,CA-2014-145387,"Chromcraft Bull-Nose Wood 48"" x 96"" Rectangular Conference Tables",Furniture,1.0,385.69,30.0,East
2017-12-09,CA-2017-109715,Xerox 1921,Office Supplies,2.0,7.99,20.0,Central
2014-05-05,CA-2014-166457,"Adams ""While You Were Out"" Message Pads",Office Supplies,3.0,3.14,0.0,South
2014-05-05,CA-2014-166457,Newell 350,Office Supplies,2.0,3.28,0.0,South
2014-05-05,CA-2014-166457,Xerox 1933,Office Supplies,2.0,12.28,0.0,South
2016-03-04,CA-2016-164637,"Green Canvas Binder for 8-1/2"" x 14"" Sheets",Office Supplies,3.0,42.8,0.0,Central
2014-11-30,CA-2014-103590,Park Ridge Embossed Executive Business Envelopes,Office Supplies,4.0,15.57,0.0,East
2015-02-18,CA-2015-111234,Smead Alpha-Z Color-Coded Second Alphabetical Labels and Starter Set,Office Supplies,3.0,3.08,0.0,West
2017-04-01,CA-2017-149881,"Safco Value Mate Steel Bookcase, Baked Enamel Finish on Steel, Black",Furniture,8.0,60.33,15.0,West
2017-04-01,CA-2017-149881,Cubify CubeX 3D Printer Double Head Print,Technology,2.0,2399.99,20.0,West
2017-06-11,CA-2017-134565,Xerox 1939,Office Supplies,2.0,18.97,0.0,West
2017-06-11,CA-2017-134565,"Acco Pressboard Covers with Storage Hooks, 14 7/8"" x 11"", Dark Blue",Office Supplies,6.0,3.05,20.0,West
2017-06-11,CA-2017-134565,Cisco Desktop Collaboration Experience DX650 IP Video Phone,Technology,5.0,77.16,20.0,West
2017-06-11,CA-2017-134565,"Belkin 19"" Vented Equipment Shelf, Black",Office Supplies,2.0,51.48,0.0,West
2017-06-11,CA-2017-134565,O'Sullivan 3-Shelf Heavy-Duty Bookcases,Furniture,3.0,58.14,0.0,West
2016-09-30,CA-2016-108644,"Pressboard Covers with Storage Hooks, 9 1/2"" x 11"", Light Blue",Office Supplies,2.0,0.98,80.0,Central
2014-12-13,US-2014-102631,Howard Miller 12-3/4 Diameter Accuwave DS  Wall Clock,Furniture,3.0,31.48,60.0,Central
2017-11-11,CA-2017-120327,"Vinyl Coated Wire Paper Clips in Organizer Box, 800/Box",Office Supplies,4.0,11.48,0.0,Central
2015-01-05,CA-2015-154970,Global Deluxe Steno Chair,Furniture,1.0,61.58,20.0,West
2016-03-24,CA-2016-113803,"Ink Jet Note and Greeting Cards, 8-1/2"" x 5-1/2"" Card Size",Office Supplies,1.0,22.48,0.0,Central
2017-07-05,CA-2017-100223,"Deflect-o RollaMat Studded, Beveled Mat for Medium Pile Carpeting",Furniture,9.0,36.89,60.0,Central
2017-07-05,CA-2017-100223,"Cardinal HOLDit! Binder Insert Strips,Extra Strips",Office Supplies,9.0,1.27,80.0,Central
2017-07-05,CA-2017-100223,Xerox 1975,Office Supplies,3.0,5.18,20.0,Central
2017-07-05,CA-2017-100223,Xerox 1966,Office Supplies,6.0,5.18,20.0,Central
2017-07-05,CA-2017-100223,Tuf-Vin Binders,Office Supplies,1.0,6.32,80.0,Central
2014-09-21,CA-2014-168823,"While You Were Out Pads, 50 per Pad, 4 x 5 1/4, Green Cycle",Office Supplies,3.0,3.78,20.0,East
2014-09-21,CA-2014-168823,Staple-on labels,Office Supplies,9.0,2.31,20.0,East
2016-07-23,CA-2016-162404,"GBC Laser Imprintable Binding System Covers, Desert Sand",Office Supplies,4.0,2.85,80.0,Central
2017-08-29,CA-2017-104024,Newell 323,Office Supplies,7.0,1.34,20.0,East
2017-03-26,CA-2017-147144,"Boston 1827 Commercial Additional Cutter, Drive Gear & Gear Rack for 1606",Office Supplies,1.0,19.83,0.0,West
2017-12-29,CA-2017-158673,Xerox 1915,Office Supplies,2.0,104.85,0.0,Central
2014-09-20,CA-2014-133704,Staple holder,Office Supplies,4.0,10.98,0.0,West
2014-09-20,CA-2014-133704,Ibico Plastic and Wire Spiral Binding Combs,Office Supplies,3.0,6.74,20.0,West
2016-04-04,CA-2016-159142,Anker Astro 15000mAh USB Portable Charger,Technology,3.0,49.99,0.0,South
2016-04-04,CA-2016-159142,"Wirebound Message Books, Four 2 3/4"" x 5"" Forms per Page, 600 Sets per Book",Office Supplies,3.0,9.27,0.0,South
2014-03-26,CA-2014-138436,SanDisk Ultra 32 GB MicroSDHC Class 10 Memory Card,Technology,3.0,22.1,0.0,West
2017-11-28,CA-2017-117702,BIC Brite Liner Grip Highlighters,Office Supplies,1.0,1.64,0.0,East
2017-11-28,CA-2017-117702,Luxo Professional Fluorescent Magnifier Lamp with Clamp-Mount Base,Furniture,5.0,209.84,0.0,East
2017-11-28,CA-2017-117702,"Eldon Image Series Desk Accessories, Burgundy",Furniture,5.0,4.18,0.0,East
2016-12-01,CA-2016-157336,"XtraLife ClearVue Slant-D Ring Binder, White, 3""",Office Supplies,6.0,14.68,0.0,East
2016-12-01,CA-2016-157336,Hon Every-Day Series Multi-Task Chairs,Furniture,4.0,187.98,0.0,East
2014-09-19,CA-2014-168130,Hon Olson Stacker Stools,Furniture,7.0,126.73,10.0,East
2015-10-23,CA-2015-155068,Mediabridge Sport Armband iPhone 5s,Technology,7.0,7.99,20.0,South
2015-10-23,CA-2015-155068,Sanford Liquid Accent Highlighters,Office Supplies,2.0,5.34,20.0,South
2015-10-23,CA-2015-155068,"SKILCRAFT Telephone Shoulder Rest, 2"" x 6.5"" x 2.5"", Black",Technology,2.0,5.91,20.0,South
2017-10-13,CA-2017-163160,Easy-staple paper,Office Supplies,3.0,21.1,20.0,Central
2017-10-13,CA-2017-163160,GBC VeloBinder Electric Binding Machine,Office Supplies,4.0,24.2,80.0,Central
2017-10-13,CA-2017-163160,Dax Clear Box Frame,Furniture,3.0,3.49,60.0,Central
2015-09-04,CA-2015-101924,"Acco Flexible ACCOHIDE Square Ring Data Binder, Dark Blue, 11 1/2"" X 14"" 7/8""",Office Supplies,2.0,4.88,70.0,West
2016-03-14,CA-2016-124793,"Global High-Back Leather Tilter, Burgundy",Furniture,2.0,98.39,20.0,West
2017-10-28,CA-2017-118367,"Recycled Interoffice Envelopes with String and Button Closure, 10 x 13",Office Supplies,2.0,23.99,0.0,East
2017-10-15,CA-2017-164819,Permanent Self-Adhesive File Folder Labels for Typewriters by Universal,Office Supplies,5.0,2.61,0.0,East
2017-08-07,CA-2017-158344,Memorex Micro Travel Drive 16 GB,Technology,4.0,15.99,0.0,Central
2017-09-21,CA-2017-123351,APC 7 Outlet Network SurgeArrest Surge Protector,Office Supplies,1.0,80.48,0.0,South
2017-11-03,CA-2017-110429,"Mead 1st Gear 2"" Zipper Binder, Asst. Colors",Office Supplies,3.0,3.89,70.0,East
2016-11-05,US-2016-131611,Laminate Occasional Tables,Furniture,8.0,107.89,30.0,Central
2016-11-05,US-2016-131611,Storex Dura Pro Binders,Office Supplies,3.0,1.19,80.0,Central
2016-11-05,US-2016-131611,O'Sullivan Plantations 2-Door Library in Landvery Oak,Furniture,7.0,136.67,32.0,Central
2016-11-05,US-2016-131611,Premium Transparent Presentation Covers by GBC,Office Supplies,3.0,4.2,80.0,Central
2016-11-05,US-2016-131611,Logitech Wireless Headset H600 Over-The-Head Design,Technology,5.0,34.39,20.0,Central
2017-06-25,US-2017-124821,"Chromcraft Bull-Nose Wood Round Conference Table Top, Wood Base",Furniture,4.0,217.85,0.0,West
2015-11-26,CA-2015-166975,Howard Miller 12-3/4 Diameter Accuwave DS  Wall Clock,Furniture,11.0,62.95,20.0,South
2016-11-24,CA-2016-123806,"Howard Miller 11-1/2"" Diameter Ridgewood Wall Clock",Furniture,4.0,51.94,0.0,East
2017-07-21,US-2017-158505,PayAnywhere Card Reader,Technology,9.0,7.99,20.0,West
2017-07-21,US-2017-158505,"BOSTON Ranger #55 Pencil Sharpener, Black",Office Supplies,1.0,25.99,0.0,West
2015-10-23,CA-2015-142692,Avery Non-Stick Binders,Office Supplies,1.0,3.59,20.0,West
2015-07-09,CA-2015-123456,"Acco 7-Outlet Masterpiece Power Center, Wihtout Fax/Phone Line Protection",Office Supplies,2.0,24.32,80.0,Central
2017-08-18,CA-2017-151358,Fellowes Super Stor/Drawer Files,Office Supplies,2.0,161.55,0.0,West
2016-04-16,US-2016-107440,"3D Systems Cube Printer, 2nd Generation, Magenta",Technology,7.0,1299.99,0.0,East
2016-04-16,US-2016-107440,Stacking Trays by OIC,Furniture,2.0,4.98,0.0,East
2016-04-16,US-2016-107440,Wilson Jones Standard D-Ring Binders,Office Supplies,5.0,5.06,0.0,East
2014-11-14,CA-2014-166989,"Adams Write n' Stick Phone Message Book, 11"" X 5 1/4"", 200 Messages",Office Supplies,2.0,5.68,0.0,East
2014-11-14,CA-2014-166989,"Safco Chair Connectors, 6/Carton",Furniture,2.0,34.63,10.0,East
2014-12-20,CA-2014-103100,Avery 487,Office Supplies,1.0,3.69,0.0,Central
2014-12-20,CA-2014-103100,Ibico Ibimaster 300 Manual Binding System,Office Supplies,3.0,367.99,0.0,Central
2015-11-21,CA-2015-105690,O'Sullivan Manor Hill 2-Door Library in Brianna Oak,Furniture,2.0,123.07,32.0,Central
2015-11-21,CA-2015-105690,Self-Adhesive Address Labels for Typewriters by Universal,Office Supplies,2.0,5.85,20.0,Central
2015-11-21,CA-2015-105690,Sharp 1540cs Digital Laser Copier,Technology,1.0,439.99,20.0,Central
2017-12-28,CA-2017-127516,Carina Double Wide Media Storage Towers in Natural & Black,Office Supplies,1.0,64.78,20.0,South
2015-05-17,US-2015-117184,GBC Twin Loop Wire Binding Elements,Office Supplies,5.0,6.66,80.0,Central
2015-05-17,US-2015-117184,Things To Do Today Pad,Office Supplies,3.0,4.7,20.0,Central
2017-12-09,CA-2017-102407,Newell 314,Office Supplies,2.0,5.58,0.0,West
2017-12-09,CA-2017-102407,Bevis 36 x 72 Conference Tables,Furniture,9.0,99.59,20.0,West
2017-12-09,CA-2017-102407,Harmony Air Purifier,Office Supplies,1.0,189.0,0.0,West
2017-03-10,CA-2017-130967,Nokia Lumia 521 (T-Mobile),Technology,3.0,17.99,40.0,East
2017-10-22,CA-2017-101581,KI Conference Tables,Furniture,5.0,35.44,50.0,West
2017-07-03,CA-2017-169124,"Howard Miller 11-1/2"" Diameter Brentwood Wall Clock",Furniture,3.0,43.13,0.0,West
2017-09-04,CA-2017-117261,"Rogers Jumbo File, Granite",Office Supplies,4.0,13.58,0.0,West
2017-08-23,CA-2017-129021,Samsung Galaxy Mega 6.3,Technology,13.0,335.99,20.0,South
2017-08-23,CA-2017-129021,"IBM Multi-Purpose Copy Paper, 8 1/2 x 11"", Case",Office Supplies,2.0,24.78,20.0,South
2017-08-23,CA-2017-129021,Fellowes 8 Outlet Superior Workstation Surge Protector w/o Phone/Fax/Modem Protection,Office Supplies,6.0,26.9,20.0,South
2017-08-23,CA-2017-129021,"Eldon Regeneration Recycled Desk Accessories, Smoke",Furniture,2.0,1.39,20.0,South
2017-08-23,CA-2017-129021,"Ampad Evidence Wirebond Steno Books, 6"" x 9""",Office Supplies,5.0,1.74,20.0,South
2014-08-22,CA-2014-123253,Faber Castell Col-Erase Pencils,Office Supplies,1.0,3.91,20.0,East
2016-10-04,CA-2016-121601,Laser & Ink Jet Business Envelopes,Office Supplies,7.0,8.54,20.0,Central
2014-10-26,CA-2014-162278,Tenex Chairmats For Use With Carpeted Floors,Furniture,4.0,15.98,0.0,West
2014-10-26,CA-2014-162278,Vtech CS6719,Technology,5.0,76.79,20.0,West
2016-06-28,CA-2016-161095,Recycled Pressboard Report Cover with Reinforced Top Hinge,Office Supplies,3.0,2.58,20.0,West
2016-06-28,CA-2016-161095,GBC Premium Transparent Covers with Diagonal Lined Pattern,Office Supplies,2.0,16.78,20.0,West
2014-11-04,CA-2014-125829,Polycom SoundPoint Pro SE-225 Corded phone,Technology,7.0,95.19,20.0,West
2014-11-04,CA-2014-125829,"Bevis Round Conference Table Top, X-Base",Furniture,4.0,143.43,20.0,West
2014-11-04,CA-2014-125829,Cardinal EasyOpen D-Ring Binders,Office Supplies,3.0,7.31,20.0,West
2014-11-04,CA-2014-125829,Xerox 2000,Office Supplies,3.0,6.48,0.0,West
2014-11-04,CA-2014-125829,Hewlett-Packard Deskjet D4360 Printer,Technology,4.0,111.99,20.0,West
2014-09-08,CA-2014-123127,Black & Decker Filter for Double Action Dustbuster Cordless Vac BLDV7210,Office Supplies,2.0,8.39,0.0,East
2015-06-25,CA-2015-115945,Staples in misc. colors,Office Supplies,2.0,10.48,0.0,West
2015-06-25,CA-2015-115945,"GBC Velobind Prepunched Cover Sets, Regency Series",Office Supplies,3.0,29.58,20.0,West
2015-06-25,CA-2015-115945,Tennsco Regal Shelving Units,Office Supplies,3.0,101.41,0.0,West
2015-07-26,CA-2015-136735,Airmail Envelopes,Office Supplies,2.0,83.93,0.0,West
2017-12-07,US-2017-136189,DAX Wood Document Frame.,Furniture,6.0,13.73,0.0,South
2014-12-29,CA-2014-152345,Mediabridge Sport Armband iPhone 5s,Technology,3.0,7.99,20.0,West
2014-12-29,CA-2014-152345,Fellowes Bases and Tops For Staxonsteel/High-Stak Systems,Office Supplies,1.0,33.29,0.0,West
2015-02-14,US-2015-147662,GBC Standard Therm-A-Bind Covers,Office Supplies,2.0,7.48,70.0,East
2015-02-14,US-2015-147662,Google Nexus 5,Technology,3.0,107.99,40.0,East
2015-02-14,US-2015-147662,Acco Hanging Data Binders,Office Supplies,2.0,1.14,70.0,East
2015-02-14,US-2015-147662,Newell 315,Office Supplies,3.0,4.78,20.0,East
2015-02-14,US-2015-147662,Belkin F8E887 USB Wired Ergonomic Keyboard,Technology,3.0,23.99,20.0,East
2016-01-25,CA-2016-153346,"Dixon Ticonderoga Maple Cedar Pencil, #2",Office Supplies,3.0,3.07,0.0,East
2016-01-25,CA-2016-153346,"Telephone Message Books with Fax/Mobile Section, 4 1/4"" x 6""",Office Supplies,5.0,3.6,0.0,East
2017-04-01,CA-2017-118360,"Wirebound Message Books, Four 2 3/4 x 5 Forms per Page, 200 Sets per Book",Office Supplies,9.0,4.77,0.0,East
2017-10-03,CA-2017-149853,Xerox 208,Office Supplies,3.0,5.18,20.0,South
2017-10-03,CA-2017-149853,Hoover Portapower Portable Vacuum,Office Supplies,5.0,3.58,20.0,South
2017-09-01,CA-2017-107909,Logitech LS21 Speaker System - PC Multimedia - 2.1-CH - Wired,Technology,1.0,19.99,0.0,West
2017-09-01,CA-2017-107909,Avery Metallic Poly Binders,Office Supplies,5.0,4.58,20.0,West
2015-12-21,CA-2015-112375,Memorex Micro Travel Drive 4 GB,Technology,6.0,8.48,20.0,South
2015-12-21,CA-2015-112375,"Recycled Interoffice Envelopes with Re-Use-A-Seal Closure, 10 x 13",Office Supplies,2.0,13.66,20.0,South
2015-12-20,CA-2015-154795,#6 3/4 Gummed Flap White Envelopes,Office Supplies,1.0,7.92,20.0,West
2015-12-20,CA-2015-154795,Nu-Dell Float Frame 11 x 14 1/2,Furniture,2.0,7.18,20.0,West
2015-11-27,CA-2015-125234,Sony 64GB Class 10 Micro SDHC R40 Memory Card,Technology,3.0,35.99,0.0,West
2015-11-27,CA-2015-125234,"Snap-A-Way Black Print Carbonless Ruled Speed Letter, Triplicate",Office Supplies,3.0,37.94,0.0,West
2017-08-27,CA-2017-133501,Xerox 217,Office Supplies,1.0,5.18,20.0,South
2014-03-22,US-2014-129609,"Avery Hi-Liter EverBold Pen Style Fluorescent Highlighters, 4/Pack",Office Supplies,2.0,8.14,0.0,Central
2017-12-17,CA-2017-130309,Adjustable Depth Letter/Legal Cart,Office Supplies,3.0,181.46,0.0,South
2017-03-19,CA-2017-105410,"ACCOHIDE 3-Ring Binder, Blue, 1""",Office Supplies,6.0,3.3,20.0,West
2017-03-19,CA-2017-105410,Jawbone MINI JAMBOX Wireless Bluetooth Speaker,Technology,6.0,109.58,20.0,West
2017-03-19,CA-2017-105410,Logitech K350 2.4Ghz Wireless Keyboard,Technology,2.0,49.77,0.0,West
2017-03-19,CA-2017-105410,Logitech Wireless Marathon Mouse M705,Technology,4.0,49.99,0.0,West
2016-09-18,CA-2016-120355,Global Leather Executive Chair,Furniture,2.0,315.89,10.0,East
2016-09-18,CA-2016-120355,DAX Two-Tone Silver Metal Document Frame,Furniture,3.0,20.24,0.0,East
2017-11-24,CA-2017-169894,GBC Recycled Grain Textured Covers,Office Supplies,2.0,10.36,70.0,West
2017-11-24,CA-2017-169894,Fellowes Bankers Box Staxonsteel Drawer File/Stacking System,Office Supplies,8.0,51.98,20.0,West
2017-04-11,US-2017-100482,Sterilite Officeware Hinged File Box,Office Supplies,2.0,8.38,20.0,East
2017-04-11,US-2017-100482,Kingston Digital DataTraveler 32GB USB 2.0,Technology,2.0,13.56,20.0,East
2017-12-10,CA-2017-107748,Jackery Bar Premium Fast-charging Portable Charger,Technology,4.0,23.96,20.0,West
2017-12-10,CA-2017-107748,Xerox 225,Office Supplies,2.0,6.48,0.0,West
2017-11-24,CA-2017-153654,Avery Durable Slant Ring Binders,Office Supplies,8.0,2.38,70.0,South
2015-12-04,CA-2015-155600,GBC Ibimaster 500 Manual ProClick Binding System,Office Supplies,7.0,228.29,70.0,South
2015-12-04,CA-2015-155600,Deluxe Chalkboard Eraser Cleaner,Office Supplies,4.0,9.24,20.0,South
2017-12-11,CA-2017-162565,Xerox 21,Office Supplies,2.0,5.18,20.0,Central
2017-12-11,CA-2017-162565,Electrix Halogen Magnifier Lamp,Furniture,1.0,77.72,60.0,Central
2017-12-11,CA-2017-162565,GuestStacker Chair with Chrome Finish Legs,Furniture,2.0,260.23,30.0,Central
2016-05-21,CA-2016-127642,Easy-staple paper,Office Supplies,2.0,55.98,0.0,East
2017-02-17,US-2017-163195,KLD Oscar II Style Snap-on Ultra Thin Side Flip Synthetic Leather Cover Case for HTC One HTC M7,Technology,3.0,9.72,0.0,South
2017-05-20,CA-2017-111332,Boston 1645 Deluxe Heavier-Duty Electric Pencil Sharpener,Office Supplies,3.0,43.98,0.0,Central
2017-05-20,CA-2017-111332,"BIC Brite Liner Highlighters, Chisel Tip",Office Supplies,4.0,6.48,0.0,Central
2017-05-20,CA-2017-111332,Fellowes High-Stak Drawer Files,Office Supplies,4.0,176.19,0.0,Central
2017-05-20,CA-2017-111332,Staples,Office Supplies,3.0,2.47,0.0,Central
2017-05-20,CA-2017-111332,"Binney & Smith inkTank Desk Highlighter, Chisel Tip, Yellow, 12/Box",Office Supplies,10.0,2.15,0.0,Central
2017-09-11,CA-2017-117044,Acco Hot Clips Clips to Go,Office Supplies,4.0,2.63,20.0,Central
2017-09-11,CA-2017-117044,Xerox 1927,Office Supplies,6.0,3.42,20.0,Central
2016-11-05,US-2016-165078,Premium Transparent Presentation Covers by GBC,Office Supplies,5.0,20.98,0.0,Central
2016-11-05,US-2016-165078,Prismacolor Color Pencil Set,Office Supplies,2.0,19.84,0.0,Central
2016-11-05,US-2016-165078,Avery 503,Office Supplies,5.0,10.35,0.0,Central
2017-07-23,US-2017-169320,"Quartet Omega Colored Chalk, 12/Pack",Office Supplies,2.0,5.84,0.0,Central
2017-07-23,US-2017-169320,"Memorex 25GB 6X Branded Blu-Ray Recordable Disc, 30/Pack",Technology,5.0,31.95,0.0,Central
2016-11-18,CA-2016-158575,Holmes 99% HEPA Air Purifier,Office Supplies,6.0,17.33,20.0,East
2014-04-25,CA-2014-166954,"Tenex Traditional Chairmats for Medium Pile Carpet, Standard Lip, 36"" x 48""",Furniture,5.0,60.65,0.0,West
2014-04-25,CA-2014-166954,Kensington 6 Outlet MasterPiece HOMEOFFICE Power Control Center,Office Supplies,3.0,90.24,0.0,West
2014-04-25,CA-2014-166954,GuestStacker Chair with Chrome Finish Legs,Furniture,5.0,297.41,20.0,West
2015-11-30,CA-2015-140830,"#10- 4 1/8"" x 9 1/2"" Recycled Envelopes",Office Supplies,2.0,8.74,0.0,South
2015-11-30,CA-2015-140830,"Tyvek  Top-Opening Peel & Seel  Envelopes, Gray",Office Supplies,2.0,35.94,0.0,South
2015-10-25,CA-2015-152891,Boston 19500 Mighty Mite Electric Pencil Sharpener,Office Supplies,3.0,20.15,0.0,West
2015-10-25,CA-2015-152891,Balt Solid Wood Rectangular Table,Furniture,3.0,84.39,20.0,West
2015-07-20,US-2015-122784,Avery Durable Binders,Office Supplies,5.0,0.58,80.0,Central
2015-07-20,US-2015-122784,O'Sullivan Cherrywood Estates Traditional Barrister Bookcase,Furniture,4.0,96.24,30.0,Central
2015-07-20,US-2015-122784,Pyle PMP37LED,Technology,2.0,76.79,20.0,Central
2015-07-20,US-2015-122784,"Atlantic Metals Mobile 3-Shelf Bookcases, Custom Colors",Furniture,5.0,182.69,30.0,Central
2016-10-27,CA-2016-156811,Staple holder,Office Supplies,4.0,10.98,0.0,West
2016-10-27,CA-2016-156811,"Acco Data Flex Cable Posts For Top & Bottom Load Binders, 6"" Capacity",Office Supplies,3.0,8.34,20.0,West
2017-11-20,CA-2017-111556,Xerox 1968,Office Supplies,7.0,6.68,0.0,East
2017-11-20,CA-2017-111556,"Sauder Camden County Collection Libraries, Planked Cherry Finish",Furniture,2.0,91.98,20.0,East
2017-11-20,CA-2017-111556,Samsung Galaxy Mega 6.3,Technology,3.0,419.99,0.0,East
2017-11-20,CA-2017-111556,Boston KS Multi-Size Manual Pencil Sharpener,Office Supplies,3.0,22.99,0.0,East
2016-09-08,CA-2016-108868,Boston 1645 Deluxe Heavier-Duty Electric Pencil Sharpener,Office Supplies,2.0,35.18,20.0,Central
2016-09-08,CA-2016-108868,"Belkin SportFit Armband For iPhone 5s/5c, Fuchsia",Technology,5.0,11.99,20.0,Central
2014-07-20,CA-2014-142965,Fellowes Neat Ideas Storage Cubes,Office Supplies,1.0,25.98,20.0,East
2014-07-20,CA-2014-142965,Ibico Plastic Spiral Binding Combs,Office Supplies,3.0,9.12,70.0,East
2016-11-15,CA-2016-148740,Polycom SoundPoint IP 450 VoIP phone,Technology,2.0,180.69,20.0,West
2014-07-07,US-2014-138758,"Global High-Back Leather Tilter, Burgundy",Furniture,2.0,86.09,30.0,East
2014-07-07,US-2014-138758,"Howard Miller 11-1/2"" Diameter Grantwood Wall Clock",Furniture,2.0,34.5,20.0,East
2016-03-17,CA-2016-131737,"Blue String-Tie & Button Interoffice Envelopes, 10 x 13",Office Supplies,5.0,39.98,0.0,East
2016-03-17,CA-2016-131737,Honeywell Enviracaire Portable HEPA Air Cleaner for 17' x 22' Room,Office Supplies,3.0,300.65,0.0,East
2016-03-17,CA-2016-131737,Electrix Halogen Magnifier Lamp,Furniture,5.0,194.3,0.0,East
2016-12-26,CA-2016-114538,SANFORD Major Accent Highlighters,Office Supplies,2.0,5.66,20.0,West
2014-09-02,CA-2014-127936,SANFORD Major Accent Highlighters,Office Supplies,3.0,7.08,0.0,East
2015-07-05,CA-2015-164336,HP Standard 104 key PS/2 Keyboard,Technology,3.0,11.6,20.0,East
2015-07-05,CA-2015-164336,Acco Perma 4000 Stacking Storage Drawers,Office Supplies,3.0,12.99,20.0,East
2016-11-20,CA-2016-100041,"Ampad Poly Cover Wirebound Steno Book, 6"" x 9"" Assorted Colors, Gregg Ruled",Office Supplies,2.0,4.54,0.0,Central
2016-11-20,CA-2016-100041,Xerox 189,Office Supplies,3.0,104.85,0.0,Central
2016-11-20,CA-2016-100041,"Pressboard Covers with Storage Hooks, 9 1/2"" x 11"", Light Blue",Office Supplies,1.0,4.91,0.0,Central
2014-05-06,US-2014-154879,Staple-on labels,Office Supplies,2.0,2.89,0.0,West
2014-05-06,US-2014-154879,Model L Table or Wall-Mount Pencil Sharpener,Office Supplies,6.0,17.99,0.0,West
2014-06-21,CA-2014-130624,"Message Book, Phone, Wirebound Standard Line Memo, 2 3/4"" X 5""",Office Supplies,3.0,6.55,0.0,East
2014-06-21,CA-2014-130624,GE 2-Jack Phone Line Splitter,Technology,3.0,205.99,0.0,East
2014-06-21,CA-2014-130624,"Holmes Cool Mist Humidifier for the Whole House with 8-Gallon Output per Day, Extended Life Filter",Office Supplies,3.0,19.9,0.0,East
2017-08-19,CA-2017-132339,Fellowes PB300 Plastic Comb Binding Machine,Office Supplies,1.0,387.99,0.0,East
2014-11-29,CA-2014-153983,Wilson SignalBoost 841262 DB PRO Amplifier Kit,Technology,2.0,287.96,20.0,West
2014-11-29,CA-2014-153983,Staples,Office Supplies,5.0,6.08,0.0,West
2017-04-09,CA-2017-112900,GBC Recycled Regency Composition Covers,Office Supplies,8.0,59.78,0.0,Central
2014-12-20,CA-2014-160157,Eldon Cleatmat Plus Chair Mats for High Pile Carpets,Furniture,3.0,63.62,20.0,East
2014-12-17,CA-2014-139633,Newell 3-Hole Punched Plastic Slotted Magazine Holders for Binders,Office Supplies,4.0,1.37,70.0,East
2015-11-17,CA-2015-163090,Acme Box Cutter Scissors,Office Supplies,5.0,8.18,20.0,Central
2014-03-04,CA-2014-117016,"BIC Brite Liner Highlighters, Chisel Tip",Office Supplies,3.0,5.18,20.0,South
2017-05-18,CA-2017-159464,"Acco Six-Outlet Power Strip, 4' Cord Length",Office Supplies,2.0,8.62,0.0,South
2017-05-18,CA-2017-159464,Hon 4-Shelf Metal Bookcases,Furniture,3.0,100.98,0.0,South
2017-05-18,CA-2017-159464,QVS USB Car Charger 2-Port 2.1Amp for iPod/iPhone/iPad/iPad 2/iPad 3,Technology,5.0,6.95,0.0,South
2017-05-18,CA-2017-159464,Poly Designer Cover & Back,Office Supplies,6.0,18.99,0.0,South
2017-05-18,CA-2017-159464,Apple EarPods with Remote and Mic,Technology,2.0,27.99,0.0,South
2017-09-22,US-2017-103226,Southworth 25% Cotton Linen-Finish Paper & Envelopes,Office Supplies,3.0,9.06,0.0,West
2017-03-21,CA-2017-119452,"Global Leather and Oak Executive Chair, Black",Furniture,6.0,300.98,0.0,Central
2017-09-14,CA-2017-147725,Boston Home & Office Model 2000 Electric Pencil Sharpeners,Office Supplies,3.0,23.65,0.0,East
2016-11-03,CA-2016-168893,Advantus Plastic Paper Clips,Office Supplies,4.0,5.0,0.0,South
2016-11-03,CA-2016-168893,Economy #2 Pencils,Office Supplies,3.0,2.66,0.0,South
2016-11-03,CA-2016-168893,Magna Visual Magnetic Picture Hangers,Furniture,5.0,4.82,0.0,South
2016-11-03,CA-2016-168893,Boston 16750 Black Compact Battery Pencil Sharpener,Office Supplies,1.0,8.75,0.0,South
2016-11-03,CA-2016-168893,Global Adaptabilities Conference Tables,Furniture,3.0,280.98,0.0,South
2016-05-03,CA-2016-163398,Heavy-Duty E-Z-D Binders,Office Supplies,1.0,2.18,80.0,Central
2016-05-03,CA-2016-163398,Newell 316,Office Supplies,7.0,3.91,20.0,Central
2016-05-03,CA-2016-163398,Acco Smartsocket Color-Coded Six-Outlet AC Adapter Model Surge Protectors,Office Supplies,3.0,8.8,80.0,Central
2016-12-27,CA-2016-162726,Xerox 214,Office Supplies,2.0,5.18,20.0,Central
2016-12-27,CA-2016-162726,"It's Hot Message Books with Stickers, 2 3/4"" x 5""",Office Supplies,4.0,5.92,20.0,Central
2016-07-22,US-2016-111290,Plantronics Audio 995 Wireless Stereo Headset,Technology,1.0,109.95,0.0,Central
2016-07-22,US-2016-111290,Fellowes Staxonsteel Drawer Files,Office Supplies,5.0,193.17,0.0,Central
2016-07-22,US-2016-111290,Avery Hi-Liter Smear-Safe Highlighters,Office Supplies,5.0,5.84,0.0,Central
2016-07-22,US-2016-111290,Xerox 192,Office Supplies,5.0,6.48,0.0,Central
2014-11-16,US-2014-147704,"#10 White Business Envelopes,4 1/8 x 9 1/2",Office Supplies,5.0,15.67,0.0,Central
2014-11-16,US-2014-147704,Xerox 1954,Office Supplies,6.0,5.28,0.0,Central
2014-11-16,US-2014-147704,Wilson Jones Active Use Binders,Office Supplies,4.0,7.28,0.0,Central
2014-11-16,US-2014-147704,"File Shuttle II and Handi-File, Black",Office Supplies,5.0,33.89,0.0,Central
2015-06-19,CA-2015-121965,Eldon 200 Class Desk Accessories,Furniture,2.0,6.28,0.0,West
2015-06-19,CA-2015-121965,Xerox 231,Office Supplies,1.0,6.48,0.0,West
2015-06-19,CA-2015-121965,Cameo Buff Policy Envelopes,Office Supplies,3.0,62.23,0.0,West
2016-07-04,CA-2016-147137,"Master Caster Door Stop, Brown",Furniture,5.0,5.08,0.0,West
2016-07-04,CA-2016-147137,"Inter-Office Recycled Envelopes, Brown Kraft, Button-String,10"" x 13"" , 100/Box",Office Supplies,2.0,21.98,0.0,West
2016-07-04,CA-2016-147137,"Atlantic Metals Mobile 5-Shelf Bookcases, Custom Colors",Furniture,5.0,255.83,15.0,West
2016-07-04,CA-2016-147137,Eldon Shelf Savers Cubes and Bins,Office Supplies,4.0,6.98,0.0,West
2015-09-03,US-2015-146745,Office Star - Ergonomically Designed Knee Chair,Furniture,2.0,64.78,20.0,West
2015-09-03,US-2015-146745,"Avery Durable Slant Ring Binders, No Labels",Office Supplies,2.0,3.18,20.0,West
2017-08-07,CA-2017-115175,Xerox 1891,Office Supplies,5.0,48.91,0.0,West
2017-03-13,CA-2017-105851,Martin Yale Chadless Opener Electric Letter Opener,Office Supplies,2.0,666.25,20.0,West
2017-09-28,US-2017-125717,Dana Halogen Swing-Arm Architect Lamp,Furniture,1.0,32.78,20.0,West
2017-09-28,US-2017-125717,"Gould Plastics 18-Pocket Panel Bin, 34w x 5-1/4d x 20-1/2h",Office Supplies,2.0,73.59,20.0,West
2017-09-28,US-2017-125717,Lenovo 17-Key USB Numeric Keypad,Technology,2.0,27.19,20.0,West
2017-09-28,US-2017-125717,GBC DocuBind P50 Personal Binding Machine,Office Supplies,4.0,19.19,70.0,West
2017-09-28,US-2017-125717,Xerox 1992,Office Supplies,3.0,4.78,20.0,West
2017-09-28,US-2017-125717,Kensington 7 Outlet MasterPiece HOMEOFFICE Power Control Center,Office Supplies,2.0,104.9,20.0,West
2015-08-07,CA-2015-163895,"ACCOHIDE 3-Ring Binder, Blue, 1""",Office Supplies,1.0,3.3,20.0,West
2017-11-24,CA-2017-168641,"Crayola Anti Dust Chalk, 12/Pack",Office Supplies,9.0,1.82,0.0,East
2017-11-24,CA-2017-168641,Ames Color-File Green Diamond Border X-ray Mailers,Office Supplies,2.0,83.98,0.0,East
2017-11-24,CA-2017-168641,O'Sullivan Plantations 2-Door Library in Landvery Oak,Furniture,2.0,160.78,20.0,East
2017-11-24,CA-2017-168641,Xerox 214,Office Supplies,2.0,6.48,0.0,East
2017-05-08,CA-2017-156895,"Global Armless Task Chair, Royal Blue",Furniture,3.0,42.69,30.0,East
2017-09-29,CA-2017-121300,"Global Wood Trimmed Manager's Task Chair, Khaki",Furniture,1.0,63.69,30.0,East
2017-09-29,CA-2017-121300,Logitech G700s Rechargeable Gaming Mouse,Technology,3.0,79.99,20.0,East
2017-09-29,CA-2017-121300,Riverside Furniture Stanwyck Manor Table Series,Furniture,2.0,172.11,40.0,East
2017-09-29,CA-2017-121300,Xerox 227,Office Supplies,3.0,5.18,20.0,East
2017-09-29,CA-2017-121300,G.E. Longer-Life Indoor Recessed Floodlight Bulbs,Furniture,4.0,5.31,20.0,East
2017-09-29,CA-2017-121300,Xerox 1928,Office Supplies,2.0,4.22,20.0,East
2017-10-22,CA-2017-130211,Fellowes Recycled Storage Drawers,Office Supplies,3.0,111.03,0.0,Central
2017-10-22,CA-2017-130211,Bevis 36 x 72 Conference Tables,Furniture,2.0,124.49,0.0,Central
2014-03-24,CA-2014-147235,Xerox 190,Office Supplies,5.0,4.98,0.0,East
2016-11-03,CA-2016-109365,Stockwell Push Pins,Office Supplies,7.0,2.18,0.0,West
2016-11-03,CA-2016-109365,Holmes 99% HEPA Air Purifier,Office Supplies,2.0,21.66,0.0,West
2016-11-03,CA-2016-109365,"Avery Durable Plastic 1"" Binders",Office Supplies,12.0,3.63,20.0,West
2016-11-03,CA-2016-109365,Xerox 1892,Office Supplies,3.0,38.76,0.0,West
2016-11-03,CA-2016-109365,Fellowes Black Plastic Comb Bindings,Office Supplies,2.0,4.65,20.0,West
2016-11-03,CA-2016-109365,Xerox 22,Office Supplies,3.0,6.48,0.0,West
2016-11-03,CA-2016-109365,Multicolor Computer Printout Paper,Office Supplies,3.0,104.85,0.0,West
2015-09-05,CA-2015-162621,"Acco Flexible ACCOHIDE Square Ring Data Binder, Dark Blue, 11 1/2"" X 14"" 7/8""",Office Supplies,5.0,3.25,80.0,Central
2015-09-05,CA-2015-162621,Stiletto Hand Letter Openers,Office Supplies,9.0,7.68,20.0,Central
2015-09-05,CA-2015-162621,"Acco Four Pocket Poly Ring Binder with Label Holder, Smoke, 1""",Office Supplies,3.0,1.49,80.0,Central
2017-08-14,CA-2017-105921,Chromcraft Round Conference Tables,Furniture,3.0,139.43,20.0,West
2014-12-01,CA-2014-150798,Sharp 1540cs Digital Laser Copier,Technology,2.0,329.99,40.0,East
2014-12-01,CA-2014-150798,"Master Caster Door Stop, Brown",Furniture,2.0,4.06,20.0,East
2014-12-01,CA-2014-150798,Xerox 214,Office Supplies,7.0,5.18,20.0,East
2014-12-01,CA-2014-150798,Hon Multipurpose Stacking Arm Chairs,Furniture,6.0,151.62,30.0,East
2017-06-18,CA-2017-112753,"Bush Andora Bookcase, Maple/Graphite Gray Finish",Furniture,9.0,101.99,15.0,West
2017-06-18,CA-2017-112753,Xerox 1930,Office Supplies,6.0,6.48,0.0,West
2017-12-02,CA-2017-155075,GBC DocuBind 300 Electric Binding Machine,Office Supplies,4.0,157.79,70.0,East
2014-11-21,CA-2014-103401,Xerox 211,Office Supplies,2.0,6.48,0.0,West
2016-04-10,CA-2016-124814,Xerox 227,Office Supplies,2.0,6.48,0.0,West
2016-04-10,CA-2016-124814,"Wilson Jones Clip & Carry Folder Binder Tool for Ring Binders, Clear",Office Supplies,5.0,4.64,20.0,West
2014-06-30,CA-2014-116757,Xerox 225,Office Supplies,5.0,5.18,20.0,Central
2014-06-30,CA-2014-116757,Staples,Office Supplies,6.0,3.55,20.0,Central
2014-12-24,US-2014-138247,Seidio BD2-HK3IPH5-BK DILEX Case and Holster Combo for Apple iPhone 5/5s - Black,Technology,7.0,24.81,20.0,West
2014-12-24,US-2014-138247,Avanti 4.4 Cu. Ft. Refrigerator,Office Supplies,2.0,180.98,0.0,West
2014-12-24,US-2014-138247,Sony 32GB Class 10 Micro SDHC R40 Memory Card,Technology,3.0,20.95,0.0,West
2014-12-24,US-2014-138247,Cisco Unified IP Phone 7945G VoIP phone,Technology,3.0,272.79,20.0,West
2014-12-24,US-2014-138247,Tennsco Commercial Shelving,Office Supplies,1.0,20.34,0.0,West
2014-12-24,US-2014-138247,"Westinghouse Floor Lamp with Metal Mesh Shade, Black",Furniture,1.0,23.99,0.0,West
2017-05-23,CA-2017-167003,"Lesro Sheffield Collection Coffee Table, End Table, Center Table, Corner Table",Furniture,3.0,57.1,20.0,West
2016-11-10,CA-2016-119935,3M Polarizing Light Filter Sleeves,Furniture,2.0,18.65,0.0,Central
2016-11-10,CA-2016-119935,"Wilson Jones Ledger-Size, Piano-Hinge Binder, 2"", Blue",Office Supplies,2.0,40.98,0.0,Central
2016-10-02,CA-2016-118969,"Premier Elliptical Ring Binder, Black",Office Supplies,6.0,9.13,70.0,West
2016-09-06,CA-2016-145240,"Tenex Personal Project File with Scoop Front Design, Black",Office Supplies,1.0,10.78,20.0,Central
2016-10-27,CA-2016-120873,Global Executive Mid-Back Manager's Chair,Furniture,1.0,290.98,0.0,South
2017-10-22,US-2017-111920,Dixon Ticonderoga Core-Lock Colored Pencils,Office Supplies,4.0,9.11,0.0,Central
2016-09-15,US-2016-128678,"TOPS ""Important Message"" Pads, Canary, 4-1/4 x 5-1/2, 50 Sheets per Pad",Office Supplies,5.0,4.28,0.0,West
2016-09-15,US-2016-128678,"Cardinal Slant-D Ring Binder, Heavy Gauge Vinyl",Office Supplies,7.0,6.95,20.0,West
2016-09-25,CA-2016-101385,BIC Brite Liner Highlighters,Office Supplies,4.0,4.14,0.0,West
2017-06-10,CA-2017-107167,"24 Capacity Maxi Data Binder Racks, Pearl",Office Supplies,8.0,168.44,20.0,South
2014-02-20,CA-2014-109491,Enermax Briskie RF Wireless Keyboard and Mouse Combo,Technology,3.0,20.77,0.0,Central
2014-02-20,CA-2014-109491,"Master Caster Door Stop, Brown",Furniture,4.0,5.08,0.0,Central
2017-02-20,CA-2017-105445,Staples,Office Supplies,3.0,3.14,20.0,West
2014-11-02,CA-2014-107454,Avery 499,Office Supplies,7.0,4.98,0.0,East
2014-11-02,CA-2014-107454,Tensor Computer Mounted Lamp,Furniture,6.0,14.89,0.0,East
2017-07-17,US-2017-105046,Avaya 5420 Digital phone,Technology,2.0,134.99,0.0,East
2017-07-17,US-2017-105046,Southworth 25% Cotton Premium Laser Paper and Envelopes,Office Supplies,5.0,19.98,0.0,East
2017-07-17,US-2017-105046,DAX Solid Wood Frames,Furniture,4.0,9.77,0.0,East
2017-09-08,CA-2017-152856,Memorex Micro Travel Drive 32 GB,Technology,4.0,29.21,20.0,East
2016-11-14,CA-2016-134691,Binder Posts,Office Supplies,2.0,1.15,80.0,Central
2016-11-14,CA-2016-118759,Hon GuestStacker Chair,Furniture,2.0,204.0,10.0,East
2016-11-14,CA-2016-118759,"Tenex Personal Project File with Scoop Front Design, Black",Office Supplies,3.0,13.48,0.0,East
2014-10-10,CA-2014-140403,"Global Deluxe Stacking Chair, Gray",Furniture,3.0,40.78,20.0,West
2014-10-10,CA-2014-140403,"#10- 4 1/8"" x 9 1/2"" Security-Tint Envelopes",Office Supplies,2.0,7.64,0.0,West
2015-03-19,CA-2015-163104,Xerox 1974,Office Supplies,2.0,5.98,0.0,West
2017-07-08,CA-2017-138464,"Master Big Foot Doorstop, Beige",Furniture,3.0,5.28,0.0,West
2017-07-08,CA-2017-138464,GBC VeloBinder Manual Binding System,Office Supplies,3.0,28.79,20.0,West
2017-07-08,CA-2017-138464,Zebra Zazzle Fluorescent Highlighters,Office Supplies,3.0,6.08,0.0,West
2017-07-08,CA-2017-138464,Crayola Colored Pencils,Office Supplies,4.0,3.28,0.0,West
2015-02-27,CA-2015-104129,i.Sound Portable Power - 8000 mAh,Technology,2.0,52.99,0.0,East
2015-02-27,CA-2015-104129,"Barricks 18"" x 48"" Non-Folding Utility Table with Bottom Storage Shelf",Furniture,7.0,70.56,30.0,East
2017-06-16,US-2017-132206,Storex DuraTech Recycled Plastic Frosted Binders,Office Supplies,7.0,0.85,80.0,Central
2017-03-30,CA-2017-113474,Multimedia Mailers,Office Supplies,2.0,162.93,0.0,Central
2015-07-12,CA-2015-126557,"Global Push Button Manager's Chair, Indigo",Furniture,9.0,42.62,30.0,Central
2015-07-12,CA-2015-126557,Geemarc AmpliPOWER60,Technology,2.0,74.24,20.0,Central
2015-07-12,CA-2015-126557,Vtech CS6719,Technology,7.0,76.79,20.0,Central
2015-07-12,CA-2015-126557,Tuff Stuff Recycled Round Ring Binders,Office Supplies,2.0,0.96,80.0,Central
2015-07-12,CA-2015-126557,Newell 32,Office Supplies,3.0,2.3,20.0,Central
2015-07-12,CA-2015-126557,"Floodlight Indoor Halogen Bulbs, 1 Bulb per Pack, 60 Watts",Furniture,1.0,7.76,60.0,Central
2015-07-12,CA-2015-126557,GE 2-Jack Phone Line Splitter,Technology,4.0,164.79,20.0,Central
2017-04-30,US-2017-107636,Avery 5,Office Supplies,2.0,2.88,0.0,East
2014-07-13,US-2014-165862,Bevis Round Conference Table Top & Single Column Base,Furniture,3.0,117.07,20.0,West
2014-12-27,US-2014-106334,Bevis Steel Folding Chairs,Furniture,3.0,76.76,20.0,West
2014-12-27,US-2014-106334,Xerox 1927,Office Supplies,3.0,4.28,0.0,West
2016-02-27,CA-2016-101448,Flexible Leather- Look Classic Collection Ring Binder,Office Supplies,3.0,18.94,0.0,Central
2015-03-23,CA-2015-130218,Staples,Office Supplies,4.0,7.89,0.0,South
2015-03-23,CA-2015-130218,Eldon Shelf Savers Cubes and Bins,Office Supplies,4.0,6.98,0.0,South
2017-10-21,US-2017-117331,Lock-Up Easel 'Spel-Binder',Office Supplies,1.0,8.56,70.0,West
2014-12-31,CA-2014-127383,Staple envelope,Office Supplies,2.0,24.78,20.0,Central
2014-05-05,CA-2014-110219,"Global Value Mid-Back Manager's Chair, Gray",Furniture,3.0,42.62,30.0,Central
2015-12-04,CA-2015-118871,Tyvek Side-Opening Peel & Seel Expanding Envelopes,Office Supplies,3.0,90.48,0.0,West
2015-12-04,CA-2015-118871,Jensen SMPS-640 - speaker phone,Technology,3.0,36.78,20.0,West
2015-12-04,CA-2015-118871,"Master Caster Door Stop, Large Brown",Furniture,5.0,7.28,0.0,West
2017-09-26,CA-2017-129490,"Office Star - Contemporary Task Swivel chair with Loop Arms, Charcoal",Furniture,4.0,104.78,20.0,South
2014-12-09,CA-2014-101175,Acco Perma 3000 Stacking Storage Drawers,Office Supplies,6.0,16.78,20.0,West
2017-12-03,US-2017-149510,Belkin F9H710-06 7 Outlet SurgeMaster Surge Protector,Office Supplies,3.0,15.07,20.0,South
2017-12-03,US-2017-149510,"GBC Pre-Punched Binding Paper, Plastic, White, 8-1/2"" x 11""",Office Supplies,6.0,4.8,70.0,South
2017-12-03,US-2017-149510,"Rediform Wirebound ""Phone Memo"" Message Book, 11 x 5-3/4",Office Supplies,4.0,6.11,20.0,South
2015-11-08,CA-2015-111990,Wilson Jones Leather-Like Binders with DublLock Round Rings,Office Supplies,6.0,1.75,80.0,Central
2014-04-19,CA-2014-169460,"Executive Impressions 13"" Chairman Wall Clock",Furniture,3.0,25.38,0.0,West
2015-05-25,US-2015-152128,SANFORD Major Accent Highlighters,Office Supplies,3.0,7.08,0.0,Central
2015-05-25,US-2015-152128,GBC DocuBind P50 Personal Binding Machine,Office Supplies,2.0,63.98,0.0,Central
2017-07-17,CA-2017-126662,Brother DCP1000 Digital 3 in 1 Multifunction Machine,Technology,2.0,239.99,20.0,West
2016-12-12,CA-2016-139395,Jabra SPEAK 410,Technology,7.0,93.99,0.0,Central
2016-12-12,CA-2016-139395,Westinghouse Clip-On Gooseneck Lamps,Furniture,4.0,8.37,0.0,Central
2016-12-12,CA-2016-139395,Newell 333,Office Supplies,5.0,2.78,0.0,Central
2016-12-12,CA-2016-139395,Fellowes Desktop Hanging File Manager,Office Supplies,2.0,13.43,0.0,Central
2014-04-11,US-2014-121734,GBC Personal VeloBind Strips,Office Supplies,1.0,9.58,20.0,West
2015-06-09,CA-2015-110947,Vinyl Sectional Post Binders,Office Supplies,3.0,37.7,0.0,South
2014-07-27,US-2014-150126,Xerox 1956,Office Supplies,11.0,5.98,0.0,East
2015-07-31,CA-2015-164427,Microsoft Sculpt Comfort Mouse,Technology,6.0,39.95,0.0,South
2016-09-19,CA-2016-120250,Nu-Dell Oak Frame,Furniture,3.0,8.54,20.0,East
2016-06-10,CA-2016-121993,Avery 487,Office Supplies,8.0,2.95,20.0,East
2016-08-26,US-2016-100405,Newell Chalk Holder,Office Supplies,2.0,4.13,0.0,West
2017-11-02,US-2017-163790,"White Business Envelopes with Contemporary Seam, Recycled White Business Envelopes",Office Supplies,7.0,10.94,0.0,West
2017-11-02,US-2017-163790,Nontoxic Chalk,Office Supplies,5.0,1.76,0.0,West
2017-11-02,US-2017-163790,GBC Therma-A-Bind 250T Electric Binding System,Office Supplies,6.0,98.39,20.0,West
2017-11-02,US-2017-163790,"Super Bands, 12/Pack",Office Supplies,3.0,1.86,0.0,West
2017-11-02,US-2017-163790,Document Clip Frames,Furniture,3.0,8.34,0.0,West
2017-11-02,US-2017-163790,Space Solutions Commercial Steel Shelving,Office Supplies,7.0,64.65,0.0,West
2016-12-26,CA-2016-129868,Fiskars Home & Office Scissors,Office Supplies,2.0,8.88,0.0,West
2016-12-26,CA-2016-129868,Mitel 5320 IP Phone VoIP phone,Technology,2.0,151.19,20.0,West
2016-12-26,CA-2016-129868,"Global Armless Task Chair, Royal Blue",Furniture,3.0,48.78,20.0,West
2016-12-26,CA-2016-129868,"Hoover Replacement Belts For Soft Guard & Commercial Ltweight Upright Vacs, 2/Pk",Office Supplies,2.0,3.95,0.0,West
2016-12-26,CA-2016-129868,Bretford Rectangular Conference Table Tops,Furniture,3.0,300.9,20.0,West
2016-12-26,CA-2016-129868,Model L Table or Wall-Mount Pencil Sharpener,Office Supplies,3.0,17.99,0.0,West
2016-12-05,CA-2016-140564,"BIC Brite Liner Grip Highlighters, Assorted, 5/Pack",Office Supplies,8.0,4.24,0.0,East
2017-08-28,US-2017-169502,Acme Stainless Steel Office Snips,Office Supplies,3.0,7.27,0.0,Central
2017-08-28,US-2017-169502,Acco 6 Outlet Guardian Premium Plus Surge Suppressor,Office Supplies,5.0,18.32,0.0,Central
2015-07-16,CA-2015-146948,"Global Manager's Adjustable Task Chair, Storm",Furniture,1.0,150.98,0.0,East
2015-07-16,CA-2015-146948,"White Envelopes, White Envelopes with Clear Poly Window",Office Supplies,9.0,15.25,0.0,East
2015-07-16,CA-2015-146948,"Acco Banker's Clasps, 5 3/4""-Long",Office Supplies,4.0,2.88,0.0,East
2015-05-26,US-2015-113327,Xerox 1991,Office Supplies,1.0,18.27,20.0,South
2015-05-26,US-2015-113327,Xerox 1937,Office Supplies,4.0,38.43,20.0,South
2015-05-26,US-2015-113327,Security-Tint Envelopes,Office Supplies,2.0,6.11,20.0,South
2015-05-26,US-2015-113327,Logitech 910-002974 M325 Wireless Mouse for Web Scrolling,Technology,7.0,23.99,20.0,South
2015-05-28,CA-2015-135020,Panasonic Kx-TS550,Technology,1.0,45.99,0.0,East
2015-05-28,CA-2015-135020,"Hot File 7-Pocket, Floor Stand",Office Supplies,3.0,178.47,0.0,East
2015-05-28,CA-2015-135020,"Acco Pressboard Covers with Storage Hooks, 9 1/2"" x 11"", Executive Red",Office Supplies,2.0,3.05,20.0,East
2015-05-28,CA-2015-135020,Xerox 219,Office Supplies,7.0,6.48,0.0,East
2017-11-09,US-2017-141852,Eldon Wave Desk Accessories,Furniture,8.0,5.89,0.0,West
2016-01-24,CA-2016-109407,XtraLife ClearVue Slant-D Ring Binders by Cardinal,Office Supplies,4.0,7.84,0.0,South
2016-12-31,US-2017-165953,Newell 345,Office Supplies,3.0,15.87,20.0,South
2016-12-31,US-2017-165953,Things To Do Today Pad,Office Supplies,5.0,4.7,20.0,South
2016-09-05,CA-2016-144540,"Eureka The Boss Plus 12-Amp Hard Box Upright Vacuum, Red",Office Supplies,3.0,20.93,80.0,Central
2016-09-05,CA-2016-144540,Advantus Map Pennant Flags and Round Head Tacks,Office Supplies,9.0,3.16,20.0,Central
2015-09-04,CA-2015-159863,Sony Micro Vault Click 16 GB USB 2.0 Flash Drive,Technology,3.0,44.79,20.0,Central
2015-09-21,CA-2015-117800,Polycom VoiceStation 500 Conference phone,Technology,2.0,294.95,0.0,East
2015-09-21,CA-2015-117800,Global Ergonomic Managers Chair,Furniture,3.0,180.98,0.0,East
2017-12-24,CA-2017-145219,Hewlett Packard LaserJet 3310 Copier,Technology,6.0,479.99,20.0,West
2017-12-24,CA-2017-145219,Vinyl Sectional Post Binders,Office Supplies,3.0,30.16,20.0,West
2015-10-05,CA-2015-161214,"Personal Filing Tote with Lid, Black/Gray",Office Supplies,5.0,15.51,0.0,East
2017-09-09,CA-2017-147228,Staple remover,Office Supplies,3.0,2.94,20.0,South
2017-09-09,CA-2017-147228,Xerox 1888,Office Supplies,4.0,44.38,20.0,South
2017-09-09,CA-2017-147228,Fellowes Super Stor/Drawer Files,Office Supplies,2.0,129.24,20.0,South
2017-09-09,CA-2017-147228,Eldon Wave Desk Accessories,Furniture,3.0,4.71,20.0,South
2016-11-13,CA-2016-101336,"Tenex File Box, Personal Filing Tote with Lid, Black",Office Supplies,5.0,15.51,0.0,East
2016-11-13,CA-2016-101336,Eldon Simplefile Box Office,Office Supplies,2.0,12.44,0.0,East
2016-11-13,CA-2016-101336,"Boston Electric Pencil Sharpener, Model 1818, Charcoal Black",Office Supplies,5.0,28.15,0.0,East
2016-11-13,CA-2016-101336,Portable Personal File Box,Office Supplies,3.0,12.21,0.0,East
2015-10-15,US-2015-126235,"DAX Cubicle Frames, 8-1/2 x 11",Furniture,2.0,8.57,0.0,Central
2017-08-03,CA-2017-168396,Avery 473,Office Supplies,5.0,10.35,0.0,West
2017-08-03,CA-2017-168396,"Deflect-o EconoMat Studded, No Bevel Mat for Low Pile Carpeting",Furniture,3.0,41.32,0.0,West
2015-08-21,CA-2015-130456,Sauder Camden County Collection Library,Furniture,6.0,97.73,15.0,West
2015-08-21,CA-2015-130456,Carina Double Wide Media Storage Towers in Natural & Black,Office Supplies,1.0,80.98,0.0,West
2017-03-12,CA-2017-116288,Carina Double Wide Media Storage Towers in Natural & Black,Office Supplies,3.0,80.98,0.0,West
2017-04-27,CA-2017-168228,"Boston School Pro Electric Pencil Sharpener, 1670",Office Supplies,4.0,30.98,0.0,West
2017-04-27,CA-2017-168228,Newell Chalk Holder,Office Supplies,3.0,4.13,0.0,West
2017-04-27,CA-2017-168228,Boston Home & Office Model 2000 Electric Pencil Sharpeners,Office Supplies,2.0,23.65,0.0,West
2016-09-11,CA-2016-102162,Canon PC-428 Personal Copier,Technology,8.0,199.99,0.0,South
2016-09-11,CA-2016-102162,#10 Self-Seal White Envelopes,Office Supplies,1.0,11.09,0.0,South
2017-10-22,CA-2017-130141,Storex Flexible Poly Binders with Double Pockets,Office Supplies,4.0,0.79,70.0,West
2017-10-22,CA-2017-130141,Office Star - Ergonomic Mid Back Chair with 2-Way Adjustable Arms,Furniture,4.0,144.78,20.0,West
2015-08-02,CA-2015-147501,Ibico Presentation Index for Binding Systems,Office Supplies,2.0,3.18,20.0,West
2015-08-02,CA-2015-147501,Okidata C331dn Printer,Technology,2.0,279.2,20.0,West
2016-08-12,CA-2016-143910,"Global Geo Office Task Chair, Gray",Furniture,2.0,72.88,10.0,East
2014-05-30,CA-2014-146885,"Ampad Poly Cover Wirebound Steno Book, 6"" x 9"" Assorted Colors, Gregg Ruled",Office Supplies,3.0,4.54,0.0,South
2016-04-26,CA-2016-139556,Office Star - Mid Back Dual function Ergonomic High Back Chair with 2-Way Adjustable Arms,Furniture,3.0,144.88,10.0,East
2017-05-14,CA-2017-129357,Xerox 1917,Office Supplies,9.0,48.91,0.0,West
2017-05-14,CA-2017-129357,Martin-Yale Premier Letter Opener,Office Supplies,5.0,12.88,0.0,West
2017-04-08,CA-2017-150987,Xerox 1891,Office Supplies,5.0,48.91,0.0,West
2017-04-08,CA-2017-150987,Xerox 1942,Office Supplies,4.0,48.94,0.0,West
2017-02-17,CA-2017-132647,"Adams Telephone Message Book W/Dividers/Space For Phone Numbers, 5 1/4""X8 1/2"", 300/Messages",Office Supplies,2.0,5.88,0.0,East
2017-02-17,CA-2017-132647,Fellowes Bases and Tops For Staxonsteel/High-Stak Systems,Office Supplies,5.0,33.29,0.0,East
2017-06-24,CA-2017-159107,"Acco Banker's Clasps, 5 3/4""-Long",Office Supplies,1.0,2.88,0.0,West
2014-05-05,CA-2014-160738,Eldon Portable Mobile Manager,Office Supplies,2.0,22.62,20.0,Central
2015-05-03,CA-2015-112130,"Sanford Prismacolor Professional Thick Lead Art Pencils, 36-Color Set",Office Supplies,2.0,29.95,20.0,East
2015-05-03,CA-2015-112130,"Holmes Replacement Filter for HEPA Air Cleaner, Large Room",Office Supplies,2.0,11.85,20.0,East
2015-05-03,CA-2015-112130,Xerox 1897,Office Supplies,2.0,3.98,20.0,East
2015-05-03,CA-2015-112130,"Bravo II Megaboss 12-Amp Hard Body Upright, Replacement Belts, 2 Belts per Pack",Office Supplies,7.0,2.6,20.0,East
2015-05-03,CA-2015-112130,SanDisk Cruzer 16 GB USB Flash Drive,Technology,3.0,9.18,20.0,East
2015-05-03,CA-2015-112130,"Global Leather Highback Executive Chair with Pneumatic Height Adjustment, Black",Furniture,6.0,140.69,30.0,East
2015-05-03,CA-2015-112130,Fellowes Bankers Box Stor/Drawer Steel Plus,Office Supplies,3.0,25.58,20.0,East
2016-09-18,CA-2016-111409,Avery 480,Office Supplies,1.0,3.0,20.0,South
2016-09-22,CA-2016-116232,Acco Suede Grain Vinyl Round Ring Binder,Office Supplies,9.0,0.83,70.0,South
2016-09-22,CA-2016-116232,"Avery Address/Shipping Labels for Typewriters, 4"" x 2""",Office Supplies,2.0,8.28,20.0,South
2016-01-10,CA-2016-116547,24-Hour Round Wall Clock,Furniture,4.0,19.98,0.0,West
2016-01-10,CA-2016-116547,Logitech Media Keyboard K200,Technology,2.0,34.99,0.0,West
2017-05-06,US-2017-133200,Avery Durable Poly Binders,Office Supplies,10.0,1.11,80.0,Central
2017-05-06,US-2017-133200,"Sauder Mission Library with Doors, Fruitwood Finish",Furniture,7.0,89.07,32.0,Central
2017-05-06,US-2017-133200,Fellowes Staxonsteel Drawer Files,Office Supplies,5.0,154.54,20.0,Central
2016-07-31,CA-2016-133550,Honeywell Quietcare HEPA Air Cleaner,Office Supplies,4.0,70.79,10.0,Central
2016-07-31,CA-2016-133550,ClearOne Communications CHAT 70 OC Speaker Phone,Technology,4.0,158.99,0.0,Central
2016-07-31,CA-2016-133550,Polycom SoundPoint Pro SE-225 Corded phone,Technology,1.0,118.99,0.0,Central
2016-07-31,CA-2016-133550,Eldon ClusterMat Chair Mat with Cordless Antistatic Protection,Furniture,3.0,90.98,0.0,Central
2017-03-27,CA-2017-139416,"Eldon Expressions Punched Metal & Wood Desk Accessories, Black & Cherry",Furniture,2.0,7.5,20.0,East
2014-03-14,CA-2014-114510,GBC Wire Binding Combs,Office Supplies,4.0,8.27,20.0,West
2014-03-14,CA-2014-114510,Carina Double Wide Media Storage Towers in Natural & Black,Office Supplies,1.0,80.98,0.0,West
2014-03-14,CA-2014-114510,Imation 30456 USB Flash Drive 8GB,Technology,12.0,6.9,0.0,West
2014-03-14,CA-2014-114510,Staple magnet,Office Supplies,2.0,10.68,0.0,West
2014-03-14,CA-2014-114510,"Premium Transparent Presentation Covers, No Pattern/Clear, 8 1/2"" x 11""",Office Supplies,2.0,31.02,20.0,West
2016-07-14,CA-2016-169215,Acco Hot Clips Clips to Go,Office Supplies,9.0,3.29,0.0,East
2016-12-01,CA-2016-127698,Jabra Supreme Plus Driver Edition Headset,Technology,9.0,95.99,20.0,South
2016-08-29,CA-2016-159912,"Barricks 18"" x 48"" Non-Folding Utility Table with Bottom Storage Shelf",Furniture,4.0,60.48,40.0,East
2016-08-29,CA-2016-159912,O'Sullivan 5-Shelf Heavy-Duty Bookcases,Furniture,4.0,40.97,50.0,East
2016-08-29,CA-2016-159912,Fellowes Black Plastic Comb Bindings,Office Supplies,2.0,1.74,70.0,East
2016-08-29,CA-2016-159912,Revere Boxed Rubber Bands by Revere,Office Supplies,7.0,1.51,20.0,East
2016-06-24,CA-2016-101987,Panasonic KX TS208W Corded phone,Technology,9.0,48.99,0.0,Central
2017-03-30,US-2017-154851,"Acco Pressboard Covers with Storage Hooks, 14 7/8"" x 11"", Executive Red",Office Supplies,5.0,1.14,70.0,East
2014-12-20,CA-2014-138681,"Computer Room Manger, 14""",Furniture,2.0,25.98,20.0,West
2014-12-20,CA-2014-138681,Logitech 910-002974 M325 Wireless Mouse for Web Scrolling,Technology,3.0,23.99,20.0,West
2014-12-20,CA-2014-138681,Global Low Back Tilter Chair,Furniture,3.0,80.78,20.0,West
2014-12-20,CA-2014-138681,Xerox 1888,Office Supplies,5.0,44.38,20.0,West
2014-12-20,CA-2014-138681,Xerox 1954,Office Supplies,2.0,4.22,20.0,West
2015-12-17,US-2015-138121,GBC Plastic Binding Combs,Office Supplies,4.0,7.38,0.0,Central
2015-12-17,US-2015-138121,Hon Valutask Swivel Chairs,Furniture,3.0,100.98,0.0,Central
2015-12-17,US-2015-138121,Harbour Creations 67200 Series Stacking Chairs,Furniture,2.0,71.18,0.0,Central
2015-12-17,US-2015-138121,"Global Value Steno Chair, Gray",Furniture,9.0,60.74,0.0,Central
2015-12-17,US-2015-138121,"Tenex Carpeted, Granite-Look or Clear Contemporary Contour Shape Chair Mats",Furniture,3.0,70.71,0.0,Central
2017-05-11,CA-2017-140298,Newell 348,Office Supplies,2.0,2.62,20.0,Central
2017-05-11,CA-2017-140298,Safco Commercial Shelving,Office Supplies,2.0,37.21,20.0,Central
2017-05-11,CA-2017-140298,Xerox 1927,Office Supplies,2.0,3.42,20.0,Central
2017-05-11,CA-2017-140298,Telescoping Adjustable Floor Lamp,Furniture,1.0,8.0,60.0,Central
2016-06-24,CA-2016-166240,Holmes HEPA Air Purifier,Office Supplies,2.0,4.36,80.0,Central
2016-05-17,CA-2016-158435,Acme Forged Steel Scissors with Black Enamel Handles,Office Supplies,7.0,9.31,0.0,East
2016-05-17,CA-2016-158435,Avery 519,Office Supplies,2.0,7.31,0.0,East
2016-05-17,CA-2016-158435,Eldon Advantage Chair Mats for Low to Medium Pile Carpets,Furniture,4.0,43.31,0.0,East
2017-06-29,CA-2017-138149,GBC DocuBind TL200 Manual Binding Machine,Office Supplies,5.0,179.18,20.0,West
2017-06-29,CA-2017-138149,"Trav-L-File Heavy-Duty Shuttle II, Black",Office Supplies,3.0,43.57,0.0,West
2017-06-29,CA-2017-138149,Newell 328,Office Supplies,2.0,5.84,0.0,West
2017-06-29,CA-2017-138149,Enermax Briskie RF Wireless Keyboard and Mouse Combo,Technology,3.0,20.77,0.0,West
2014-03-31,CA-2014-112403,Avery Round Ring Poly Binders,Office Supplies,1.0,0.85,70.0,East
2014-12-16,CA-2014-108273,Xerox 224,Office Supplies,7.0,5.18,20.0,Central
2014-12-16,CA-2014-108273,"Tenex Carpeted, Granite-Look or Clear Contemporary Contour Shape Chair Mats",Furniture,2.0,28.28,60.0,Central
2017-05-18,CA-2017-121643,Aastra 6757i CT Wireless VoIP phone,Technology,2.0,172.35,20.0,West
2015-05-12,US-2015-122910,VTech DS6151,Technology,2.0,100.79,20.0,West
2017-12-03,CA-2017-143126,"Bevis Oval Conference Table, Walnut",Furniture,2.0,260.98,0.0,West
2015-12-12,CA-2015-129042,Rogers Handheld Barrel Pencil Sharpener,Office Supplies,3.0,2.74,0.0,East
2015-10-10,CA-2015-109736,Xerox 1894,Office Supplies,7.0,6.48,0.0,West
2015-04-18,CA-2015-142601,"Tennsco Stur-D-Stor Boltless Shelving, 5 Shelves, 24"" Deep, Sand",Office Supplies,7.0,135.31,0.0,West
2015-04-18,CA-2015-142601,Xerox 19,Office Supplies,2.0,30.98,0.0,West
2014-06-07,CA-2014-106229,"Bevis Round Conference Table Top, X-Base",Furniture,3.0,89.64,50.0,Central
2017-09-01,US-2017-135230,Staples in misc. colors,Office Supplies,1.0,7.58,0.0,West
2016-05-22,CA-2016-159653,Avery 493,Office Supplies,3.0,4.91,0.0,South
2016-11-11,CA-2016-131968,Ibico Standard Transparent Covers,Office Supplies,2.0,4.94,70.0,South
2016-11-11,CA-2016-131968,Sanyo 2.5 Cubic Foot Mid-Size Office Refrigerators,Office Supplies,3.0,223.85,20.0,South
2014-11-25,CA-2014-119151,"Tennsco Snap-Together Open Shelving Units, Starter Sets and Add-On Units",Office Supplies,4.0,279.48,0.0,East
2014-11-25,CA-2014-119151,"Sauder Camden County Collection Libraries, Planked Cherry Finish",Furniture,3.0,91.98,20.0,East
2014-11-07,CA-2014-123323,Wilson Jones Legal Size Ring Binders,Office Supplies,7.0,17.59,20.0,West
2016-07-18,CA-2016-124681,SanDisk Cruzer 4 GB USB Flash Drive,Technology,3.0,5.19,20.0,Central
2015-03-29,US-2015-103996,Xerox 1880,Office Supplies,6.0,35.44,0.0,West
2015-03-29,US-2015-103996,Tops Wirebound Message Log Books,Office Supplies,3.0,3.29,0.0,West
2015-03-29,US-2015-103996,Memorex Froggy Flash Drive 8 GB,Technology,3.0,17.75,0.0,West
2015-03-29,US-2015-103996,G.E. Longer-Life Indoor Recessed Floodlight Bulbs,Furniture,3.0,6.64,0.0,West
2016-04-07,CA-2016-120530,"Hon Deluxe Fabric Upholstered Stacking Chairs, Rounded Back",Furniture,3.0,219.58,10.0,East
2015-06-13,CA-2015-155054,"ACCOHIDE 3-Ring Binder, Blue, 1""",Office Supplies,2.0,4.13,0.0,East
2015-06-13,CA-2015-155054,Recycled Easel Ring Binders,Office Supplies,2.0,14.92,0.0,East
2015-06-13,CA-2015-155054,Lenovo 17-Key USB Numeric Keypad,Technology,2.0,33.99,0.0,East
2015-02-18,CA-2015-105725,"Avery 4027 File Folder Labels for Dot Matrix Printers, 5000 Labels per Box, White",Office Supplies,2.0,30.53,0.0,West
2015-02-18,CA-2015-105725,Hon 61000 Series Interactive Training Tables,Furniture,1.0,35.54,20.0,West
2017-11-12,CA-2017-164364,Avery 483,Office Supplies,2.0,4.98,0.0,West
2017-11-12,CA-2017-164364,"Dixon Ticonderoga Maple Cedar Pencil, #2",Office Supplies,3.0,3.07,0.0,West
2017-11-12,CA-2017-164364,Acme Forged Steel Scissors with Black Enamel Handles,Office Supplies,3.0,9.31,0.0,West
2017-03-05,CA-2017-168123,Advantus Map Pennant Flags and Round Head Tacks,Office Supplies,2.0,3.95,0.0,Central
2017-03-05,CA-2017-168123,Recycled Steel Personal File for Standard File Folders,Office Supplies,4.0,55.29,0.0,Central
2017-03-05,CA-2017-168123,GBC ProClick Punch Binding System,Office Supplies,2.0,63.98,0.0,Central
2017-03-05,CA-2017-168123,Avery Hole Reinforcements,Office Supplies,3.0,6.23,0.0,Central
2016-03-03,CA-2016-120005,"Elite 5"" Scissors",Office Supplies,3.0,8.45,0.0,West
2016-03-03,CA-2016-120005,"Executive Impressions 10"" Spectator Wall Clock",Furniture,3.0,11.76,0.0,West
2016-12-24,CA-2016-123526,Xerox 1898,Office Supplies,5.0,6.68,0.0,West
2016-10-07,CA-2016-127649,Okidata C331dn Printer,Technology,3.0,279.2,20.0,West
2016-12-09,CA-2016-159989,ARKON Windshield Dashboard Air Vent Car Mount Holder,Technology,3.0,13.56,20.0,South
2017-11-20,CA-2017-103499,Office Star - Mesh Screen back chair with Vinyl seat,Furniture,2.0,104.78,20.0,South
2015-12-12,US-2015-167220,AmazonBasics 3-Button USB Wired Mouse,Technology,4.0,5.59,20.0,Central
2017-02-03,CA-2017-126354,GBC Instant Report Kit,Office Supplies,2.0,1.94,70.0,South
2017-02-03,CA-2017-126354,14-7/8 x 11 Blue Bar Computer Printout Paper,Office Supplies,3.0,38.43,20.0,South
2017-09-21,CA-2017-169817,Insertable Tab Indexes For Data Binders,Office Supplies,2.0,0.95,70.0,East
2017-04-30,US-2017-144582,GBC Linen Binding Covers,Office Supplies,7.0,6.2,80.0,Central
2014-11-03,CA-2014-121573,Panasonic KX-TG9471B,Technology,4.0,195.99,0.0,East
2014-11-03,CA-2014-121573,Surelock Post Binders,Office Supplies,2.0,24.45,20.0,East
2014-11-03,CA-2014-121573,"Acco Pressboard Covers with Storage Hooks, 14 7/8"" x 11"", Light Blue",Office Supplies,2.0,3.93,20.0,East
2016-12-30,CA-2016-117660,Avery 487,Office Supplies,2.0,2.95,20.0,East
2016-12-30,CA-2016-117660,Acme Office Executive Series Stainless Steel Trimmers,Office Supplies,2.0,6.86,20.0,East
2014-09-17,CA-2014-112851,"Tyvek Interoffice Envelopes, 9 1/2"" x 12 1/2"", 100/Box",Office Supplies,3.0,60.98,0.0,West
2017-11-24,CA-2017-123701,BIC Liqua Brite Liner,Office Supplies,4.0,6.94,0.0,West
2015-04-24,CA-2015-118227,"BOSTON Ranger #55 Pencil Sharpener, Black",Office Supplies,1.0,25.99,0.0,East
2015-03-09,CA-2015-123155,Maxell 4.7GB DVD-R,Technology,5.0,22.7,20.0,Central
2015-03-09,CA-2015-123155,Panasonic KX T7736-B Digital phone,Technology,3.0,119.96,20.0,Central
2017-06-02,CA-2017-158883,Things To Do Today Spiral Book,Office Supplies,4.0,6.34,20.0,South
2016-09-19,US-2016-114888,Cardinal Holdit Business Card Pockets,Office Supplies,3.0,3.98,20.0,West
2016-09-19,US-2016-114888,Kleencut Forged Office Shears by Acme United Corporation,Office Supplies,3.0,2.08,0.0,West
2014-10-31,US-2014-167262,Plantronics HL10 Handset Lifter,Technology,8.0,92.79,20.0,West
2017-11-23,CA-2017-119746,Contemporary Wood/Metal Frame,Furniture,1.0,6.46,60.0,Central
2017-11-23,CA-2017-119746,Avery File Folder Labels,Office Supplies,5.0,2.3,20.0,Central
2017-11-23,CA-2017-119746,Toshiba IPT2010-SD IP Telephone,Technology,2.0,111.19,20.0,Central
2017-11-16,CA-2017-108091,Newell 328,Office Supplies,4.0,5.84,0.0,West
2016-02-19,CA-2016-101630,Staple-on labels,Office Supplies,3.0,2.89,0.0,East
2016-02-19,CA-2016-101630,Acme Office Executive Series Stainless Steel Trimmers,Office Supplies,3.0,8.57,0.0,East
2017-11-07,CA-2017-132346,Holmes Odor Grabber,Office Supplies,7.0,14.42,0.0,East
2014-07-08,CA-2014-150301,"Situations Contoured Folding Chairs, 4/Set",Furniture,1.0,63.88,10.0,East
2014-11-07,CA-2014-159310,"Hon Deluxe Fabric Upholstered Stacking Chairs, Squared Back",Furniture,4.0,170.79,30.0,Central
2014-11-07,CA-2014-159310,"Avery Triangle Shaped Sheet Lifters, Black, 2/Pack",Office Supplies,3.0,0.49,80.0,Central
2014-11-07,CA-2014-159310,Acme Stainless Steel Office Snips,Office Supplies,7.0,5.82,20.0,Central
2017-01-28,US-2017-147984,Xerox 1934,Office Supplies,5.0,55.98,0.0,Central
2015-12-11,CA-2015-104346,Newell 313,Office Supplies,5.0,2.62,20.0,West
2015-12-11,CA-2015-104346,"Bush Westfield Collection Bookcases, Dark Cherry Finish",Furniture,4.0,17.39,70.0,West
2015-12-11,CA-2015-104346,Newell 326,Office Supplies,3.0,1.41,20.0,West
2015-12-11,CA-2015-104346,Logitech Keyboard K120,Technology,4.0,14.52,20.0,West
2015-12-11,CA-2015-104346,"Master Caster Door Stop, Large Neon Orange",Furniture,9.0,5.82,20.0,West
2015-12-11,CA-2015-104346,DAX Wood Document Frame,Furniture,5.0,10.98,20.0,West
2015-12-11,CA-2015-104346,Bevis Rectangular Conference Tables,Furniture,5.0,72.99,50.0,West
2015-12-11,CA-2015-104346,Xerox 1932,Office Supplies,3.0,28.35,20.0,West
2015-12-11,CA-2015-104346,Avery Personal Creations Heavyweight Cards,Office Supplies,3.0,9.23,20.0,West
2015-06-29,US-2015-141684,"Ampad Phone Message Book, Recycled, 400 Message Capacity, 5 ¾” x 11”",Office Supplies,4.0,6.24,0.0,East
2015-03-16,CA-2015-144722,"Howard Miller 11-1/2"" Diameter Brentwood Wall Clock",Furniture,1.0,43.13,0.0,West
2015-08-13,CA-2015-120516,3-ring staple pack,Office Supplies,3.0,1.88,0.0,South
2016-05-14,US-2016-148901,GBC DocuBind P50 Personal Binding Machine,Office Supplies,3.0,19.19,70.0,South
2016-05-14,US-2016-148901,Xerox 23,Office Supplies,6.0,5.18,20.0,South
2016-05-14,US-2016-148901,"DAX Copper Panel Document Frame, 5 x 7 Size",Furniture,3.0,10.06,20.0,South
2016-05-14,US-2016-148901,"LF Elite 3D Dazzle Designer Hard Case Cover, Lf Stylus Pen and Wiper For Apple Iphone 5c Mini Lite",Technology,5.0,8.72,20.0,South
2016-05-14,US-2016-148901,Dixon Ticonderoga Pencils,Office Supplies,2.0,2.38,20.0,South
2016-05-14,US-2016-148901,Wilson Jones International Size A4 Ring Binders,Office Supplies,2.0,5.19,70.0,South
2016-05-14,US-2016-148901,Avery Heavy-Duty EZD  Binder With Locking Rings,Office Supplies,8.0,1.67,70.0,South
2017-07-13,CA-2017-136364,Cisco SPA508G,Technology,1.0,39.59,40.0,East
2017-07-13,CA-2017-136364,Nu-Dell Executive Frame,Furniture,9.0,10.11,20.0,East
2015-11-22,CA-2015-137708,Xerox 1887,Office Supplies,2.0,18.97,0.0,West
2015-11-22,CA-2015-137708,Xerox 1971,Office Supplies,10.0,4.28,0.0,West
2015-11-22,CA-2015-137708,"Personal Folder Holder, Ebony",Office Supplies,3.0,11.21,0.0,West
2014-11-23,CA-2014-149055,Quality Park Security Envelopes,Office Supplies,3.0,20.94,20.0,East
2015-12-27,CA-2015-151589,Xerox 1917,Office Supplies,4.0,48.91,0.0,Central
2015-12-27,CA-2015-151589,Cisco SPA 502G IP Phone,Technology,2.0,119.95,0.0,Central
2016-11-14,CA-2016-121370,Global Ergonomic Managers Chair,Furniture,3.0,126.69,30.0,East
2016-11-14,CA-2016-121370,Sharp AL-1530CS Digital Copier,Technology,4.0,299.99,40.0,East
2016-11-14,CA-2016-121370,"DAX Contemporary Wood Frame with Silver Metal Mat, Desktop, 11 x 14 Size",Furniture,3.0,16.19,20.0,East
2016-05-08,CA-2016-111696,Xerox 1920,Office Supplies,3.0,5.98,0.0,West
2014-12-26,CA-2014-139598,"Wirebound Message Books, Two 4 1/4"" x 5"" Forms per Page",Office Supplies,3.0,6.09,20.0,East
2014-12-26,CA-2014-139598,Holmes 99% HEPA Air Purifier,Office Supplies,2.0,17.33,20.0,East
2014-12-26,CA-2014-139598,Tripp Lite TLP810NET Broadband Surge for Modem/Fax,Office Supplies,2.0,40.78,20.0,East
2014-12-26,CA-2014-139598,Sensible Storage WireTech Storage Systems,Office Supplies,4.0,56.78,20.0,East
2017-06-08,CA-2017-117436,Wilson Jones Impact Binders,Office Supplies,2.0,5.18,0.0,East
2015-04-07,CA-2015-140025,Hoover Upright Vacuum With Dirt Cup,Office Supplies,8.0,57.91,80.0,Central
2015-04-07,CA-2015-140025,Razer Kraken PRO Over Ear PC and Music Headset,Technology,6.0,63.99,20.0,Central
2016-07-10,CA-2016-134222,GBC Standard Therm-A-Bind Covers,Office Supplies,6.0,7.48,70.0,West
2016-11-21,CA-2016-140018,Texas Instrument TI-15 Fraction Calculator,Technology,7.0,4.34,70.0,East
2016-11-21,CA-2016-140018,"Global Value Steno Chair, Gray",Furniture,3.0,42.52,30.0,East
2016-11-21,CA-2016-140018,"Computer Room Manger, 14""",Furniture,3.0,25.98,20.0,East
2017-11-12,US-2017-136707,Acco 3-Hole Punch,Office Supplies,4.0,3.5,20.0,West
2014-11-01,CA-2014-152562,"Multi-Use Personal File Cart and Caster Set, Three Stacking Bins",Office Supplies,2.0,34.76,0.0,South
2014-11-01,CA-2014-152562,"OIC #2 Pencils, Medium Soft",Office Supplies,3.0,1.88,0.0,South
2016-05-15,CA-2016-152408,Binder Posts,Office Supplies,3.0,4.59,20.0,East
2014-11-07,CA-2014-120278,Belkin 8 Outlet Surge Protector,Office Supplies,6.0,40.98,0.0,Central
2014-11-07,CA-2014-120278,Portable Personal File Box,Office Supplies,3.0,12.21,0.0,Central
2014-11-07,CA-2014-120278,X-Rack File for Hanging Folders,Office Supplies,2.0,11.29,0.0,Central
2014-11-07,CA-2014-120278,"ACCOHIDE 3-Ring Binder, Blue, 1""",Office Supplies,3.0,4.13,0.0,Central
2017-10-05,CA-2017-167661,"Avery Framed View Binder, EZD Ring (Locking), Navy, 1 1/2""",Office Supplies,5.0,7.98,20.0,West
2017-10-05,CA-2017-167661,Xerox 1951,Office Supplies,2.0,30.98,0.0,West
2017-10-05,CA-2017-167661,Avery Hole Reinforcements,Office Supplies,4.0,4.98,20.0,West
2017-06-01,CA-2017-106831,"Cardinal HOLDit! Binder Insert Strips,Extra Strips",Office Supplies,2.0,1.9,70.0,East
2017-06-01,CA-2017-106831,Xerox 1924,Office Supplies,6.0,4.62,20.0,East
2017-06-01,CA-2017-106831,Panasonic KX-TG6844B Expandable Digital Cordless Telephone,Technology,4.0,39.59,40.0,East
2017-11-20,CA-2017-154123,9-3/4 Diameter Round Wall Clock,Furniture,2.0,13.79,0.0,South
2016-12-23,CA-2016-136049,"Universal Recycled Hanging Pressboard Report Binders, Letter Size",Office Supplies,3.0,1.85,70.0,East
2017-09-29,CA-2017-118402,Carina Media Storage Towers in Natural & Black,Office Supplies,5.0,48.78,20.0,South
2016-11-07,US-2016-139388,Rubber Band Ball,Office Supplies,4.0,3.74,0.0,East
2014-04-04,US-2014-128685,Avery Non-Stick Binders,Office Supplies,2.0,3.59,20.0,West
2015-07-23,CA-2015-124044,Acco 3-Hole Punch,Office Supplies,3.0,3.5,20.0,East
2014-06-25,CA-2014-164469,Plantronics 81402,Technology,5.0,52.79,20.0,West
2014-06-25,CA-2014-164469,"Avery Hi-Liter EverBold Pen Style Fluorescent Highlighters, 4/Pack",Office Supplies,11.0,6.51,20.0,West
2014-06-25,CA-2014-164469,"Hunt BOSTON Vista Battery-Operated Pencil Sharpener, Black",Office Supplies,1.0,9.33,20.0,West
2014-09-08,CA-2014-107818,Prang Colored Pencils,Office Supplies,2.0,2.94,0.0,West
2014-09-08,CA-2014-107818,"Hon Deluxe Fabric Upholstered Stacking Chairs, Rounded Back",Furniture,5.0,195.18,20.0,West
2014-09-08,CA-2014-107818,"Hunt PowerHouse Electric Pencil Sharpener, Blue",Office Supplies,8.0,37.98,0.0,West
2014-09-08,CA-2014-107818,Carina Double Wide Media Storage Towers in Natural & Black,Office Supplies,6.0,80.98,0.0,West
2014-12-12,CA-2014-113320,"Eldon Image Series Desk Accessories, Burgundy",Furniture,3.0,4.18,0.0,West
2014-12-12,CA-2014-113320,Woodgrain Magazine Files by Perma,Office Supplies,3.0,2.98,0.0,West
2014-12-12,CA-2014-113320,Longer-Life Soft White Bulbs,Furniture,3.0,3.08,0.0,West
2015-01-13,CA-2015-137526,Binding Machine Supplies,Office Supplies,3.0,23.34,20.0,West
2015-01-13,CA-2015-137526,"Floodlight Indoor Halogen Bulbs, 1 Bulb per Pack, 60 Watts",Furniture,4.0,19.4,0.0,West
2015-01-13,CA-2015-137526,"Deflect-o EconoMat Nonstudded, No Bevel Mat",Furniture,9.0,51.65,0.0,West
2017-12-15,CA-2017-136063,Newell 307,Office Supplies,7.0,1.46,20.0,Central
2016-12-18,CA-2016-101546,GBC DocuBind TL300 Electric Binding System,Office Supplies,2.0,896.99,0.0,East
2014-04-11,CA-2014-138940,Jawbone JAMBOX Wireless Bluetooth Speaker,Technology,6.0,126.39,20.0,Central
2016-11-10,CA-2016-125164,Canvas Sectional Post Binders,Office Supplies,1.0,20.37,20.0,East
2016-11-10,CA-2016-125164,Wilson Jones Century Plastic Molded Ring Binders,Office Supplies,3.0,16.62,20.0,East
2017-06-26,CA-2017-163531,Mophie Juice Pack Helium for iPhone,Technology,3.0,79.99,0.0,East
2017-11-13,CA-2017-122490,Global Troy Executive Leather Low-Back Tilter,Furniture,6.0,400.78,20.0,West
2017-11-13,CA-2017-122490,GBC DocuBind P50 Personal Binding Machine,Office Supplies,11.0,51.18,20.0,West
2017-11-13,CA-2017-122490,Space Solutions HD Industrial Steel Shelving.,Office Supplies,3.0,114.97,0.0,West
2017-11-13,CA-2017-122490,Avery File Folder Labels,Office Supplies,3.0,2.88,0.0,West
2017-11-24,CA-2017-131366,Blue Parrot B250XT Professional Grade Wireless Bluetooth Headset with,Technology,2.0,44.99,40.0,East
2017-11-24,CA-2017-131366,Xerox 1919,Office Supplies,7.0,32.79,20.0,East
2017-05-23,CA-2017-164042,OIC Thumb-Tacks,Office Supplies,2.0,0.91,20.0,Central
2017-05-23,CA-2017-164042,Acco 6 Outlet Guardian Premium Plus Surge Suppressor,Office Supplies,5.0,3.66,80.0,Central
2017-05-23,CA-2017-164042,Tennsco Commercial Shelving,Office Supplies,3.0,16.27,20.0,Central
2017-05-23,CA-2017-164042,Storex Dura Pro Binders,Office Supplies,1.0,1.19,80.0,Central
2014-12-02,CA-2014-132864,Imation 32GB Pocket Pro USB 3.0 Flash Drive - 32 GB - Black - 1 P ...,Technology,5.0,23.96,20.0,East
2014-10-03,US-2014-155817,Advantus Rolling Drawer Organizers,Office Supplies,2.0,30.78,20.0,South
2014-10-03,US-2014-155817,DIXON Oriole Pencils,Office Supplies,3.0,2.06,20.0,South
2016-07-29,US-2016-131891,"Avery Triangle Shaped Sheet Lifters, Black, 2/Pack",Office Supplies,3.0,0.74,70.0,South
2017-11-02,CA-2017-143567,Letter or Legal Size Expandable Poly String Tie Envelopes,Office Supplies,2.0,2.66,0.0,South
2017-11-02,CA-2017-143567,"Hon Deluxe Fabric Upholstered Stacking Chairs, Rounded Back",Furniture,4.0,243.98,0.0,South
2017-11-02,CA-2017-143567,Logitech diNovo Edge Keyboard,Technology,9.0,249.99,0.0,South
2017-11-02,CA-2017-143567,Super Decoflex Portable Personal File,Office Supplies,4.0,14.98,0.0,South
2017-03-08,CA-2017-104080,"Green Canvas Binder for 8-1/2"" x 14"" Sheets",Office Supplies,5.0,34.24,20.0,West
2017-03-08,CA-2017-104080,Newell 323,Office Supplies,2.0,1.68,0.0,West
2014-12-16,CA-2014-151379,Xerox 1929,Office Supplies,5.0,22.84,0.0,Central
2016-11-28,CA-2016-163167,"Global Push Button Manager's Chair, Indigo",Furniture,3.0,60.89,0.0,South
2016-11-28,CA-2016-163167,Kingston Digital DataTraveler 32GB USB 2.0,Technology,6.0,16.95,0.0,South
2016-11-28,CA-2016-163167,Tennsco Single-Tier Lockers,Office Supplies,3.0,375.34,0.0,South
2016-11-28,CA-2016-163167,"24 Capacity Maxi Data Binder Racks, Pearl",Office Supplies,6.0,210.55,0.0,South
2016-12-23,CA-2016-135776,Newell 317,Office Supplies,3.0,2.94,0.0,West
2016-12-23,CA-2016-135776,Computer Printout Paper with Letter-Trim Perforations,Office Supplies,2.0,18.97,0.0,West
2016-12-23,CA-2016-135776,"Sanford EarthWrite Recycled Pencils, Medium Soft, #2",Office Supplies,2.0,2.1,0.0,West
2016-12-23,CA-2016-135776,SAFCO Boltless Steel Shelving,Office Supplies,2.0,113.64,0.0,West
2016-12-23,CA-2016-135776,Xerox 1911,Office Supplies,1.0,47.9,0.0,West
2016-12-23,CA-2016-135776,Staple envelope,Office Supplies,2.0,30.98,0.0,West
2016-12-23,CA-2016-135776,"Tennsco Snap-Together Open Shelving Units, Starter Sets and Add-On Units",Office Supplies,4.0,279.48,0.0,West
2014-10-15,US-2014-122021,Global Italian Leather Office Chair,Furniture,2.0,91.69,30.0,East
2014-10-15,US-2014-122021,Xerox 1897,Office Supplies,2.0,3.98,20.0,East
2016-08-22,CA-2016-130484,GBC Imprintable Covers,Office Supplies,8.0,3.29,70.0,West
2017-12-17,CA-2017-120936,Iceberg Mobile Mega Data/Printer Cart ,Office Supplies,4.0,120.33,0.0,West
2017-12-17,CA-2017-120936,Fiskars Spring-Action Scissors,Office Supplies,1.0,13.98,0.0,West
2017-03-07,CA-2017-110884,3M Organizer Strips,Office Supplies,6.0,4.32,20.0,East
2017-03-07,CA-2017-110884,"Avery 4027 File Folder Labels for Dot Matrix Printers, 5000 Labels per Box, White",Office Supplies,3.0,30.53,0.0,East
2014-12-01,US-2014-161613,Hon 4070 Series Pagoda Round Back Stacking Chairs,Furniture,3.0,224.69,30.0,Central
2014-10-14,US-2014-146353,Avery Metallic Poly Binders,Office Supplies,4.0,5.73,0.0,East
2014-10-14,US-2014-146353,Fellowes Bankers Box Recycled Super Stor/Drawer,Office Supplies,5.0,53.98,0.0,East
2014-11-18,CA-2014-133809,Pressboard Hanging Data Binders for Unburst Sheets,Office Supplies,8.0,1.48,70.0,East
2014-11-18,CA-2014-133809,PNY Rapid USB Car Charger - Black,Technology,2.0,4.79,40.0,East
2017-01-14,CA-2017-127306,"#10- 4 1/8"" x 9 1/2"" Security-Tint Envelopes",Office Supplies,3.0,6.11,20.0,South
2017-01-14,CA-2017-127306,Xerox 1931,Office Supplies,7.0,5.18,20.0,South
2017-01-14,CA-2017-127306,iHome FM Clock Radio with Lightning Dock,Technology,2.0,55.99,20.0,South
2017-01-14,CA-2017-127306,Ibico Presentation Index for Binding Systems,Office Supplies,5.0,1.19,70.0,South
2017-01-14,CA-2017-127306,Avery Durable Slant Ring Binders With Label Holder,Office Supplies,2.0,1.25,70.0,South
2015-09-24,CA-2015-161830,"BOSTON Model 1800 Electric Pencil Sharpeners, Putty/Woodgrain",Office Supplies,2.0,17.98,0.0,West
2015-09-24,CA-2015-161830,Avery Hole Reinforcements,Office Supplies,3.0,4.98,20.0,West
2017-10-09,CA-2017-163125,Bulldog Vacuum Base Pencil Sharpener,Office Supplies,7.0,9.59,20.0,Central
2017-10-09,CA-2017-163125,Hon Every-Day Chair Series Swivel Task Chairs,Furniture,3.0,84.69,30.0,Central
2016-01-02,CA-2016-160304,"Bush Westfield Collection Bookcases, Medium Cherry Finish",Furniture,3.0,57.98,0.0,East
2016-01-02,CA-2016-160304,GE 30522EE2,Technology,2.0,115.99,0.0,East
2017-08-19,CA-2017-101728,Binder Posts,Office Supplies,2.0,1.15,80.0,Central
2017-12-25,CA-2017-114055,14-7/8 x 11 Blue Bar Computer Printout Paper,Office Supplies,2.0,48.04,0.0,South
2017-12-25,CA-2017-114055,Assorted Color Push Pins,Office Supplies,2.0,1.81,0.0,South
2017-12-25,CA-2017-114055,Xerox 1915,Office Supplies,6.0,104.85,0.0,South
2017-12-25,CA-2017-114055,AT&T 17929 Lendline Telephone,Technology,2.0,45.24,0.0,South
2017-09-10,CA-2017-126438,"Eberhard Faber 3 1/2"" Golf Pencils",Office Supplies,2.0,7.44,0.0,East
2017-10-19,CA-2017-117653,"Lesro Round Back Collection Coffee Table, End Table",Furniture,1.0,91.28,50.0,Central
2017-12-01,CA-2017-143245,Xerox 214,Office Supplies,3.0,6.48,0.0,East
2017-12-01,CA-2017-143245,Global Comet Stacking Armless Chair,Furniture,3.0,299.05,0.0,East
2014-09-02,US-2014-138828,Newell 324,Office Supplies,5.0,11.55,0.0,East
2014-09-02,US-2014-138828,Easy-staple paper,Office Supplies,3.0,4.98,0.0,East
2017-03-25,CA-2017-143651,Newell 309,Office Supplies,2.0,11.55,0.0,West
2015-09-28,CA-2015-106978,"#10 White Business Envelopes,4 1/8 x 9 1/2",Office Supplies,1.0,12.54,20.0,West
2015-09-28,CA-2015-106978,Wilson Jones Easy Flow II Sheet Lifters,Office Supplies,2.0,0.54,70.0,West
2015-09-28,CA-2015-106978,Staples,Office Supplies,3.0,1.5,20.0,West
2015-03-15,CA-2015-155124,"SmartStand Mobile Device Holder, Assorted Colors",Technology,3.0,5.59,20.0,West
2017-01-06,CA-2017-150931,Wilson Jones Turn Tabs Binder Tool for Ring Binders,Office Supplies,7.0,4.82,0.0,South
2014-01-13,CA-2014-157147,Tennsco 6- and 18-Compartment Lockers,Office Supplies,5.0,265.17,0.0,West
2014-01-13,CA-2014-157147,"O'Sullivan Elevations Bookcase, Cherry Finish",Furniture,3.0,111.33,15.0,West
2014-01-13,CA-2014-157147,4009 Highlighters by Sanford,Office Supplies,5.0,3.98,0.0,West
2015-02-06,CA-2015-156482,Office Star - Contemporary Swivel Chair with Padded Adjustable Arms and Flex Back,Furniture,9.0,140.98,0.0,East
2015-02-06,CA-2015-156482,"Hon Metal Bookcases, Putty",Furniture,4.0,70.98,0.0,East
2015-02-06,CA-2015-156482,SANFORD Liquid Accent Tank-Style Highlighters,Office Supplies,2.0,2.84,0.0,East
2017-12-21,CA-2017-106782,Tennsco Single-Tier Lockers,Office Supplies,1.0,375.34,0.0,Central
2016-09-05,CA-2016-151372,14-7/8 x 11 Blue Bar Computer Printout Paper,Office Supplies,2.0,48.04,0.0,West
2016-09-05,CA-2016-151372,"Angle-D Binders with Locking Rings, Label Holders",Office Supplies,2.0,5.84,20.0,West
2016-09-05,CA-2016-151372,Advantus Push Pins,Office Supplies,2.0,2.18,0.0,West
2014-10-04,CA-2014-102085,Avery 519,Office Supplies,4.0,7.31,0.0,West
2017-11-27,CA-2017-107125,Premium Transparent Presentation Covers by GBC,Office Supplies,7.0,16.78,20.0,West
2017-11-27,CA-2017-107125,Eldon 200 Class Desk Accessories,Furniture,3.0,6.28,0.0,West
2016-10-28,CA-2016-125815,BIC Brite Liner Highlighters,Office Supplies,3.0,4.14,0.0,East
2015-06-09,CA-2015-144190,Xerox 1995,Office Supplies,2.0,6.48,0.0,Central
2017-12-08,CA-2017-117926,Belkin 8-Outlet Premiere SurgeMaster II Surge Protectors,Office Supplies,1.0,69.48,0.0,West
2015-03-16,CA-2015-153906,Plantronics MX500i Earset,Technology,2.0,42.95,0.0,East
2014-06-09,CA-2014-160262,DIXON Oriole Pencils,Office Supplies,7.0,2.58,0.0,West
2014-06-09,CA-2014-160262,Xerox 1909,Office Supplies,3.0,26.38,0.0,West
2014-06-09,CA-2014-160262,"Executive Impressions 13-1/2"" Indoor/Outdoor Wall Clock",Furniture,2.0,18.7,0.0,West
2015-03-20,CA-2015-127607,GBC Standard Plastic Binding Systems' Combs,Office Supplies,2.0,1.26,80.0,Central
2015-03-20,CA-2015-127607,Staples,Office Supplies,9.0,2.1,20.0,Central
2016-11-18,CA-2016-166226,Grandstream GXP2100 Mainstream Business Phone,Technology,1.0,61.19,20.0,West
2016-11-18,CA-2016-166226,Fellowes Command Center 5-outlet power strip,Office Supplies,1.0,67.84,0.0,West
2014-03-07,CA-2014-156587,"Global Push Button Manager's Chair, Indigo",Furniture,1.0,48.71,20.0,West
2014-03-07,CA-2014-156587,Newell 330,Office Supplies,3.0,5.98,0.0,West
2014-03-07,CA-2014-156587,"Carina 42""Hx23 3/4""W Media Storage Unit",Office Supplies,3.0,80.98,0.0,West
2016-05-15,CA-2016-141180,GBC Instant Report Kit,Office Supplies,4.0,1.94,70.0,South
2015-05-25,CA-2015-109708,Wi-Ex zBoost YX540 Cellular Phone Signal Booster,Technology,4.0,116.76,20.0,South
2015-08-02,CA-2015-122406,Plantronics MX500i Earset,Technology,3.0,42.95,0.0,East
2015-08-02,CA-2015-122406,"Important Message Pads, 50 4-1/4 x 5-1/2 Forms per Pad",Office Supplies,2.0,4.2,0.0,East
2015-08-02,CA-2015-122406,Logitech G700s Rechargeable Gaming Mouse,Technology,2.0,99.99,0.0,East
2015-08-02,CA-2015-122406,Office Star Flex Back Scooter Chair with White Frame,Furniture,1.0,110.98,0.0,East
2016-11-06,US-2016-153815,High-Back Leather Manager's Chair,Furniture,2.0,103.99,20.0,South
2016-11-06,US-2016-153815,Embossed Ink Jet Note Cards,Office Supplies,2.0,18.06,20.0,South
2016-11-06,US-2016-153815,"Executive Impressions 14"" Contract Wall Clock",Furniture,2.0,17.78,20.0,South
2016-11-06,US-2016-153815,"Eaton Premium Continuous-Feed Paper, 25% Cotton, Letter Size, White, 1000 Shts/Box",Office Supplies,2.0,44.38,20.0,South
2016-11-07,CA-2016-164896,"Wirebound Four 2-3/4 x 5 Forms per Page, 400 Sets per Book",Office Supplies,2.0,6.45,0.0,West
2015-09-18,CA-2015-142202,Enermax Acrylux Wireless Keyboard,Technology,9.0,79.68,20.0,South
2015-12-07,CA-2015-165050,Pressboard Data Binders by Wilson Jones,Office Supplies,5.0,4.27,20.0,East
2015-12-07,CA-2015-165050,Avery Durable Slant Ring Binders With Label Holder,Office Supplies,2.0,3.34,20.0,East
2015-12-07,CA-2015-165050,Digium D40 VoIP phone,Technology,6.0,128.99,0.0,East
2016-12-09,US-2016-131114,Acme Office Executive Series Stainless Steel Trimmers,Office Supplies,3.0,6.86,20.0,Central
2016-12-09,US-2016-131114,Belkin 6 Outlet Metallic Surge Strip,Office Supplies,2.0,2.18,80.0,Central
2016-12-09,US-2016-131114,Kingston Digital DataTraveler 8GB USB 2.0,Technology,4.0,4.76,20.0,Central
2014-11-16,CA-2014-160066,Permanent Self-Adhesive File Folder Labels for Typewriters by Universal,Office Supplies,2.0,2.61,0.0,West
2016-11-06,CA-2016-109925,Eldon Portable Mobile Manager,Office Supplies,3.0,28.28,0.0,West
2015-09-06,CA-2015-160696,Assorted Color Push Pins,Office Supplies,5.0,1.45,20.0,South
2014-09-03,CA-2014-125171,Avery 514,Office Supplies,5.0,2.88,0.0,East
2016-04-24,CA-2016-149279,Xerox 226,Office Supplies,3.0,5.18,20.0,West
2016-04-24,CA-2016-149279,SAFCO Arco Folding Chair,Furniture,6.0,220.96,20.0,West
2016-04-24,CA-2016-149279,Wilson Jones Impact Binders,Office Supplies,2.0,1.55,70.0,West
2017-08-31,CA-2017-107321,Acco Suede Grain Vinyl Round Ring Binder,Office Supplies,3.0,2.22,20.0,West
2017-08-31,CA-2017-107321,Aastra 6757i CT Wireless VoIP phone,Technology,4.0,172.35,20.0,West
2017-12-07,US-2017-122714,Ibico EPK-21 Electric Binding System,Office Supplies,5.0,378.0,80.0,Central
2015-12-18,CA-2015-153038,"#10- 4 1/8"" x 9 1/2"" Recycled Envelopes",Office Supplies,8.0,6.99,20.0,South
2015-12-18,CA-2015-153038,Avery 507,Office Supplies,8.0,2.3,20.0,South
2015-12-18,CA-2015-153038,"Master Caster Door Stop, Brown",Furniture,5.0,4.06,20.0,South
2014-11-04,CA-2014-132227,"Acco Flexible ACCOHIDE Square Ring Data Binder, Dark Blue, 11 1/2"" X 14"" 7/8""",Office Supplies,4.0,13.02,20.0,East
2017-03-10,CA-2017-155824,Euro Pro Shark Stick Mini Vacuum,Office Supplies,1.0,48.78,20.0,South
2017-03-10,CA-2017-155824,Heavy-Duty E-Z-D Binders,Office Supplies,4.0,3.27,70.0,South
2016-01-31,CA-2016-129238,AT&T 1080 Phone,Technology,1.0,109.59,20.0,West
2016-01-31,CA-2016-129238,Easy-staple paper,Office Supplies,5.0,11.34,0.0,West
2017-05-07,CA-2017-159688,Logitech G600 MMO Gaming Mouse,Technology,1.0,79.99,0.0,West
2016-05-24,CA-2016-136126,"Acme Hot Forged Carbon Steel Scissors with Nickel-Plated Handles, 3 7/8"" Cut, 8""L",Office Supplies,5.0,13.9,0.0,South
2016-05-24,CA-2016-136126,Xerox 1911,Office Supplies,4.0,47.9,0.0,South
2016-10-07,CA-2016-155033,Astroparche Fine Business Paper,Office Supplies,2.0,5.28,0.0,West
2014-04-30,CA-2014-156006,Maxell 4.7GB DVD-RW 3/Pack,Technology,3.0,15.93,0.0,South
2015-11-10,CA-2015-158659,Letter Size Cart,Office Supplies,5.0,142.86,0.0,Central
2015-11-09,CA-2015-169796,Zebra ZM400 Thermal Label Printer,Technology,2.0,1160.95,0.0,East
2015-11-09,CA-2015-169796,"Perma STOR-ALL Hanging File Box, 13 1/8""W x 12 1/4""D x 10 1/2""H",Office Supplies,3.0,5.98,0.0,East
2015-09-07,CA-2015-102876,GBC Wire Binding Strips,Office Supplies,1.0,9.52,70.0,East
2015-09-07,CA-2015-102876,Samsung Galaxy Note 3,Technology,6.0,131.99,40.0,East
2015-09-07,CA-2015-102876,Angle-D Ring Binders,Office Supplies,3.0,1.64,70.0,East
2017-05-11,US-2017-139647,Bestar Classic Bookcase,Furniture,7.0,30.0,70.0,West
2017-07-21,US-2017-160465,Vinyl Sectional Post Binders,Office Supplies,3.0,11.31,70.0,East
2017-07-21,US-2017-160465,Letter Size File,Office Supplies,7.0,31.76,20.0,East
2017-07-21,US-2017-160465,Dexim XPower Skin Super-Thin Power Case for iPhone 5 - Black,Technology,6.0,35.09,40.0,East
2014-11-24,CA-2014-153850,"Eldon 200 Class Desk Accessories, Burgundy",Furniture,7.0,5.02,20.0,East
2014-11-24,CA-2014-153850,Samsung Galaxy S4,Technology,4.0,375.59,40.0,East
2014-11-15,CA-2014-127558,Eldon 100 Class Desk Accessories,Furniture,3.0,3.37,0.0,West
2014-11-15,CA-2014-127558,Logitech P710e Mobile Speakerphone,Technology,3.0,257.49,0.0,West
2014-11-15,CA-2014-127558,Acme Box Cutter Scissors,Office Supplies,2.0,10.23,0.0,West
2017-03-23,CA-2017-136511,Premier Electric Letter Opener,Office Supplies,3.0,115.86,0.0,East
2016-12-18,CA-2016-133795,SanDisk Cruzer 64 GB USB Flash Drive,Technology,2.0,36.32,0.0,West
2016-12-18,CA-2016-133795,Logitech P710e Mobile Speakerphone,Technology,3.0,257.49,0.0,West
2016-12-18,CA-2016-133795,"Eldon Expressions Wood and Plastic Desk Accessories, Oak",Furniture,4.0,9.98,0.0,West
2017-07-29,US-2017-130953,GBC Poly Designer Binding Covers,Office Supplies,2.0,16.74,0.0,Central
2017-07-29,US-2017-130953,Nortel Meridian M3904 Professional Digital phone,Technology,3.0,153.99,0.0,Central
2017-07-29,US-2017-130953,"Holmes Replacement Filter for HEPA Air Cleaner, Very Large Room, HEPA Filter",Office Supplies,2.0,68.81,0.0,Central
2017-07-29,US-2017-130953,Office Star Flex Back Scooter Chair with Aluminum Finish Frame,Furniture,3.0,100.89,0.0,Central
2014-09-02,CA-2014-151792,Logitech Wireless Performance Mouse MX for PC and Mac,Technology,3.0,79.99,20.0,Central
2017-01-29,CA-2017-139304,Newell 339,Office Supplies,3.0,2.78,0.0,West
2017-01-29,CA-2017-139304,Acme Office Executive Series Stainless Steel Trimmers,Office Supplies,1.0,8.57,0.0,West
2017-01-29,CA-2017-139304,Clear Mylar Reinforcing Strips,Office Supplies,8.0,14.95,20.0,West
2016-12-26,CA-2016-155166,Novimex Turbo Task Chair,Furniture,3.0,70.98,0.0,East
2016-12-26,CA-2016-155166,Fellowes Advanced Computer Series Surge Protectors,Office Supplies,1.0,26.49,0.0,East
2015-08-09,CA-2015-103954,O'Sullivan Cherrywood Estates Traditional Barrister Bookcase,Furniture,5.0,137.48,0.0,Central
2014-04-06,CA-2014-169803,"Chromcraft Bull-Nose Wood Round Conference Table Top, Wood Base",Furniture,3.0,217.85,0.0,West
2014-04-06,CA-2014-169803,Kingston Digital DataTraveler 32GB USB 2.0,Technology,2.0,16.95,0.0,West
2017-11-17,CA-2017-141719,Logitech Illuminated - Keyboard,Technology,5.0,47.99,20.0,Central
2015-07-11,CA-2015-136469,"Lesro Sheffield Collection Coffee Table, End Table, Center Table, Corner Table",Furniture,4.0,49.96,30.0,East
2015-07-11,CA-2015-136469,Wilson Electronics DB Pro Signal Booster,Technology,2.0,358.0,0.0,East
2015-07-11,CA-2015-136469,Tuf-Vin Binders,Office Supplies,7.0,31.58,0.0,East
2016-11-10,CA-2016-158694,Embossed Ink Jet Note Cards,Office Supplies,3.0,22.57,0.0,West
2016-11-10,CA-2016-158694,Belkin F9S820V06 8 Outlet Surge,Office Supplies,4.0,32.48,0.0,West
2016-11-10,CA-2016-158694,"Howard Miller 11-1/2"" Diameter Ridgewood Wall Clock",Furniture,9.0,51.94,0.0,West
2016-11-10,CA-2016-158694,Xerox 1933,Office Supplies,5.0,12.28,0.0,West
2016-11-10,CA-2016-158694,Standard Rollaway File with Lock,Office Supplies,4.0,180.19,0.0,West
2016-11-10,CA-2016-158694,Peel & Stick Add-On Corner Pockets,Office Supplies,3.0,1.73,20.0,West
2016-11-10,CA-2016-158694,Newell 338,Office Supplies,5.0,2.94,0.0,West
2014-03-31,US-2014-104759,Fellowes Black Plastic Comb Bindings,Office Supplies,7.0,1.16,80.0,Central
2014-03-31,US-2014-104759,Kensington SlimBlade Notebook Wireless Mouse with Nano Receiver ,Technology,2.0,39.99,20.0,Central
2015-09-18,CA-2015-150511,"Wirebound Message Books, Four 2 3/4"" x 5"" Forms per Page, 600 Sets per Book",Office Supplies,2.0,9.27,0.0,West
2015-11-07,CA-2015-134922,"White Envelopes, White Envelopes with Clear Poly Window",Office Supplies,2.0,12.2,20.0,East
2017-05-19,US-2017-120607,Tops White Computer Printout Paper,Office Supplies,4.0,48.91,0.0,South
2015-01-03,CA-2015-141243,Enermax Acrylux Wireless Keyboard,Technology,5.0,79.68,20.0,Central
2015-01-03,CA-2015-141243,Newell 317,Office Supplies,3.0,2.35,20.0,Central
2015-01-03,CA-2015-141243,O'Sullivan Living Dimensions 5-Shelf Bookcases,Furniture,9.0,150.27,32.0,Central
2015-09-08,CA-2015-162166,Xerox 1928,Office Supplies,5.0,5.28,0.0,West
2015-09-08,CA-2015-162166,Eldon Shelf Savers Cubes and Bins,Office Supplies,6.0,6.98,0.0,West
2016-04-03,CA-2016-120796,"GBC Velobind Prepunched Cover Sets, Regency Series",Office Supplies,9.0,11.09,70.0,East
2016-12-05,CA-2016-109722,Samsung Galaxy S III - 16GB - pebble blue (T-Mobile),Technology,2.0,349.99,0.0,South
2016-12-05,CA-2016-109722,Fellowes Bankers Box Staxonsteel Drawer File/Stacking System,Office Supplies,9.0,64.98,0.0,South
2015-05-08,CA-2015-136798,Wilson Jones Legal Size Ring Binders,Office Supplies,2.0,21.99,0.0,Central
2015-05-08,CA-2015-136798,VTech DS6151,Technology,3.0,125.99,0.0,Central
2015-05-08,CA-2015-136798,"Deflect-o EconoMat Studded, No Bevel Mat for Low Pile Carpeting",Furniture,3.0,41.32,0.0,Central
2017-09-22,CA-2017-122196,GE 30524EE4,Technology,2.0,195.99,0.0,East
2017-11-30,CA-2017-142090,Logitech Wireless Gaming Headset G930,Technology,3.0,127.99,20.0,South
2017-11-30,CA-2017-142090,Bush Advantage Collection Racetrack Conference Table,Furniture,7.0,254.53,40.0,South
2017-01-15,CA-2017-160934,Newell 347,Office Supplies,5.0,4.28,0.0,West
2014-08-08,CA-2014-124478,Sharp 1540cs Digital Laser Copier,Technology,1.0,549.99,0.0,Central
2014-08-08,CA-2014-124478,"Acco Smartsocket Table Surge Protector, 6 Color-Coded Adapter Outlets",Office Supplies,3.0,55.84,10.0,Central
2014-08-08,CA-2014-124478,Globe Weis Peel & Seel First Class Envelopes,Office Supplies,3.0,12.78,0.0,Central
2014-08-08,CA-2014-124478,Nu-Dell Float Frame 11 x 14 1/2,Furniture,6.0,8.98,0.0,Central
2014-08-08,CA-2014-124478,Motorola Droid Maxx,Technology,2.0,149.99,0.0,Central
2015-11-05,CA-2015-145485,Hanging Personal Folder File,Office Supplies,4.0,15.7,0.0,West
2017-04-25,CA-2017-151071,"Cardinal Slant-D Ring Binder, Heavy Gauge Vinyl",Office Supplies,2.0,6.95,20.0,West
2014-04-20,CA-2014-134572,Bush Advantage Collection Round Conference Table,Furniture,5.0,148.82,30.0,Central
2014-04-20,CA-2014-134572,"Personal Folder Holder, Ebony",Office Supplies,5.0,8.97,20.0,Central
2014-04-20,CA-2014-134572,Riverside Furniture Stanwyck Manor Table Series,Furniture,2.0,200.8,30.0,Central
2017-11-11,CA-2017-143217,Prestige Round Ring Binders,Office Supplies,3.0,6.08,0.0,Central
2017-11-25,US-2017-133312,"Sauder Forest Hills Library, Woodland Oak Finish",Furniture,3.0,119.83,15.0,West
2017-11-25,US-2017-133312,Sterilite Officeware Hinged File Box,Office Supplies,1.0,10.48,0.0,West
2015-12-18,US-2015-137533,Xerox 226,Office Supplies,4.0,5.18,20.0,East
2016-09-08,CA-2016-155138,Memorex Froggy Flash Drive 4 GB,Technology,4.0,8.79,20.0,South
2016-09-08,CA-2016-155138,Petty Cash Envelope,Office Supplies,3.0,21.57,20.0,South
2016-06-06,CA-2016-108350,Xerox 1935,Office Supplies,4.0,26.38,0.0,East
2015-06-19,CA-2015-144302,"GBC White Gloss Covers, Plain Front",Office Supplies,2.0,2.9,80.0,Central
2015-03-05,CA-2015-109001,Samsung Convoy 3,Technology,7.0,66.59,40.0,East
2015-03-05,CA-2015-109001,Sony 16GB Class 10 Micro SDHC R40 Memory Card,Technology,1.0,10.31,20.0,East
2015-03-05,CA-2015-109001,Avery Round Ring Poly Binders,Office Supplies,3.0,0.85,70.0,East
2017-08-04,CA-2017-132738,Hammermill CopyPlus Copy Paper (20Lb. and 84 Bright),Office Supplies,2.0,3.98,20.0,West
2017-08-04,CA-2017-132738,"Manila Recycled Extra-Heavyweight Clasp Envelopes, 6"" x 9""",Office Supplies,1.0,8.78,20.0,West
2017-12-30,CA-2017-156720,Bagged Rubber Bands,Office Supplies,3.0,1.01,20.0,West
2015-05-23,CA-2015-119102,Advantus Rolling Storage Box,Office Supplies,3.0,17.15,0.0,East
2014-12-06,US-2014-140452,Bionaire 99.97% HEPA Air Cleaner,Office Supplies,4.0,3.5,80.0,Central
2014-12-06,US-2014-140452,KI Adjustable-Height Table,Furniture,5.0,42.99,50.0,Central
2014-12-06,US-2014-140452,Shocksock Galaxy S4 Armband,Technology,4.0,8.76,20.0,Central
2014-12-06,US-2014-140452,Nu-Dell Float Frame 11 x 14 1/2,Furniture,3.0,3.59,60.0,Central
2014-12-06,US-2014-140452,Ibico Covers for Plastic or Wire Binding Elements,Office Supplies,2.0,2.3,80.0,Central
2014-12-06,US-2014-140452,Rogers Deluxe File Chest,Office Supplies,2.0,17.58,20.0,Central
2015-08-07,CA-2015-141936,Cardinal Hold-It CD Pocket,Office Supplies,3.0,6.38,20.0,West
2014-03-17,CA-2014-158442,Newell 333,Office Supplies,2.0,2.22,20.0,Central
2014-03-17,CA-2014-158442,Xerox 1966,Office Supplies,1.0,5.18,20.0,Central
2014-03-17,CA-2014-158442,Xerox 1967,Office Supplies,3.0,5.18,20.0,Central
2015-03-26,CA-2015-167374,Southworth 25% Cotton Antique Laid Paper & Envelopes,Office Supplies,6.0,6.67,20.0,East
2015-03-26,CA-2015-167374,"Verbatim 25 GB 6x Blu-ray Single Layer Recordable Disc, 3/Pack",Technology,3.0,5.59,20.0,East
2014-12-14,CA-2014-116568,"Iceberg Nesting Folding Chair, 19w x 6d x 43h",Furniture,4.0,46.58,20.0,South
2015-09-19,CA-2015-147102,Kensington K72356US Mouse-in-a-Box USB Desktop Mouse,Technology,4.0,16.59,0.0,South
2017-04-25,CA-2017-132213,Newell 312,Office Supplies,9.0,4.67,20.0,South
2017-04-25,CA-2017-132213,Stanley Bostitch Contemporary Electric Pencil Sharpeners,Office Supplies,5.0,13.58,20.0,South
2014-10-18,CA-2014-138450,"White Business Envelopes with Contemporary Seam, Recycled White Business Envelopes",Office Supplies,6.0,8.75,20.0,East
2014-10-18,CA-2014-138450,"Eldon Base for stackable storage shelf, platinum",Office Supplies,6.0,31.15,20.0,East
2014-10-18,CA-2014-138450,"Adams ""While You Were Out"" Message Pads",Office Supplies,4.0,2.51,20.0,East
2015-11-13,CA-2015-153073,"Eldon Imàge Series Desk Accessories, Clear",Furniture,9.0,1.94,60.0,Central
2016-01-31,CA-2016-147970,Xerox 1994,Office Supplies,3.0,5.18,20.0,Central
2016-11-17,CA-2016-150658,Avery Non-Stick Binders,Office Supplies,3.0,3.59,20.0,West
2017-07-25,CA-2017-125640,Avery 491,Office Supplies,1.0,3.3,20.0,East
2017-11-11,CA-2017-154137,Belkin OmniView SE Rackmount Kit,Office Supplies,1.0,35.48,0.0,East
2015-09-26,CA-2015-127173,"Vinyl Coated Wire Paper Clips in Organizer Box, 800/Box",Office Supplies,3.0,11.48,0.0,East
2015-09-26,CA-2015-127173,Ativa MDM8000 8-Sheet Micro-Cut Shredder,Technology,7.0,89.99,0.0,East
2015-09-26,CA-2015-127173,GBC Imprintable Covers,Office Supplies,9.0,8.78,20.0,East
2014-04-04,CA-2014-149538,Safco Commercial Shelving,Office Supplies,5.0,46.51,0.0,South
2014-04-04,CA-2014-149538,Logitech Wireless Marathon Mouse M705,Technology,2.0,49.99,0.0,South
2014-04-04,CA-2014-149538,Xerox 209,Office Supplies,3.0,6.48,0.0,South
2014-04-04,CA-2014-149538,Xerox 1966,Office Supplies,2.0,6.48,0.0,South
2014-09-14,CA-2014-160766,KI Adjustable-Height Table,Furniture,9.0,51.59,40.0,East
2014-09-14,CA-2014-160766,Staple envelope,Office Supplies,7.0,9.78,0.0,East
2014-09-14,CA-2014-160766,Ativa V4110MDD Micro-Cut Shredder,Technology,4.0,699.99,0.0,East
2014-09-14,CA-2014-160766,Honeywell Enviracaire Portable HEPA Air Cleaner for 17' x 22' Room,Office Supplies,2.0,300.65,0.0,East
2014-09-14,CA-2014-160766,Spigen Samsung Galaxy S5 Case Wallet,Technology,1.0,16.99,0.0,East
2014-09-14,CA-2014-160766,Vtech CS6719,Technology,3.0,95.99,0.0,East
2014-09-14,CA-2014-160766,Xerox 198,Office Supplies,9.0,4.98,0.0,East
2017-12-29,CA-2017-146626,Nu-Dell Executive Frame,Furniture,8.0,12.64,0.0,West
2015-06-21,CA-2015-123330,Innergie mMini Combo Duo USB Travel Charging Kit,Technology,3.0,35.99,20.0,South
2017-11-26,CA-2017-155607,Black & Decker Filter for Double Action Dustbuster Cordless Vac BLDV7210,Office Supplies,7.0,8.39,0.0,East
2017-11-26,CA-2017-155607,Binding Machine Supplies,Office Supplies,4.0,23.34,20.0,East
2016-10-23,CA-2016-151323,Advantus SlideClip Paper Clips,Office Supplies,5.0,3.41,0.0,West
2015-12-14,CA-2015-146696,Wilson Jones Standard D-Ring Binders,Office Supplies,2.0,4.05,20.0,West
2016-11-13,CA-2016-128972,"Master Giant Foot Doorstop, Safety Yellow",Furniture,4.0,7.59,0.0,Central
2017-09-29,CA-2017-128335,Staple envelope,Office Supplies,3.0,7.78,0.0,East
2017-09-29,CA-2017-128335,"Speediset Carbonless Redi-Letter 7"" x 8 1/2""",Office Supplies,5.0,10.31,0.0,East
2015-11-08,CA-2015-154886,Microsoft Arc Touch Mouse,Technology,2.0,59.95,0.0,West
2016-04-01,CA-2016-111213,"Hon Deluxe Fabric Upholstered Stacking Chairs, Rounded Back",Furniture,6.0,219.58,10.0,East
2016-04-01,CA-2016-111213,Staple remover,Office Supplies,8.0,7.98,0.0,East
2016-04-01,CA-2016-111213,Avery Non-Stick Binders,Office Supplies,1.0,3.59,20.0,East
2017-02-02,CA-2017-161333,"Howard Miller 11-1/2"" Diameter Grantwood Wall Clock",Furniture,2.0,43.13,0.0,West
2017-02-02,CA-2017-161333,"Multi-Use Personal File Cart and Caster Set, Three Stacking Bins",Office Supplies,4.0,34.76,0.0,West
2017-02-02,CA-2017-161333,Harmony HEPA Quiet Air Purifiers,Office Supplies,4.0,11.7,0.0,West
2017-12-24,CA-2017-128734,Acrylic Self-Standing Desk Frames,Furniture,4.0,2.14,20.0,West
2017-12-24,CA-2017-128734,Global Leather Executive Chair,Furniture,3.0,280.79,20.0,West
2014-06-21,CA-2014-141796,Polycom SoundStation2 EX Conference phone,Technology,3.0,404.95,0.0,East
2017-03-06,CA-2017-125101,"File Shuttle II and Handi-File, Black",Office Supplies,2.0,33.89,0.0,West
2017-09-25,CA-2017-169929,Iris Project Case,Office Supplies,5.0,7.98,0.0,West
2014-06-30,US-2014-121566,Cardinal Poly Pocket Divider Pockets for Ring Binders,Office Supplies,1.0,2.69,20.0,East
2014-06-30,US-2014-121566,"Sanford Uni-Blazer View Highlighters, Chisel Tip, Yellow",Office Supplies,3.0,2.2,0.0,East
2015-08-07,US-2015-124219,"Wilson Jones Hanging View Binder, White, 1""",Office Supplies,4.0,7.1,0.0,Central
2015-08-07,US-2015-124219,"Tenex V2T-RE Standard Weight Series Chair Mat, 45"" x 53"", Lip 25"" x 12""",Furniture,3.0,70.98,0.0,Central
2017-06-30,CA-2017-163006,Samsung Galaxy S4,Technology,2.0,500.79,20.0,Central
2017-06-30,CA-2017-163006,Global Enterprise Series Seating High-Back Swivel/Tilt Chairs,Furniture,3.0,189.69,30.0,Central
2017-06-30,CA-2017-163006,"Seth Thomas 13 1/2"" Wall Clock",Furniture,2.0,7.11,60.0,Central
2015-10-26,CA-2015-156146,Panasonic KX-TG6844B Expandable Digital Cordless Telephone,Technology,2.0,52.79,20.0,West
2015-10-26,CA-2015-156146,Plantronics MX500i Earset,Technology,2.0,34.36,20.0,West
2014-07-30,CA-2014-111192,"Rush Hierlooms Collection 1"" Thick Stackable Bookcases",Furniture,8.0,170.98,0.0,West
2016-11-18,CA-2016-115378,Novimex Swivel Fabric Task Chair,Furniture,2.0,150.98,0.0,Central
2015-07-06,CA-2015-161627,Novimex Turbo Task Chair,Furniture,3.0,56.78,20.0,West
2014-11-10,CA-2014-121006,"Avery Hi-Liter Comfort Grip Fluorescent Highlighter, Yellow Ink",Office Supplies,2.0,1.95,0.0,Central
2014-11-10,CA-2014-121006,Xerox 199,Office Supplies,3.0,4.28,0.0,Central
2014-11-10,CA-2014-121006,Xerox 4200 Series MultiUse Premium Copy Paper (20Lb. and 84 Bright),Office Supplies,3.0,5.28,0.0,Central
2014-11-10,CA-2014-121006,Hon Every-Day Series Multi-Task Chairs,Furniture,3.0,187.98,0.0,Central
2014-11-10,CA-2014-121006,Acco Perma 3000 Stacking Storage Drawers,Office Supplies,3.0,20.98,0.0,Central
2014-11-10,CA-2014-121006,"Hot File 7-Pocket, Floor Stand",Office Supplies,3.0,178.47,0.0,Central
2016-05-27,CA-2016-122903,HON 5400 Series Task Chairs for Big and Tall,Furniture,5.0,700.98,0.0,Central
2016-05-27,CA-2016-122903,Xerox 1910,Office Supplies,3.0,48.04,0.0,Central
2016-05-27,CA-2016-122903,Xerox 1915,Office Supplies,3.0,104.85,0.0,Central
2015-03-08,CA-2015-107741,"Dixon Prang Watercolor Pencils, 10-Color Set with Brush",Office Supplies,1.0,3.41,20.0,West
2017-10-19,CA-2017-106432,"SlimView Poly Binder, 3/8""",Office Supplies,2.0,1.04,80.0,Central
2017-10-19,CA-2017-106432,Rush Hierlooms Collection Rich Wood Bookcases,Furniture,3.0,109.47,32.0,Central
2016-11-05,CA-2016-148908,GBC Twin Loop Wire Binding Elements,Office Supplies,2.0,26.62,20.0,West
2016-12-26,CA-2016-123015,Round Ring Binders,Office Supplies,3.0,1.66,20.0,East
2015-04-13,US-2015-120502,Flat Face Poster Frame,Furniture,2.0,18.84,0.0,West
2015-04-13,US-2015-120502,Aastra 57i VoIP phone,Technology,2.0,129.29,20.0,West
2015-04-13,US-2015-120502,3M Replacement Filter for Office Air Cleaner for 20' x 33' Room,Office Supplies,2.0,37.92,0.0,West
2017-09-12,CA-2017-108749,Xerox 209,Office Supplies,7.0,6.48,0.0,East
2017-09-12,CA-2017-108749,Aluminum Screw Posts,Office Supplies,3.0,15.26,0.0,East
2017-09-24,CA-2017-163335,Fellowes Desktop Hanging File Manager,Office Supplies,3.0,13.43,0.0,South
2017-09-24,CA-2017-163335,Avery Durable Poly Binders,Office Supplies,7.0,5.53,0.0,South
2015-10-10,CA-2015-134719,Tennsco Single-Tier Lockers,Office Supplies,6.0,300.27,20.0,South
2015-11-27,US-2015-154389,LG Exalt,Technology,8.0,93.59,40.0,East
2015-09-13,CA-2015-115567,Case Logic 2.4GHz Wireless Keyboard,Technology,4.0,49.99,0.0,Central
2015-09-13,CA-2015-115567,Hon Multipurpose Stacking Arm Chairs,Furniture,7.0,216.6,0.0,Central
2017-11-14,US-2017-136679,V7 USB Numeric Keypad,Technology,6.0,27.99,20.0,Central
2017-11-14,US-2017-136679,"Boston Electric Pencil Sharpener, Model 1818, Charcoal Black",Office Supplies,2.0,22.52,20.0,Central
2017-05-05,US-2017-141943,"Peel & Seel Recycled Catalog Envelopes, Brown",Office Supplies,2.0,11.58,0.0,West
2014-11-28,CA-2014-101560,Eldon Cleatmat Plus Chair Mats for High Pile Carpets,Furniture,5.0,79.52,0.0,South
2014-11-28,CA-2014-101560,Xerox 1933,Office Supplies,7.0,12.28,0.0,South
2014-11-28,CA-2014-101560,Crayola Colored Pencils,Office Supplies,4.0,3.28,0.0,South
2014-11-28,CA-2014-101560,"GBC Twin Loop Wire Binding Elements, 9/16"" Spine, Black",Office Supplies,3.0,15.22,0.0,South
2014-05-10,CA-2014-159709,"Strathmore #10 Envelopes, Ultimate White",Office Supplies,3.0,52.71,0.0,West
2014-05-10,CA-2014-159709,"LF Elite 3D Dazzle Designer Hard Case Cover, Lf Stylus Pen and Wiper For Apple Iphone 5c Mini Lite",Technology,5.0,8.72,20.0,West
2016-03-03,CA-2016-103982,High Speed Automatic Electric Letter Opener,Office Supplies,3.0,1310.02,20.0,Central
2016-03-03,CA-2016-103982,"Acco Banker's Clasps, 5 3/4""-Long",Office Supplies,1.0,2.3,20.0,Central
2016-03-03,CA-2016-103982,Polycom VVX 310 VoIP phone,Technology,3.0,143.99,20.0,Central
2016-03-03,CA-2016-103982,"Verbatim 25 GB 6x Blu-ray Single Layer Recordable Disc, 1/Pack",Technology,7.0,5.96,20.0,Central
2015-08-15,CA-2015-142454,Tensor Computer Mounted Lamp,Furniture,7.0,14.89,0.0,West
2015-08-15,CA-2015-142454,Mobile Personal File Cube,Office Supplies,3.0,23.42,0.0,West
2015-09-12,CA-2015-102015,"Binney & Smith Crayola Metallic Colored Pencils, 8-Color Set",Office Supplies,2.0,4.63,0.0,East
2015-09-12,CA-2015-102015,"Gould Plastics 9-Pocket Panel Bin, 18-3/8w x 5-1/4d x 20-1/2h, Black",Office Supplies,2.0,52.99,0.0,East
2015-09-12,CA-2015-102015,"OIC Binder Clips, Mini, 1/4"" Capacity, Black",Office Supplies,1.0,1.24,0.0,East
2015-09-12,CA-2015-102015,Avery 489,Office Supplies,2.0,10.35,0.0,East
2015-09-12,CA-2015-102015,HP Office Recycled Paper (20Lb. and 87 Bright),Office Supplies,5.0,5.78,0.0,East
2015-09-12,CA-2015-102015,"Tyvek  Top-Opening Peel & Seel Envelopes, Plain White",Office Supplies,1.0,27.18,0.0,East
2015-01-12,CA-2015-156755,"Dual Level, Single-Width Filing Carts",Office Supplies,3.0,155.06,0.0,East
2015-05-12,CA-2015-130876,Portable Personal File Box,Office Supplies,3.0,12.21,0.0,East
2016-09-26,CA-2016-145898,Advantus Rolling Storage Box,Office Supplies,3.0,17.15,0.0,West
2016-09-26,CA-2016-145898,Avery 494,Office Supplies,3.0,2.61,0.0,West
2016-09-26,CA-2016-145898,SANFORD Major Accent Highlighters,Office Supplies,5.0,7.08,0.0,West
2016-09-26,CA-2016-145898,Great White Multi-Use Recycled Paper (20Lb. and 84 Bright),Office Supplies,5.0,5.98,0.0,West
2017-09-09,US-2017-159562,"#10- 4 1/8"" x 9 1/2"" Recycled Envelopes",Office Supplies,2.0,8.74,0.0,Central
2017-04-15,CA-2017-134635,Xerox 1883,Office Supplies,3.0,26.38,0.0,West
2017-06-10,CA-2017-167080,Prang Dustless Chalk Sticks,Office Supplies,5.0,1.68,0.0,East
2017-09-01,CA-2017-145653,Harbour Creations 67200 Series Stacking Chairs,Furniture,7.0,71.18,0.0,Central
2014-06-14,CA-2014-140487,"Hon Metal Bookcases, Gray",Furniture,3.0,70.98,0.0,Central
2017-05-18,CA-2017-117401,Avanti 1.7 Cu. Ft. Refrigerator,Office Supplies,7.0,100.98,0.0,Central
2017-05-18,CA-2017-117401,Motorola HK250 Universal Bluetooth Headset,Technology,5.0,22.99,0.0,Central
2017-05-18,CA-2017-117401,"Universal Recycled Hanging Pressboard Report Binders, Letter Size",Office Supplies,7.0,6.17,0.0,Central
2017-09-12,US-2017-109582,"Eaton Premium Continuous-Feed Paper, 25% Cotton, Letter Size, White, 1000 Shts/Box",Office Supplies,3.0,55.48,0.0,West
2016-06-21,CA-2016-119865,SpineVue Locking Slant-D Ring Binders by Cardinal,Office Supplies,5.0,7.31,20.0,East
2016-06-21,CA-2016-119865,"Premium Transparent Presentation Covers, No Pattern/Clear, 8 1/2"" x 11""",Office Supplies,6.0,31.02,20.0,East
2016-06-21,CA-2016-119865,O'Sullivan Living Dimensions 5-Shelf Bookcases,Furniture,2.0,176.78,20.0,East
2014-11-26,US-2014-147648,Xerox 1893,Office Supplies,2.0,40.99,0.0,West
2017-03-19,CA-2017-124436,SpineVue Locking Slant-D Ring Binders by Cardinal,Office Supplies,2.0,7.31,20.0,West
2017-03-19,CA-2017-124436,Chromcraft Round Conference Tables,Furniture,5.0,139.43,20.0,West
2017-03-19,CA-2017-124436,"Advantus Employee of the Month Certificate Frame, 11 x 13-1/2",Furniture,1.0,30.93,0.0,West
2017-03-19,CA-2017-124436,"Pressboard Covers with Storage Hooks, 9 1/2"" x 11"", Light Blue",Office Supplies,7.0,3.93,20.0,West
2014-10-18,CA-2014-115084,Office Star Flex Back Scooter Chair with Aluminum Finish Frame,Furniture,6.0,100.89,0.0,South
2017-08-22,CA-2017-131037,Hon Racetrack Conference Tables,Furniture,1.0,210.01,20.0,West
2016-11-19,CA-2016-111143,Acco 6 Outlet Guardian Premium Plus Surge Suppressor,Office Supplies,3.0,18.32,0.0,Central
2014-09-20,CA-2014-166744,"C-Line Cubicle Keepers Polyproplyene Holder w/Velcro Back, 8-1/2x11, 25/Bx",Furniture,3.0,54.74,0.0,East
2014-09-20,CA-2014-166744,O'Sullivan Living Dimensions 2-Shelf Bookcases,Furniture,3.0,120.98,0.0,East
2014-09-20,CA-2014-166744,Logitech 910-002974 M325 Wireless Mouse for Web Scrolling,Technology,2.0,29.99,0.0,East
2016-09-11,CA-2016-116561,"Stur-D-Stor Shelving, Vertical 5-Shelf: 72""H x 36""W x 18 1/2""D",Office Supplies,3.0,110.98,0.0,West
2016-09-11,CA-2016-116561,GBC Standard Therm-A-Bind Covers,Office Supplies,2.0,19.94,20.0,West
2016-09-23,CA-2016-110730,Acme Design Stainless Steel Bent Scissors,Office Supplies,2.0,6.84,0.0,West
2017-08-04,CA-2017-146367,Avery Durable Poly Binders,Office Supplies,3.0,1.11,80.0,Central
2016-07-25,CA-2016-149454,"Avery 3 1/2"" Diskette Storage Pages, 10/Pack",Office Supplies,1.0,10.44,0.0,South
2016-08-02,CA-2016-156265,"Barricks Non-Folding Utility Table with Steel Legs, Laminate Tops",Furniture,2.0,68.23,20.0,West
2016-08-02,CA-2016-156265,Nortel Business Series Terminal T7208 Digital phone,Technology,3.0,111.19,20.0,West
2016-08-02,CA-2016-156265,XtraLife ClearVue Slant-D Ring Binders by Cardinal,Office Supplies,2.0,6.27,20.0,West
2015-05-21,US-2015-168914,Fellowes Basic Home/Office Series Surge Protectors,Office Supplies,8.0,2.6,80.0,Central
2017-11-03,US-2017-110989,HP Standard 104 key PS/2 Keyboard,Technology,3.0,14.5,0.0,West
2015-04-16,CA-2015-106215,Staples,Office Supplies,4.0,3.14,20.0,East
2016-12-12,US-2016-169369,Case Logic 2.4GHz Wireless Keyboard,Technology,5.0,49.99,0.0,South
2016-12-12,US-2016-169369,Xerox 1907,Office Supplies,4.0,12.28,0.0,South
2015-10-30,CA-2015-132318,Tripp Lite Isotel 6 Outlet Surge Protector with Fax/Modem Protection,Office Supplies,3.0,60.97,0.0,South
2014-03-07,US-2014-131982,Catalog Binders with Expanding Posts,Office Supplies,2.0,53.82,20.0,West
2015-03-05,CA-2015-125185,"Situations Contoured Folding Chairs, 4/Set",Furniture,2.0,49.69,30.0,East
2015-03-05,CA-2015-125185,36X48 HARDFLOOR CHAIRMAT,Furniture,2.0,16.78,20.0,East
2016-08-08,CA-2016-130078,Xerox 1954,Office Supplies,2.0,5.28,0.0,Central
2017-01-03,US-2017-114034,Xerox 1905,Office Supplies,6.0,6.48,0.0,West
2017-10-09,US-2017-115595,"Wirebound Message Books, 2 7/8"" x 5"", 3 Forms per Page",Office Supplies,5.0,7.04,0.0,West
2017-10-20,CA-2017-158722,Xerox 1887,Office Supplies,3.0,15.18,20.0,East
2014-09-07,CA-2014-105165,Panasonic KX TS3282B Corded phone,Technology,3.0,65.59,20.0,Central
2014-09-07,CA-2014-105165,"Angle-D Binders with Locking Rings, Label Holders",Office Supplies,2.0,1.46,80.0,Central
2014-09-07,CA-2014-105165,"Riverside Furniture Oval Coffee Table, Oval End Table, End Table with Drawer",Furniture,1.0,200.8,30.0,Central
2014-09-07,CA-2014-105165,Belkin Standard 104 key USB Keyboard,Technology,4.0,11.67,20.0,Central
2014-09-07,CA-2014-105165,Dixon Ticonderoga Core-Lock Colored Pencils,Office Supplies,3.0,7.29,20.0,Central
2017-09-30,CA-2017-147452,"Adams Telephone Message Book W/Dividers/Space For Phone Numbers, 5 1/4""X8 1/2"", 300/Messages",Office Supplies,2.0,5.88,0.0,West
2017-09-30,CA-2017-147452,Xerox 1882,Office Supplies,3.0,55.98,0.0,West
2017-09-30,CA-2017-147452,"Commercial WindTunnel Clean Air Upright Vacuum, Replacement Belts, Filtration Bags",Office Supplies,1.0,3.89,0.0,West
2017-11-16,US-2017-114657,Hewlett-Packard 300S Scientific Calculator,Technology,4.0,13.11,0.0,East
2017-09-11,CA-2017-144484,"6"" Cubicle Wall Clock, Black",Furniture,4.0,8.09,0.0,West
2017-09-11,CA-2017-144484,Kensington 4 Outlet MasterPiece Compact Power Control Center,Office Supplies,5.0,81.32,0.0,West
2017-01-16,CA-2017-125913,"Eldon Expressions Wood and Plastic Desk Accessories, Cherry Wood",Furniture,4.0,6.98,0.0,West
2017-01-16,CA-2017-125913,"Lesro Sheffield Collection Coffee Table, End Table, Center Table, Corner Table",Furniture,7.0,57.1,20.0,West
2016-11-26,US-2016-158309,Zipper Ring Binder Pockets,Office Supplies,4.0,0.94,70.0,South
2015-11-07,CA-2015-162887,Safco Contoured Stacking Chairs,Furniture,3.0,238.4,0.0,East
2017-12-14,CA-2017-147333,Microsoft Sculpt Comfort Mouse,Technology,4.0,39.95,0.0,South
2017-12-14,CA-2017-147333,Kingston Digital DataTraveler 16GB USB 2.0,Technology,5.0,8.95,0.0,South
2014-09-13,CA-2014-113859,"Padded Folding Chairs, Black, 4/Carton",Furniture,6.0,56.69,30.0,Central
2014-12-07,CA-2014-159681,Xerox 1909,Office Supplies,4.0,26.38,0.0,South
2017-09-07,US-2017-104094,Rosewill 107 Normal Keys USB Wired Standard Keyboard,Technology,1.0,13.48,0.0,Central
2017-10-07,CA-2017-152709,"SAFCO Mobile Desk Side File, Wire Frame",Office Supplies,2.0,42.76,0.0,Central
2015-09-05,CA-2015-105158,Longer-Life Soft White Bulbs,Furniture,2.0,3.08,0.0,Central
2015-09-05,CA-2015-105158,Xerox 1881,Office Supplies,3.0,12.28,0.0,Central
2014-03-30,CA-2014-133424,Sterilite Show Offs Storage Containers,Office Supplies,3.0,5.28,0.0,West
2014-03-30,CA-2014-133424,Avery 490,Office Supplies,3.0,14.8,0.0,West
2017-05-05,CA-2017-105991,"Redi-Strip #10 Envelopes, 4 1/8 x 9 1/2",Office Supplies,9.0,2.36,20.0,West
2017-05-05,CA-2017-105991,"Avery Durable Slant Ring Binders, No Labels",Office Supplies,8.0,1.19,70.0,West
2017-05-05,CA-2017-105991,Bestar Classic Bookcase,Furniture,3.0,30.0,70.0,West
2017-04-30,US-2017-136784,Xerox 1919,Office Supplies,4.0,40.99,0.0,West
2014-09-08,CA-2014-146283,"Geographics Note Cards, Blank, White, 8 1/2"" x 11""",Office Supplies,2.0,8.95,20.0,Central
2014-09-08,CA-2014-146283,SAFCO Arco Folding Chair,Furniture,5.0,193.34,30.0,Central
2014-09-08,CA-2014-146283,"Snap-A-Way Black Print Carbonless Ruled Speed Letter, Triplicate",Office Supplies,6.0,30.35,20.0,Central
2017-06-20,CA-2017-151218,Plastic Stacking Crates & Casters,Office Supplies,1.0,4.46,20.0,South
2015-12-26,CA-2015-111073,KI Adjustable-Height Table,Furniture,1.0,51.59,40.0,East
2017-08-15,CA-2017-144883,Avery 495,Office Supplies,8.0,6.3,0.0,Central
2017-03-04,CA-2017-142174,Xerox 1934,Office Supplies,2.0,44.78,20.0,Central
2017-07-27,CA-2017-108791,Tensor Computer Mounted Lamp,Furniture,1.0,14.89,0.0,East
2017-07-27,CA-2017-108791,Nortel Networks T7316 E Nt8 B27,Technology,8.0,67.99,0.0,East
2016-09-23,CA-2016-106656,Poly String Tie Envelopes,Office Supplies,2.0,2.04,0.0,West
2016-09-23,CA-2016-106656,Avery 51,Office Supplies,3.0,6.3,0.0,West
2016-05-30,CA-2016-113831,Hon Rectangular Conference Tables,Furniture,10.0,227.55,0.0,South
2016-05-30,CA-2016-113831,Plantronics CS510 - Over-the-Head monaural Wireless Headset System,Technology,6.0,329.95,0.0,South
2016-05-30,CA-2016-113831,Avery 473,Office Supplies,6.0,10.35,0.0,South
2014-11-16,US-2014-139500,SAFCO Optional Arm Kit for Workspace Cribbage Stacking Chair,Furniture,2.0,18.65,30.0,Central
2014-09-21,US-2014-166310,Dana Swing-Arm Lamps,Furniture,2.0,4.27,60.0,Central
2016-02-21,US-2016-168410,9-3/4 Diameter Round Wall Clock,Furniture,5.0,13.79,0.0,East
2016-02-21,US-2016-168410,"Recycled Data-Pak for Archival Bound Computer Printouts, 12-1/2 x 12-1/2 x 16",Office Supplies,3.0,98.79,0.0,East
2016-02-21,US-2016-168410,iOttie HLCRIO102 Car Mount,Technology,2.0,19.99,0.0,East
2017-11-19,CA-2017-131254,"Global Wood Trimmed Manager's Task Chair, Khaki",Furniture,3.0,63.69,30.0,Central
2017-11-19,CA-2017-131254,"Avery Hi-Liter GlideStik Fluorescent Highlighter, Yellow Ink",Office Supplies,5.0,2.61,20.0,Central
2017-11-19,CA-2017-131254,Fellowes PB500 Electric Punch Plastic Comb Binding Machine with Manual Bind,Office Supplies,6.0,254.2,80.0,Central
2016-08-21,CA-2016-123414,Avery 49,Office Supplies,4.0,2.3,20.0,South
2016-08-21,CA-2016-123414,"Acme 10"" Easy Grip Assistive Scissors",Office Supplies,2.0,14.02,20.0,South
2017-04-30,CA-2017-137876,"Seth Thomas 16"" Steel Case Clock",Furniture,2.0,32.48,0.0,West
2017-04-30,CA-2017-137876,"#10- 4 1/8"" x 9 1/2"" Security-Tint Envelopes",Office Supplies,4.0,7.64,0.0,West
2016-05-02,CA-2016-154060,"Global Stack Chair without Arms, Black",Furniture,9.0,20.78,20.0,South
2017-10-02,US-2017-162558,"Eldon Expressions Wood Desk Accessories, Oak",Furniture,2.0,5.9,20.0,South
2017-10-02,US-2017-162558,Eldon 500 Class Desk Accessories,Furniture,1.0,9.66,20.0,South
2017-10-02,US-2017-162558,Xerox 1996,Office Supplies,4.0,5.18,20.0,South
2017-10-02,US-2017-162558,Ibico Plastic Spiral Binding Combs,Office Supplies,3.0,9.12,70.0,South
2017-10-02,US-2017-162558,Chromcraft Bull-Nose Wood Oval Conference Tables & Bases,Furniture,7.0,330.59,40.0,South
2017-10-02,US-2017-162558,Lock-Up Easel 'Spel-Binder',Office Supplies,4.0,8.56,70.0,South
2017-10-02,US-2017-162558,"Eldon Image Series Desk Accessories, Ebony",Furniture,2.0,9.88,20.0,South
2017-09-18,CA-2017-134439,"Adams Telephone Message Book w/Frequently-Called Numbers Space, 400 Messages per Book",Office Supplies,2.0,7.98,0.0,Central
2015-12-04,CA-2015-119508,Avery Hi-Liter Fluorescent Desk Style Markers,Office Supplies,5.0,3.38,0.0,West
2015-12-04,CA-2015-119508,"Eldon Image Series Desk Accessories, Burgundy",Furniture,6.0,4.18,0.0,West
2015-01-17,CA-2015-152681,Avery Fluorescent Highlighter Four-Color Set,Office Supplies,2.0,3.34,0.0,East
2014-01-06,CA-2014-130813,Xerox 225,Office Supplies,3.0,6.48,0.0,West
2015-03-05,CA-2015-120320,Cisco SPA525G2 IP Phone - Wireless,Technology,2.0,15.96,20.0,Central
2016-12-25,CA-2016-111941,GBC Premium Transparent Covers with Diagonal Lined Pattern,Office Supplies,2.0,16.78,20.0,East
2016-09-04,CA-2016-123120,"Howard Miller 16"" Diameter Gallery Wall Clock",Furniture,1.0,63.94,0.0,East
2016-09-04,CA-2016-123120,Plastic Binding Combs,Office Supplies,5.0,12.12,20.0,East
2016-09-04,CA-2016-123120,Acme Preferred Stainless Steel Scissors,Office Supplies,4.0,5.68,0.0,East
2014-08-26,CA-2014-103331,Acrylic Self-Standing Desk Frames,Furniture,4.0,2.67,0.0,East
2014-08-26,CA-2014-103331,Xerox 1978,Office Supplies,3.0,5.78,0.0,East
2014-08-26,CA-2014-103331,Avoid Verbal Orders Carbonless Minifold Book,Office Supplies,1.0,3.38,0.0,East
2015-05-21,CA-2015-169278,Ibico Plastic and Wire Spiral Binding Combs,Office Supplies,4.0,6.74,20.0,West
2017-10-16,CA-2017-111577,Green Bar Computer Printout Paper,Office Supplies,7.0,43.97,20.0,West
2015-11-09,CA-2015-146486,Tennsco Industrial Shelving,Office Supplies,5.0,48.91,0.0,East
2015-11-09,CA-2015-146486,Poly String Tie Envelopes,Office Supplies,6.0,2.04,0.0,East
2015-11-09,CA-2015-146486,AmazonBasics 3-Button USB Wired Mouse,Technology,2.0,6.99,0.0,East
2015-11-09,CA-2015-146486,Logitech VX Revolution Cordless Laser Mouse for Notebooks (Black),Technology,5.0,179.99,0.0,East
2014-11-21,US-2014-168501,Poly String Tie Envelopes,Office Supplies,1.0,1.63,20.0,Central
2014-11-21,US-2014-168501,RCA Visys Integrated PBX 8-Line Router,Technology,5.0,53.59,20.0,Central
2015-10-11,CA-2015-112053,"Memorex 25GB 6X Branded Blu-Ray Recordable Disc, 30/Pack",Technology,1.0,31.95,0.0,East
2017-03-21,CA-2017-108539,Adjustable Depth Letter/Legal Cart,Office Supplies,4.0,181.46,0.0,West
2017-03-21,CA-2017-108539,"Avery Durable Plastic 1"" Binders",Office Supplies,3.0,3.63,20.0,West
2017-03-21,CA-2017-108539,Pressboard Data Binders by Wilson Jones,Office Supplies,2.0,4.27,20.0,West
2015-01-04,CA-2015-149811,"GBC Standard Recycled Report Covers, Clear Plastic Sheets",Office Supplies,3.0,10.78,0.0,Central
2015-01-04,CA-2015-149811,"Adams Telephone Message Book w/Frequently-Called Numbers Space, 400 Messages per Book",Office Supplies,5.0,7.98,0.0,Central
2017-12-09,US-2017-103814,Xerox 1884,Office Supplies,9.0,15.98,20.0,Central
2016-09-06,CA-2016-123932,Advantus Motivational Note Cards,Office Supplies,4.0,10.48,20.0,Central
2016-09-06,CA-2016-123932,AT&T CL83451 4-Handset Telephone,Technology,2.0,164.79,20.0,Central
2016-09-03,US-2016-101616,Heavy-Duty E-Z-D Binders,Office Supplies,8.0,10.91,0.0,South
2014-05-13,CA-2014-113768,"Iceberg Nesting Folding Chair, 19w x 6d x 43h",Furniture,6.0,46.58,20.0,West
2014-05-13,CA-2014-113768,EcoTones Memo Sheets,Office Supplies,2.0,4.0,0.0,West
2016-09-29,CA-2016-138037,Avery Self-Adhesive Photo Pockets for Polaroid Photos,Office Supplies,5.0,5.45,20.0,West
2014-08-05,CA-2014-150490,Logitech Desktop MK120 Mouse and keyboard Combo,Technology,1.0,16.36,0.0,West
2014-08-05,CA-2014-150490,Akro Stacking Bins,Office Supplies,2.0,7.89,0.0,West
2014-08-05,CA-2014-150490,Boston KS Multi-Size Manual Pencil Sharpener,Office Supplies,2.0,22.99,0.0,West
2017-04-14,US-2017-126060,Sauder Cornerstone Collection Library,Furniture,8.0,24.78,20.0,South
2017-06-09,CA-2017-100951,Standard Rollaway File with Lock,Office Supplies,5.0,144.15,20.0,Central
2016-12-29,CA-2016-122017,"Executive Impressions 10"" Spectator Wall Clock",Furniture,6.0,11.76,0.0,Central
2016-12-29,CA-2016-122017,Belkin 8 Outlet Surge Protector,Office Supplies,2.0,40.98,0.0,Central
2014-01-18,CA-2014-123477,Fellowes Mighty 8 Compact Surge Protector,Office Supplies,4.0,16.22,20.0,West
2016-11-20,CA-2016-107790,Wireless Extenders zBoost YX545 SOHO Signal Booster,Technology,1.0,151.19,20.0,Central
2017-06-10,CA-2017-158071,"Logitech B530 USB Headset - headset - Full size, Binaural",Technology,3.0,29.59,20.0,West
2017-06-10,CA-2017-158071,Avery 512,Office Supplies,4.0,2.89,0.0,West
2017-06-10,CA-2017-158071,Personal File Boxes with Fold-Down Carry Handle,Office Supplies,1.0,15.58,0.0,West
2017-09-10,CA-2017-147403,Xerox 1906,Office Supplies,3.0,28.35,20.0,East
2017-04-08,US-2017-136721,"3M Polarizing Task Lamp with Clamp Arm, Light Gray",Furniture,2.0,136.98,0.0,Central
2017-04-08,US-2017-136721,Luxo Professional Combination Clamp-On Lamps,Furniture,3.0,102.3,0.0,Central
2015-10-24,CA-2015-118738,Xerox 1999,Office Supplies,3.0,5.18,20.0,Central
2015-10-24,CA-2015-118738,KI Conference Tables,Furniture,7.0,49.62,30.0,Central
2015-10-24,CA-2015-118738,Xerox 2,Office Supplies,2.0,5.18,20.0,Central
2017-05-27,CA-2017-134152,Logitech Desktop MK120 Mouse and keyboard Combo,Technology,6.0,16.36,0.0,West
2017-05-27,CA-2017-134152,Staples in misc. colors,Office Supplies,3.0,10.48,0.0,West
2014-12-05,CA-2014-125542,Cameo Buff Policy Envelopes,Office Supplies,7.0,49.78,20.0,East
2014-12-05,CA-2014-125542,Fellowes Bankers Box Recycled Super Stor/Drawer,Office Supplies,4.0,43.18,20.0,East
2016-08-14,CA-2016-136021,Array Memo Cubes,Office Supplies,3.0,5.18,0.0,West
2016-08-14,CA-2016-136021,Texas Instruments TI-34 Scientific Calculator,Technology,6.0,17.59,20.0,West
2016-09-05,CA-2016-149195,Xerox 202,Office Supplies,5.0,5.18,20.0,Central
2016-09-05,CA-2016-149195,Staples,Office Supplies,8.0,1.98,20.0,Central
2016-09-05,CA-2016-149195,Xerox 1930,Office Supplies,2.0,5.18,20.0,Central
2017-06-26,CA-2017-161410,Bose SoundLink Bluetooth Speaker,Technology,3.0,119.4,40.0,East
2017-06-26,CA-2017-161410,Plantronics Voyager Pro HD - Bluetooth Headset,Technology,14.0,38.99,40.0,East
2017-03-12,CA-2017-152786,Avery Non-Stick Binders,Office Supplies,9.0,4.49,0.0,South
2017-02-18,CA-2017-164707,iHome FM Clock Radio with Lightning Dock,Technology,3.0,55.99,20.0,West
2017-02-18,CA-2017-164707,Memorex Micro Travel Drive 32 GB,Technology,3.0,36.51,0.0,West
2017-02-18,CA-2017-164707,Avery 493,Office Supplies,2.0,4.91,0.0,West
2017-11-10,CA-2017-163874,GBC Imprintable Covers,Office Supplies,3.0,8.78,20.0,West
2014-11-19,US-2014-123183,Avery 480,Office Supplies,6.0,3.75,0.0,East
2014-11-19,US-2014-123183,Avery 499,Office Supplies,2.0,4.98,0.0,East
2014-11-19,US-2014-123183,"Premier Elliptical Ring Binder, Black",Office Supplies,7.0,30.44,0.0,East
2014-11-19,US-2014-123183,Sauder Inglewood Library Bookcases,Furniture,6.0,170.98,0.0,East
2014-11-18,CA-2014-104829,"Adams ""While You Were Out"" Message Pads",Office Supplies,7.0,3.14,0.0,West
2016-09-24,US-2016-147340,Nu-Dell Executive Frame,Furniture,5.0,12.64,0.0,West
2016-11-20,CA-2016-145492,"Bravo II Megaboss 12-Amp Hard Body Upright, Replacement Belts, 2 Belts per Pack",Office Supplies,12.0,3.25,0.0,West
2016-09-27,CA-2016-163202,Recycled Pressboard Report Cover with Reinforced Top Hinge,Office Supplies,3.0,0.97,70.0,East
2016-04-09,CA-2016-117681,Bush Somerset Collection Bookcase,Furniture,5.0,111.33,15.0,West
2017-09-21,CA-2017-132262,Sony 64GB Class 10 Micro SDHC R40 Memory Card,Technology,2.0,35.99,0.0,West
2017-09-21,CA-2017-132262,Logitech M510 Wireless Mouse,Technology,2.0,39.99,0.0,West
2017-08-24,CA-2017-123043,DXL Angle-View Binders with Locking Rings by Samsill,Office Supplies,4.0,6.17,20.0,East
2017-08-24,CA-2017-123043,Acco Translucent Poly Ring Binders,Office Supplies,1.0,3.74,20.0,East
2016-02-22,US-2016-143280,AT&T 1070 Corded Phone,Technology,5.0,89.19,20.0,West
2016-02-22,US-2016-143280,Memorex Mini Travel Drive 64 GB USB 2.0 Flash Drive,Technology,1.0,36.24,0.0,West
2016-02-22,US-2016-143280,"Acco Clips to Go Binder Clips, 24 Clips in Two Sizes",Office Supplies,3.0,3.55,0.0,West
2017-12-08,CA-2017-108854,Standard Line “While You Were Out” Hardbound Telephone Message Book,Office Supplies,4.0,21.98,0.0,West
2017-12-08,CA-2017-108854,"Performers Binder/Pad Holder, Black",Office Supplies,1.0,22.42,20.0,West
2017-12-08,CA-2017-108854,Vinyl Sectional Post Binders,Office Supplies,3.0,30.16,20.0,West
2017-12-08,CA-2017-108854,"SAFCO Mobile Desk Side File, Wire Frame",Office Supplies,1.0,42.76,0.0,West
2017-09-18,CA-2017-166856,Wilson Jones Easy Flow II Sheet Lifters,Office Supplies,7.0,1.44,20.0,West
2017-09-18,CA-2017-166856,Kingston Digital DataTraveler 64GB USB 2.0,Technology,3.0,33.78,0.0,West
2016-09-11,CA-2016-153157,Plantronics Encore H101 Dual Earpieces Headset,Technology,5.0,44.95,0.0,Central
2017-09-23,US-2017-125647,Euro Pro Shark Stick Mini Vacuum,Office Supplies,6.0,12.2,80.0,Central
2017-09-23,US-2017-125647,Xerox 217,Office Supplies,4.0,5.18,20.0,Central
2017-09-23,US-2017-125647,OtterBox Commuter Series Case - Samsung Galaxy S4,Technology,2.0,19.99,20.0,Central
2014-10-06,CA-2014-132542,GBC VeloBinder Strips,Office Supplies,2.0,7.68,0.0,Central
2015-10-23,CA-2015-110877,Xerox 212,Office Supplies,7.0,5.18,20.0,Central
2015-10-23,CA-2015-110877,Jabra SPEAK 410,Technology,2.0,75.19,20.0,Central
2016-03-31,US-2016-151827,LG Exalt,Technology,3.0,93.59,40.0,East
2016-03-31,US-2016-151827,Anker Ultra-Slim Mini Bluetooth 3.0 Wireless Keyboard,Technology,2.0,15.99,20.0,East
2016-12-29,US-2016-163258,Acco Translucent Poly Ring Binders,Office Supplies,3.0,3.74,20.0,West
2017-11-03,CA-2017-103009,Xerox 1963,Office Supplies,5.0,5.28,0.0,South
2017-01-20,US-2017-120649,Newell 326,Office Supplies,2.0,1.76,0.0,East
2016-12-03,CA-2016-153598,Logitech Z-906 Speaker sys - home theater - 5.1-CH,Technology,5.0,329.99,0.0,West
2016-12-03,CA-2016-153598,3M Polarizing Light Filter Sleeves,Furniture,6.0,18.65,0.0,West
2016-06-14,US-2016-108497,"Bush Heritage Pine Collection 5-Shelf Bookcase, Albany Pine Finish, *Special Order",Furniture,5.0,119.83,15.0,West
2016-09-02,CA-2016-113096,"Tenex File Box, Personal Filing Tote with Lid, Black",Office Supplies,3.0,15.51,0.0,West
2014-09-05,CA-2014-136861,Telescoping Adjustable Floor Lamp,Furniture,2.0,15.99,20.0,South
2017-10-21,CA-2017-117422,Avanti 1.7 Cu. Ft. Refrigerator,Office Supplies,2.0,80.78,20.0,East
2017-10-21,CA-2017-117422,"RSVP Cards & Envelopes, Blank White, 8-1/2"" X 11"", 24 Cards/25 Envelopes/Set",Office Supplies,1.0,4.06,20.0,East
2017-10-21,CA-2017-117422,"SlimView Poly Binder, 3/8""",Office Supplies,4.0,1.55,70.0,East
2017-04-25,CA-2017-129707,Newell 318,Office Supplies,4.0,2.22,20.0,West
2015-10-19,CA-2015-160171,"Sanyo Counter Height Refrigerator with Crisper, 3.6 Cubic Foot, Stainless Steel/Black",Office Supplies,5.0,328.14,0.0,West
2015-10-19,CA-2015-160171,NETGEAR N750 Dual Band Wi-Fi Gigabit Router,Technology,3.0,90.0,0.0,West
2014-07-05,CA-2014-103317,Advantus Panel Wall Certificate Holder - 8.5x11,Furniture,2.0,9.76,20.0,South
2014-07-05,CA-2014-103317,Wilson Jones Four-Pocket Poly Binders,Office Supplies,5.0,1.96,70.0,South
2014-07-05,CA-2014-103317,Luxo Adjustable Task Clamp Lamp,Furniture,3.0,71.07,20.0,South
2016-04-04,CA-2016-167115,Ibico Ibimaster 300 Manual Binding System,Office Supplies,2.0,294.39,20.0,East
2017-11-13,US-2017-153633,DIXON Oriole Pencils,Office Supplies,1.0,2.06,20.0,South
2017-09-09,CA-2017-155929,Unpadded Memo Slips,Office Supplies,2.0,3.18,20.0,West
2015-04-17,CA-2015-148712,Enermax Acrylux Wireless Keyboard,Technology,1.0,99.6,0.0,East
2015-04-17,CA-2015-148712,"DXL Angle-View Binders with Locking Rings, Black",Office Supplies,13.0,4.79,20.0,East
2015-04-17,CA-2015-148712,Barrel Sharpener,Office Supplies,3.0,3.57,0.0,East
2016-07-25,CA-2016-128307,Quality Park Security Envelopes,Office Supplies,1.0,20.94,20.0,Central
2016-08-26,US-2016-127425,Samsung Replacement EH64AVFWE Premium Headset,Technology,6.0,5.5,0.0,East
2016-08-26,US-2016-127425,Plantronics Audio 478 Stereo USB Headset,Technology,5.0,49.99,0.0,East
2014-09-12,US-2014-119081,Compact Automatic Electric Letter Opener,Office Supplies,3.0,119.31,0.0,Central
2014-09-12,US-2014-119081,SanDisk Cruzer 16 GB USB Flash Drive,Technology,5.0,11.48,0.0,Central
2014-09-12,US-2014-119081,GBC DocuBind P100 Manual Binding Machine,Office Supplies,2.0,165.98,0.0,Central
2014-09-12,US-2014-119081,"Seth Thomas 8 1/2"" Cubicle Clock",Furniture,2.0,20.28,0.0,Central
2016-07-22,CA-2016-140613,"Fiskars 8"" Scissors, 2/Pack",Office Supplies,5.0,17.24,0.0,West
2017-05-19,US-2017-108700,Things To Do Today Spiral Book,Office Supplies,6.0,6.34,20.0,Central
2017-04-28,CA-2017-160962,Sterilite Officeware Hinged File Box,Office Supplies,1.0,8.38,20.0,East
2017-04-28,CA-2017-160962,Newell 341,Office Supplies,2.0,3.42,20.0,East
2017-12-29,CA-2017-130631,Acco Glide Clips,Office Supplies,5.0,3.92,0.0,West
2017-12-29,CA-2017-130631,Hand-Finished Solid Wood Document Frame,Furniture,2.0,34.23,0.0,West
2017-09-04,CA-2017-116680,Acco Suede Grain Vinyl Round Ring Binder,Office Supplies,6.0,2.22,20.0,West
2017-09-04,CA-2017-116680,"Bush Cubix Conference Tables, Fully Assembled",Furniture,8.0,184.78,20.0,West
2014-03-21,US-2014-107405,Tennsco Commercial Shelving,Office Supplies,1.0,16.27,20.0,South
2017-09-28,CA-2017-101574,Longer-Life Soft White Bulbs,Furniture,3.0,3.08,0.0,West
2014-01-19,CA-2014-146591,"GBC Standard Recycled Report Covers, Clear Plastic Sheets",Office Supplies,10.0,3.23,70.0,West
2014-01-19,CA-2014-146591,"TOPS Carbonless Receipt Book, Four 2-3/4 x 7-1/4 Money Receipts per Page",Office Supplies,4.0,14.02,20.0,West
2014-01-19,CA-2014-146591,"Tyvek  Top-Opening Peel & Seel Envelopes, Plain White",Office Supplies,5.0,21.74,20.0,West
2014-01-19,CA-2014-146591,O'Sullivan 4-Shelf Bookcase in Odessa Pine,Furniture,5.0,36.29,70.0,West
2014-02-14,CA-2014-107706,"Memo Book, 100 Message Capacity, 5 3/8” x 11”",Office Supplies,3.0,5.39,20.0,Central
2016-06-09,CA-2016-122448,"Global Deluxe Stacking Chair, Gray",Furniture,3.0,40.78,20.0,West
2014-09-26,CA-2014-132451,"Hon Deluxe Fabric Upholstered Stacking Chairs, Rounded Back",Furniture,3.0,195.18,20.0,West
2014-09-26,CA-2014-132451,Xerox 217,Office Supplies,3.0,6.48,0.0,West
2016-05-30,CA-2016-158547,Euro-Pro Shark Turbo Vacuum,Office Supplies,5.0,24.78,20.0,East
2017-12-19,CA-2017-116946,OIC Stacking Trays,Furniture,5.0,2.67,20.0,West
2017-12-19,CA-2017-116946,Tennsco Industrial Shelving,Office Supplies,2.0,39.13,20.0,West
2017-12-19,CA-2017-116946,O'Sullivan 2-Shelf Heavy-Duty Bookcases,Furniture,7.0,14.57,70.0,West
2017-12-26,CA-2017-121741,Tennsco Single-Tier Lockers,Office Supplies,2.0,375.34,0.0,Central
2017-06-15,CA-2017-169691,Avery 490,Office Supplies,3.0,14.8,0.0,Central
2017-06-15,CA-2017-169691,"Tenex Personal Self-Stacking Standard File Box, Black/Gray",Office Supplies,5.0,16.91,0.0,Central
2017-06-15,CA-2017-169691,Xerox 1992,Office Supplies,3.0,5.98,0.0,Central
2016-11-20,CA-2016-121356,"Wilson Jones Elliptical Ring 3 1/2"" Capacity Binders, 800 sheets",Office Supplies,3.0,42.8,0.0,East
2014-03-31,CA-2014-101770,Avery Hole Reinforcements,Office Supplies,1.0,1.87,70.0,South
2017-10-08,CA-2017-105487,Digium D40 VoIP phone,Technology,1.0,103.19,20.0,West
2017-10-08,CA-2017-105487,KeyTronic E03601U1 - Keyboard - Beige,Technology,2.0,18.0,0.0,West
2017-10-08,CA-2017-105487,Logitech Illuminated - Keyboard,Technology,4.0,59.99,0.0,West
2017-10-08,CA-2017-105487,Tennsco Commercial Shelving,Office Supplies,2.0,20.34,0.0,West
2017-01-30,CA-2017-148999,"Office Star - Contemporary Task Swivel chair with 2-way adjustable arms, Plum",Furniture,4.0,104.78,20.0,South
2014-12-12,CA-2014-107573,Staple envelope,Office Supplies,3.0,7.82,20.0,South
2015-10-24,CA-2015-156608,Avery Non-Stick Binders,Office Supplies,4.0,0.9,80.0,Central
2017-04-01,CA-2017-134495,Mediabridge Sport Armband iPhone 5s,Technology,3.0,7.99,20.0,South
2017-04-01,CA-2017-134495,Avery 494,Office Supplies,3.0,2.09,20.0,South
2017-04-01,CA-2017-134495,Staple holder,Office Supplies,3.0,6.94,20.0,South
2017-04-01,CA-2017-134495,"Global Wood Trimmed Manager's Task Chair, Khaki",Furniture,3.0,72.78,20.0,South
2017-01-26,CA-2017-164098,"SimpliFile Personal File, Black Granite, 15w x 6-15/16d x 11-1/4h",Office Supplies,2.0,9.08,20.0,Central
2014-11-28,CA-2014-105249,Staple remover,Office Supplies,2.0,3.68,0.0,West
2014-11-28,CA-2014-105249,Avery 489,Office Supplies,4.0,10.35,0.0,West
2014-11-28,CA-2014-105249,"Sauder Camden County Barrister Bookcase, Planked Cherry Finish",Furniture,4.0,102.83,15.0,West
2015-09-04,CA-2015-113523,Avery Heavy-Duty EZD View Binder with Locking Rings,Office Supplies,4.0,1.91,70.0,East
2017-06-12,CA-2017-117821,Microsoft Sculpt Comfort Mouse,Technology,2.0,31.96,20.0,East
2017-07-15,CA-2017-164378,Newell 349,Office Supplies,2.0,3.28,0.0,East
2017-07-15,CA-2017-164378,Avery 509,Office Supplies,3.0,2.61,0.0,East
2017-07-15,CA-2017-164378,Sony 32GB Class 10 Micro SDHC R40 Memory Card,Technology,2.0,20.95,0.0,East
2017-07-15,CA-2017-164378,Hon Mobius Operator's Chair,Furniture,6.0,110.69,10.0,East
2017-07-15,CA-2017-164378,Spiral Phone Message Books with Labels by Adams,Office Supplies,2.0,4.48,0.0,East
2017-11-02,CA-2017-127782,Eldon Image Series Black Desk Accessories,Furniture,1.0,3.31,20.0,East
2017-11-02,CA-2017-127782,Black & Decker Filter for Double Action Dustbuster Cordless Vac BLDV7210,Office Supplies,3.0,6.71,20.0,East
2017-11-02,CA-2017-127782,Colored Envelopes,Office Supplies,3.0,2.95,20.0,East
2017-11-02,CA-2017-127782,Wilson Electronics DB Pro Signal Booster,Technology,4.0,214.8,40.0,East
2016-10-08,US-2016-162026,Xerox 1925,Office Supplies,2.0,30.98,0.0,West
2016-04-08,CA-2016-150000,Ampad #10 Peel & Seel Holiday Envelopes,Office Supplies,4.0,4.48,0.0,South
2015-10-08,CA-2015-168529,"Deflect-o SuperTray Unbreakable Stackable Tray, Letter, Black",Furniture,5.0,29.18,0.0,West
2017-05-15,US-2017-152569,Xerox 1880,Office Supplies,2.0,28.35,20.0,Central
2017-05-15,US-2017-152569,QVS USB Car Charger 2-Port 2.1Amp for iPod/iPhone/iPad/iPad 2/iPad 3,Technology,2.0,5.56,20.0,Central
2014-02-24,US-2014-137680,"Message Book, Wirebound, Four 5 1/2"" X 4"" Forms/Pg., 200 Dupl. Sets/Book",Office Supplies,4.0,8.22,20.0,West
2014-02-24,US-2014-137680,"TOPS 4 x 6 Fluorescent Color Memo Sheets, 500 Sheets per Pack",Office Supplies,3.0,7.59,20.0,West
2015-05-30,CA-2015-103177,RCA H5401RE1 DECT 6.0 4-Line Cordless Handset With Caller ID/Call Waiting,Technology,3.0,79.99,0.0,East
2015-05-30,CA-2015-103177,"Eureka The Boss Lite 10-Amp Upright Vacuum, Blue",Office Supplies,2.0,80.16,0.0,East
2015-05-30,CA-2015-103177,Plantronics MX500i Earset,Technology,3.0,42.95,0.0,East
2016-11-18,US-2016-138408,Logitech Z-906 Speaker sys - home theater - 5.1-CH,Technology,4.0,329.99,0.0,South
2017-12-04,CA-2017-117667,Global Chrome Stack Chair,Furniture,10.0,24.0,30.0,East
2017-12-04,CA-2017-117667,Hand-Finished Solid Wood Document Frame,Furniture,2.0,27.38,20.0,East
2017-12-04,CA-2017-117667,DIXON Ticonderoga Erasable Checking Pencils,Office Supplies,3.0,4.46,20.0,East
2017-12-04,CA-2017-117667,Xerox 1956,Office Supplies,5.0,4.78,20.0,East
2017-12-04,CA-2017-117667,Logitech G13 Programmable Gameboard with LCD Display,Technology,4.0,63.99,20.0,East
2016-06-05,CA-2016-110982,Avery Non-Stick Binders,Office Supplies,6.0,3.59,20.0,West
2016-06-05,CA-2016-110982,Acco 6 Outlet Guardian Premium Surge Suppressor,Office Supplies,4.0,14.56,0.0,West
2016-12-10,CA-2016-147123,"Wirebound Message Books, Four 2 3/4 x 5 White Forms per Page",Office Supplies,12.0,6.69,0.0,West
2017-04-30,CA-2017-154501,Faber Castell Col-Erase Pencils,Office Supplies,2.0,4.89,0.0,West
2017-04-24,CA-2017-166933,Colored Push Pins,Office Supplies,1.0,1.81,0.0,West
2015-05-08,CA-2015-142055,Xerox 1912,Office Supplies,2.0,18.97,0.0,East
2015-03-31,CA-2015-137106,PureGear Roll-On Screen Protector,Technology,5.0,15.99,20.0,South
2017-08-06,CA-2017-136609,14-7/8 x 11 Blue Bar Computer Printout Paper,Office Supplies,3.0,38.43,20.0,Central
2017-12-02,CA-2017-160885,ClearOne CHATAttach 160 - speaker phone,Technology,4.0,619.99,0.0,Central
2016-06-06,US-2016-167472,Logitech Trackman Marble Mouse,Technology,6.0,29.99,0.0,South
2016-06-06,US-2016-167472,Kingston Digital DataTraveler 16GB USB 2.0,Technology,3.0,8.95,0.0,South
2016-06-06,US-2016-167472,Plantronics S12 Corded Telephone Headset System,Technology,3.0,107.79,0.0,South
2016-06-06,US-2016-167472,Xerox 191,Office Supplies,3.0,19.98,0.0,South
2016-06-06,US-2016-167472,Trimflex Flexible Post Binders,Office Supplies,3.0,21.38,0.0,South
2016-06-06,US-2016-167472,Avery Binder Labels,Office Supplies,3.0,3.89,0.0,South
2016-06-06,US-2016-167472,Xerox 230,Office Supplies,2.0,6.48,0.0,South
2015-04-13,CA-2015-120551,Fellowes Black Plastic Comb Bindings,Office Supplies,3.0,5.81,0.0,Central
2017-05-22,US-2017-150595,High-Back Leather Manager's Chair,Furniture,2.0,90.99,30.0,Central
2017-05-22,US-2017-150595,"Avery Durable Slant Ring Binders, No Labels",Office Supplies,2.0,0.8,80.0,Central
2017-05-22,US-2017-150595,Acme Forged Steel Scissors with Black Enamel Handles,Office Supplies,3.0,7.45,20.0,Central
2016-12-19,CA-2016-134936,"SAFCO PlanMaster Boards, 60w x 37-1/2d, White Melamine",Furniture,6.0,76.0,50.0,West
2016-12-19,CA-2016-134936,"Wilson Jones Clip & Carry Folder Binder Tool for Ring Binders, Clear",Office Supplies,6.0,1.74,70.0,West
2016-12-19,CA-2016-134936,"Cardinal Slant-D Ring Binder, Heavy Gauge Vinyl",Office Supplies,2.0,2.61,70.0,West
2017-09-22,CA-2017-102967,"Tenex Personal Project File with Scoop Front Design, Black",Office Supplies,5.0,13.48,0.0,East
2017-09-07,CA-2017-151008,"DAX Copper Panel Document Frame, 5 x 7 Size",Furniture,2.0,12.58,0.0,West
2017-09-07,CA-2017-151008,Motorla HX550 Universal Bluetooth Headset,Technology,4.0,31.64,20.0,West
2014-11-28,CA-2014-159800,Acco 6 Outlet Guardian Premium Surge Suppressor,Office Supplies,3.0,14.56,0.0,West
2014-11-28,CA-2014-159800,Micropad Numeric Keypads,Technology,7.0,19.99,0.0,West
2014-11-12,US-2014-159618,Avery Fluorescent Highlighter Four-Color Set,Office Supplies,1.0,2.67,20.0,Central
2014-11-12,US-2014-159618,Acco Side-Punched Conventional Columnar Pads,Office Supplies,6.0,2.78,20.0,Central
2014-11-12,US-2014-159618,Imation 16GB Mini TravelDrive USB 2.0 Flash Drive,Technology,3.0,26.5,20.0,Central
2014-11-12,US-2014-159618,Xerox 216,Office Supplies,7.0,5.18,20.0,Central
2014-11-12,US-2014-159618,Bestar Classic Bookcase,Furniture,1.0,67.99,32.0,Central
2017-10-02,CA-2017-116113,"Master Caster Door Stop, Gray",Furniture,2.0,5.08,0.0,South
2015-12-14,CA-2015-125066,Stackable Trays,Furniture,2.0,3.08,0.0,South
2015-12-14,CA-2015-125066,"Boston Electric Pencil Sharpener, Model 1818, Charcoal Black",Office Supplies,2.0,28.15,0.0,South
2015-12-06,US-2015-114741,Xerox 20,Office Supplies,1.0,6.48,0.0,West
2015-12-06,US-2015-114741,Tennsco 6- and 18-Compartment Lockers,Office Supplies,5.0,265.17,0.0,West
2015-12-06,US-2015-114741,Avery 483,Office Supplies,3.0,4.98,0.0,West
2017-03-31,CA-2017-133263,Ibico Recycled Grain-Textured Covers,Office Supplies,1.0,34.54,0.0,South
2017-03-31,CA-2017-133263,Hewlett Packard LaserJet 3310 Copier,Technology,5.0,599.99,0.0,South
2017-03-31,CA-2017-133263,Avery Recycled Flexi-View Covers for Binding Systems,Office Supplies,4.0,16.03,0.0,South
2017-03-13,CA-2017-157966,Col-Erase Pencils with Erasers,Office Supplies,4.0,4.86,20.0,Central
2017-03-13,CA-2017-157966,"HP Officejet Pro 8600 e-All-In-One Printer, Copier, Scanner, Fax",Technology,2.0,104.99,30.0,Central
2017-03-13,CA-2017-157966,"Eberhard Faber 3 1/2"" Golf Pencils",Office Supplies,5.0,5.95,20.0,Central
2017-03-13,CA-2017-157966,SAFCO Folding Chair Trolley,Furniture,1.0,89.77,30.0,Central
2017-03-13,CA-2017-157966,Hewlett Packard LaserJet 3310 Copier,Technology,2.0,479.99,20.0,Central
2017-03-13,CA-2017-157966,Xerox 1993,Office Supplies,3.0,5.18,20.0,Central
2017-03-13,CA-2017-157966,Plantronics MX500i Earset,Technology,1.0,34.36,20.0,Central
2014-12-05,CA-2014-151162,Xerox 1893,Office Supplies,3.0,32.79,20.0,East
2014-12-05,CA-2014-151162,Large Capacity Hanging Post Binders,Office Supplies,4.0,7.49,70.0,East
2014-12-05,CA-2014-151162,"Black Print Carbonless 8 1/2"" x 8 1/4"" Rapid Memo Book",Office Supplies,3.0,5.82,20.0,East
2014-12-05,CA-2014-151162,Lunatik TT5L-002 Taktik Strike Impact Protection System for iPhone 5,Technology,1.0,36.74,40.0,East
2014-12-05,CA-2014-151162,Panasonic KX T7736-B Digital phone,Technology,2.0,89.97,40.0,East
2016-12-12,CA-2016-136686,"Howard Miller 14-1/2"" Diameter Chrome Round Wall Clock",Furniture,6.0,63.94,0.0,West
2016-12-12,CA-2016-136686,Belkin F9H710-06 7 Outlet SurgeMaster Surge Protector,Office Supplies,3.0,18.84,0.0,West
2017-09-09,CA-2017-137498,Newell 35,Office Supplies,2.0,3.28,0.0,West
2017-09-09,CA-2017-137498,Novimex Fabric Task Chair,Furniture,5.0,48.78,20.0,West
2017-09-09,CA-2017-137498,Astroparche Fine Business Paper,Office Supplies,9.0,5.28,0.0,West
2017-10-04,CA-2017-163818,24-Hour Round Wall Clock,Furniture,1.0,19.98,0.0,East
2016-05-09,CA-2016-161158,Sanford Pocket Accent Highlighters,Office Supplies,5.0,1.6,0.0,East
2014-12-15,CA-2014-116673,Stackable Trays,Furniture,2.0,3.08,0.0,West
2017-11-30,CA-2017-105333,"Iris 3-Drawer Stacking Bin, Black",Office Supplies,4.0,20.89,0.0,East
2017-11-30,CA-2017-105333,Panasonic Business Telephones KX-T7736,Technology,3.0,182.02,0.0,East
2017-11-30,CA-2017-105333,Fellowes Officeware Wire Shelving,Office Supplies,3.0,89.83,0.0,East
2015-03-19,CA-2015-149993,Stockwell Push Pins,Office Supplies,5.0,2.18,0.0,West
2014-07-19,CA-2014-168158,"Acco Pressboard Covers with Storage Hooks, 14 7/8"" x 11"", Dark Blue",Office Supplies,2.0,3.05,20.0,West
2016-12-08,CA-2016-115224,"SimpliFile Personal File, Black Granite, 15w x 6-15/16d x 11-1/4h",Office Supplies,3.0,11.35,0.0,West
2016-12-08,CA-2016-115224,Fellowes High-Stak Drawer Files,Office Supplies,2.0,176.19,0.0,West
2014-10-13,CA-2014-164742,"Global High-Back Leather Tilter, Burgundy",Furniture,2.0,122.99,0.0,East
2014-10-13,CA-2014-164742,Flexible Leather- Look Classic Collection Ring Binder,Office Supplies,1.0,18.94,0.0,East
2017-11-19,US-2017-108014,Lock-Up Easel 'Spel-Binder',Office Supplies,7.0,8.56,70.0,East
2017-09-24,CA-2017-160325,Panasonic KX-TG9471B,Technology,2.0,195.99,0.0,East
2017-09-24,CA-2017-160325,Wi-Ex zBoost YX540 Cellular Phone Signal Booster,Technology,3.0,145.95,0.0,East
2015-09-25,CA-2015-159779,GBC Prestige Therm-A-Bind Covers,Office Supplies,2.0,34.31,0.0,East
2017-02-13,CA-2017-151176,Acme Elite Stainless Steel Scissors,Office Supplies,3.0,8.34,0.0,East
2017-02-13,CA-2017-151176,Barrel Sharpener,Office Supplies,3.0,3.57,0.0,East
2014-10-03,CA-2014-108903,Hunt Boston Vacuum Mount KS Pencil Sharpener,Office Supplies,2.0,27.99,20.0,East
2014-10-03,CA-2014-108903,Convenience Packs of Business Envelopes,Office Supplies,5.0,2.9,20.0,East
2014-10-03,CA-2014-108903,Logitech G105 Gaming Keyboard,Technology,3.0,47.5,20.0,East
2016-08-27,CA-2016-117919,Portfile Personal File Boxes,Office Supplies,1.0,14.16,20.0,Central
2016-08-27,CA-2016-117919,Southworth 25% Cotton Premium Laser Paper and Envelopes,Office Supplies,5.0,15.98,20.0,Central
2015-12-03,CA-2015-142475,GBC Therma-A-Bind 250T Electric Binding System,Office Supplies,6.0,98.39,20.0,East
2016-09-20,CA-2016-134516,Dana Swing-Arm Lamps,Furniture,2.0,8.54,20.0,South
2016-09-20,CA-2016-134516,"Global High-Back Leather Tilter, Burgundy",Furniture,1.0,98.39,20.0,South
2017-03-25,CA-2017-105193,Newell 311,Office Supplies,5.0,2.21,0.0,East
2015-12-06,CA-2015-168634,"Commercial WindTunnel Clean Air Upright Vacuum, Replacement Belts, Filtration Bags",Office Supplies,2.0,3.89,0.0,West
2017-08-31,CA-2017-117198,Plantronics CS510 - Over-the-Head monaural Wireless Headset System,Technology,2.0,329.95,0.0,South
2015-10-05,CA-2015-145828,SanDisk Ultra 32 GB MicroSDHC Class 10 Memory Card,Technology,3.0,17.68,20.0,East
2017-08-18,CA-2017-121027,Plantronics Savi W720 Multi-Device Wireless Headset System,Technology,2.0,421.95,0.0,West
2017-08-18,CA-2017-121027,Imation Bio 8GB USB Flash Drive Imation Corp,Technology,9.0,166.24,0.0,West
2016-02-02,CA-2016-147431,"Belkin 19"" Center-Weighted Shelf, Gray",Office Supplies,2.0,58.98,0.0,East
2016-08-23,CA-2016-158001,"Dixon Prang Watercolor Pencils, 10-Color Set with Brush",Office Supplies,5.0,4.26,0.0,East
2016-08-23,CA-2016-158001,"1.7 Cubic Foot Compact ""Cube"" Office Refrigerators",Office Supplies,5.0,208.16,0.0,East
2016-08-23,CA-2016-158001,Newell 331,Office Supplies,6.0,4.89,0.0,East
2017-06-30,CA-2017-125745,Advantus Panel Wall Certificate Holder - 8.5x11,Furniture,2.0,9.76,20.0,South
2015-09-18,CA-2015-101154,"Stur-D-Stor Shelving, Vertical 5-Shelf: 72""H x 36""W x 18 1/2""D",Office Supplies,4.0,110.98,0.0,West
2016-09-25,US-2016-124163,Logitech Wireless Headset h800,Technology,5.0,99.99,0.0,Central
2016-09-25,US-2016-124163,Manco Dry-Lighter Erasable Highlighter,Office Supplies,1.0,3.04,0.0,Central
2016-09-25,US-2016-124163,"Global Fabric Manager's Chair, Dark Gray",Furniture,2.0,100.98,0.0,Central
2016-09-25,US-2016-124163,Eldon Expressions Mahogany Wood Desk Collection,Furniture,11.0,6.24,0.0,Central
2016-10-24,CA-2016-121748,Micro Innovations USB RF Wireless Keyboard with Mouse,Technology,4.0,25.0,0.0,West
2016-10-24,CA-2016-121748,Logitech VX Revolution Cordless Laser Mouse for Notebooks (Black),Technology,2.0,179.99,0.0,West
2014-09-29,CA-2014-126683,Longer-Life Soft White Bulbs,Furniture,2.0,3.08,0.0,West
2014-09-29,CA-2014-126683,"Bevis Oval Conference Table, Walnut",Furniture,9.0,260.98,0.0,West
2017-06-26,CA-2017-148810,Avery 512,Office Supplies,6.0,2.31,20.0,South
2017-06-26,CA-2017-148810,Hon Comfortask Task/Swivel Chairs,Furniture,3.0,91.18,20.0,South
2016-08-21,US-2016-146066,"Iceberg OfficeWorks 42"" Round Tables",Furniture,9.0,90.59,40.0,East
2014-02-11,CA-2014-127614,Enermax Aurora Lite Keyboard,Technology,3.0,78.15,0.0,South
2014-02-11,CA-2014-127614,Hon 2111 Invitation Series Corner Table,Furniture,6.0,209.37,0.0,South
2014-02-11,CA-2014-127614,Wilson Jones Leather-Like Binders with DublLock Round Rings,Office Supplies,2.0,8.73,0.0,South
2016-09-23,CA-2016-101742,3-ring staple pack,Office Supplies,7.0,1.5,20.0,East
2015-12-05,CA-2015-134943,Surelock Post Binders,Office Supplies,5.0,30.56,0.0,Central
2017-09-03,CA-2017-123022,"Square Ring Data Binders, Rigid 75 Pt. Covers, 11"" x 14-7/8""",Office Supplies,5.0,16.51,20.0,West
2017-09-03,CA-2017-123022,Kensington Expert Mouse Optical USB Trackball for PC or Mac,Technology,3.0,94.99,0.0,West
2017-03-26,CA-2017-113208,"Career Cubicle Clock, 8 1/4"", Black",Furniture,3.0,20.28,0.0,Central
2014-12-21,CA-2014-154893,SAFCO Arco Folding Chair,Furniture,6.0,220.96,20.0,West
2014-12-21,CA-2014-154893,Safco Contoured Stacking Chairs,Furniture,3.0,190.72,20.0,West
2014-09-23,CA-2014-147900,EcoTones Memo Sheets,Office Supplies,9.0,3.2,20.0,East
2017-04-02,CA-2017-106355,Newell 318,Office Supplies,4.0,2.78,0.0,East
2016-04-01,CA-2016-127985,Regeneration Desk Collection,Furniture,4.0,1.76,0.0,South
2015-05-15,CA-2015-166604,Wausau Papers Astrobrights Colored Envelopes,Office Supplies,3.0,5.98,0.0,South
2017-03-23,CA-2017-120719,"Cardinal Slant-D Ring Binder, Heavy Gauge Vinyl",Office Supplies,5.0,6.95,20.0,West
2017-04-14,CA-2017-127117,Tensor Computer Mounted Lamp,Furniture,5.0,14.89,0.0,East
2015-01-04,CA-2015-104241,DAX Wood Document Frame,Furniture,14.0,13.73,0.0,South
2017-11-02,CA-2017-168179,Xerox 220,Office Supplies,3.0,6.48,0.0,West
2017-07-17,CA-2017-142342,Xerox 221,Office Supplies,5.0,6.48,0.0,West
2017-07-17,CA-2017-142342,"Peel & Seel Recycled Catalog Envelopes, Brown",Office Supplies,5.0,11.58,0.0,West
2017-07-17,CA-2017-142342,Sterilite Show Offs Storage Containers,Office Supplies,2.0,5.28,0.0,West
2017-07-17,CA-2017-142342,"Atlantic Metals Mobile 4-Shelf Bookcases, Custom Colors",Furniture,5.0,238.83,15.0,West
2017-10-06,CA-2017-109099,Xerox 1893,Office Supplies,1.0,40.99,0.0,East
2014-11-04,US-2014-134187,Newell 343,Office Supplies,1.0,2.94,0.0,West
2016-12-18,CA-2016-145261,Vinyl Sectional Post Binders,Office Supplies,4.0,11.31,70.0,West
2016-12-18,CA-2016-145261,Newell 312,Office Supplies,4.0,4.67,20.0,West
2016-12-18,CA-2016-145261,"Black Print Carbonless 8 1/2"" x 8 1/4"" Rapid Memo Book",Office Supplies,2.0,5.82,20.0,West
2016-12-18,CA-2016-145261,Sony Micro Vault Click 8 GB USB 2.0 Flash Drive,Technology,3.0,37.59,20.0,West
2016-12-18,CA-2016-145261,"Iceberg OfficeWorks 42"" Round Tables",Furniture,5.0,75.49,50.0,West
2016-12-18,CA-2016-145261,Avery White Multi-Purpose Labels,Office Supplies,4.0,3.98,20.0,West
2016-12-18,CA-2016-145261,Macally Suction Cup Mount,Technology,3.0,9.56,20.0,West
2016-09-24,CA-2016-108875,Electrix 20W Halogen Replacement Bulb for Zoom-In Desk Lamp,Furniture,2.0,10.72,20.0,West
2016-09-24,CA-2016-108875,Sensible Storage WireTech Storage Systems,Office Supplies,9.0,56.78,20.0,West
2016-07-21,CA-2016-141957,Boston 16765 Mini Stand Up Battery Pencil Sharpener,Office Supplies,2.0,9.33,20.0,East
2016-07-21,CA-2016-141957,"Wilson Jones 1"" Hanging DublLock Ring Binders",Office Supplies,7.0,1.58,70.0,East
2016-07-21,CA-2016-141957,Safco Steel Mobile File Cart,Office Supplies,1.0,66.69,20.0,East
2016-07-21,CA-2016-141957,"Fellowes Mobile File Cart, Black",Office Supplies,2.0,49.74,20.0,East
2016-06-11,CA-2016-142405,Avery 486,Office Supplies,2.0,7.31,0.0,West
2016-06-11,CA-2016-142405,Wilson Jones Turn Tabs Binder Tool for Ring Binders,Office Supplies,14.0,3.86,20.0,West
2016-06-11,CA-2016-142405,Logitech G35 7.1-Channel Surround Sound Headset,Technology,3.0,129.99,0.0,West
2015-06-09,CA-2015-141012,Luxo Adjustable Task Clamp Lamp,Furniture,4.0,88.84,0.0,West
2015-06-09,CA-2015-141012,Dexim XPower Skin Super-Thin Power Case for iPhone 5 - Black,Technology,3.0,46.79,20.0,West
2017-10-27,CA-2017-127922,#6 3/4 Gummed Flap White Envelopes,Office Supplies,2.0,7.92,20.0,Central
2017-10-27,CA-2017-127922,Xerox 1972,Office Supplies,2.0,4.22,20.0,Central
2016-01-22,CA-2016-146318,Xerox 218,Office Supplies,2.0,6.48,0.0,West
2014-05-28,CA-2014-135993,I Need's 3d Hello Kitty Hybrid Silicone Case Cover for HTC One X 4g with 3d Hello Kitty Stylus Pen Green/pink,Technology,6.0,9.57,20.0,West
2014-05-28,CA-2014-135993,Imation 30456 USB Flash Drive 8GB,Technology,4.0,6.9,0.0,West
2014-12-29,CA-2014-126802,Tenex Chairmats For Use with Hard Floors,Furniture,3.0,12.99,60.0,Central
2016-07-28,CA-2016-143924,Staples,Office Supplies,7.0,2.92,0.0,Central
2016-07-28,CA-2016-143924,Xerox 1889,Office Supplies,2.0,54.96,0.0,Central
2016-09-24,CA-2016-141551,Avery Heavy-Duty EZD View Binder with Locking Rings,Office Supplies,1.0,6.38,0.0,Central
2016-09-24,CA-2016-141551,Xerox 232,Office Supplies,1.0,6.48,0.0,Central
2014-04-02,CA-2014-164315,Xerox 1990,Office Supplies,3.0,5.28,0.0,South
2014-04-02,CA-2014-164315,Motorola Droid Maxx,Technology,7.0,149.99,0.0,South
2014-04-02,CA-2014-164315,Euro-Pro Shark Turbo Vacuum,Office Supplies,5.0,30.98,0.0,South
2015-11-05,CA-2015-131072,"Avery Trapezoid Ring Binder, 3"" Capacity, Black, 1040 sheets",Office Supplies,3.0,32.78,20.0,West
2014-07-28,CA-2014-131541,"OIC Colored Binder Clips, Assorted Sizes",Office Supplies,5.0,2.86,20.0,South
2014-07-28,CA-2014-131541,"DataProducts Ampli Magnifier Task Lamp, Black,",Furniture,6.0,21.65,20.0,South
2014-07-28,CA-2014-131541,"#10- 4 1/8"" x 9 1/2"" Recycled Envelopes",Office Supplies,7.0,6.99,20.0,South
2015-12-26,CA-2015-119550,"Office Star - Contemporary Task Swivel chair with 2-way adjustable arms, Plum",Furniture,3.0,91.69,30.0,Central
2015-12-10,US-2015-138093,Manco Dry-Lighter Erasable Highlighter,Office Supplies,9.0,3.04,0.0,East
2015-12-10,US-2015-138093,"Recycled Desk Saver Line ""While You Were Out"" Book, 5 1/2"" X 4""",Office Supplies,5.0,8.95,0.0,East
2015-12-10,US-2015-138093,Cisco 8x8 Inc. 6753i IP Business Phone System,Technology,1.0,134.99,0.0,East
2015-12-10,US-2015-138093,Astroparche Fine Business Paper,Office Supplies,5.0,5.28,0.0,East
2015-12-10,US-2015-138093,Global Ergonomic Managers Chair,Furniture,3.0,180.98,0.0,East
2016-05-05,CA-2016-126165,Hon 61000 Series Interactive Training Tables,Furniture,2.0,35.54,20.0,West
2017-10-14,CA-2017-126123,"GBC Twin Loop Wire Binding Elements, 9/16"" Spine, Black",Office Supplies,9.0,3.04,80.0,Central
2017-10-14,CA-2017-126123,Catalog Binders with Expanding Posts,Office Supplies,1.0,13.46,80.0,Central
2016-11-05,CA-2016-143441,Avery 490,Office Supplies,1.0,11.84,20.0,Central
2017-11-03,CA-2017-148320,Xerox 1992,Office Supplies,6.0,5.98,0.0,West
2016-11-24,CA-2016-125661,Brown Kraft Recycled Envelopes,Office Supplies,3.0,13.58,20.0,East
2016-11-24,CA-2016-125661,V7 USB Numeric Keypad,Technology,5.0,27.99,20.0,East
2014-12-14,US-2014-123519,Newell 35,Office Supplies,1.0,2.62,20.0,East
2014-12-14,US-2014-123519,Hon Rectangular Conference Tables,Furniture,1.0,136.53,40.0,East
2014-12-14,US-2014-123519,Plantronics CS510 - Over-the-Head monaural Wireless Headset System,Technology,1.0,263.96,20.0,East
2014-11-03,CA-2014-155593,Acme Kleen Earth Office Shears,Office Supplies,3.0,3.88,0.0,East
2017-09-22,CA-2017-136000,GBC Poly Designer Binding Covers,Office Supplies,3.0,13.39,20.0,East
2015-05-08,US-2015-160857,DAX Black Cherry Wood-Tone Poster Frame,Furniture,3.0,26.48,0.0,East
2015-05-08,US-2015-160857,Compact Automatic Electric Letter Opener,Office Supplies,3.0,119.31,0.0,East
2015-05-08,US-2015-160857,"Situations Contoured Folding Chairs, 4/Set",Furniture,2.0,63.88,10.0,East
2015-05-08,US-2015-160857,Sharp AL-1530CS Digital Copier,Technology,7.0,399.99,20.0,East
2015-05-08,US-2015-160857,Xerox 204,Office Supplies,3.0,6.48,0.0,East
2017-07-31,CA-2017-115805,Motorola L804,Technology,1.0,36.79,20.0,Central
2014-03-01,US-2014-143707,Sannysis Cute Owl Design Soft Skin Case Cover for Samsung Galaxy S4,Technology,3.0,1.98,0.0,East
2017-09-25,CA-2017-116939,Steel Personal Filing/Posting Tote,Office Supplies,5.0,35.51,0.0,South
2015-10-09,CA-2015-124107,Logitech G19 Programmable Gaming Keyboard,Technology,5.0,123.99,0.0,Central
2015-10-09,CA-2015-124107,KLD Oscar II Style Snap-on Ultra Thin Side Flip Synthetic Leather Cover Case for HTC One HTC M7,Technology,3.0,9.72,0.0,Central
2015-10-09,CA-2015-124107,Staple envelope,Office Supplies,7.0,8.28,0.0,Central
2015-10-09,CA-2015-124107,Belkin 6 Outlet Metallic Surge Strip,Office Supplies,3.0,9.8,10.0,Central
2017-03-29,CA-2017-126550,Adjustable Personal File Tote,Office Supplies,5.0,16.28,0.0,Central
2015-11-14,CA-2015-138674,Advantus Push Pins,Office Supplies,5.0,1.74,20.0,West
2015-11-14,CA-2015-138674,Imation Secure Drive + Hardware Encrypted USB flash drive - 16 GB,Technology,3.0,30.39,20.0,West
2015-11-14,CA-2015-138674,Plantronics Audio 478 Stereo USB Headset,Technology,4.0,39.99,20.0,West
2016-09-26,CA-2016-165820,Xerox 1905,Office Supplies,2.0,6.48,0.0,West
2014-09-22,CA-2014-103191,"SAFCO Commercial Wire Shelving, Black",Office Supplies,3.0,110.51,20.0,Central
2015-09-25,CA-2015-103933,Razer Kraken 7.1 Surround Sound Over Ear USB Gaming Headset,Technology,9.0,99.99,0.0,East
2015-05-04,CA-2015-110548,ShoreTel ShorePhone IP 230 VoIP phone,Technology,7.0,135.19,20.0,Central
2017-12-08,CA-2017-117324,Logitech G105 Gaming Keyboard,Technology,3.0,59.37,0.0,Central
2017-12-08,CA-2017-117324,Hoover WindTunnel Plus Canister Vacuum,Office Supplies,3.0,363.25,0.0,Central
2017-12-08,CA-2017-117324,"Avery 4027 File Folder Labels for Dot Matrix Printers, 5000 Labels per Box, White",Office Supplies,2.0,30.53,0.0,Central
2017-12-08,CA-2017-117324,"Sauder Camden County Collection Libraries, Planked Cherry Finish",Furniture,4.0,114.98,0.0,Central
2017-12-08,CA-2017-117324,"Adams Phone Message Book, 200 Message Capacity, 8 1/16” x 11”",Office Supplies,4.0,6.88,0.0,Central
2017-06-29,CA-2017-143574,"Hon Metal Bookcases, Putty",Furniture,9.0,70.98,0.0,East
2017-06-29,CA-2017-143574,Acme Box Cutter Scissors,Office Supplies,3.0,10.23,0.0,East
2017-06-29,CA-2017-143574,"DAX Executive Solid Wood Document Frame, Desktop or Hang, Mahogany, 5 x 7",Furniture,2.0,12.58,0.0,East
2014-06-29,CA-2014-111773,"Wilson Jones Clip & Carry Folder Binder Tool for Ring Binders, Clear",Office Supplies,3.0,4.64,20.0,East
2014-01-20,CA-2014-148614,"Wirebound Service Call Books, 5 1/2"" x 4""",Office Supplies,2.0,9.68,0.0,West
2014-01-20,CA-2014-148614,"Eldon Expressions Desk Accessory, Wood Pencil Holder, Oak",Furniture,2.0,9.65,0.0,West
2016-12-31,CA-2017-156139,"GBC Pre-Punched Binding Paper, Plastic, White, 8-1/2"" x 11""",Office Supplies,3.0,12.79,20.0,West
2017-03-28,US-2017-147886,Xerox 1975,Office Supplies,2.0,6.48,0.0,West
2017-03-28,US-2017-147886,DAX Black Cherry Wood-Tone Poster Frame,Furniture,1.0,26.48,0.0,West
2017-03-28,US-2017-147886,StarTech.com 10/100 VDSL2 Ethernet Extender Kit,Technology,2.0,266.36,20.0,West
2017-03-28,US-2017-147886,Xerox 1968,Office Supplies,4.0,6.68,0.0,West
2017-03-28,US-2017-147886,Xerox 1977,Office Supplies,3.0,6.68,0.0,West
2017-03-28,US-2017-147886,SAFCO Boltless Steel Shelving,Office Supplies,7.0,113.64,0.0,West
2017-03-28,US-2017-147886,Stackable Trays,Furniture,7.0,3.08,0.0,West
2016-12-08,CA-2016-113733,Cisco SPA301,Technology,2.0,124.79,20.0,South
2016-12-08,CA-2016-113733,Maxell 4.7GB DVD-R,Technology,3.0,22.7,20.0,South
2016-12-08,CA-2016-113733,Imation 30456 USB Flash Drive 8GB,Technology,3.0,5.52,20.0,South
2017-11-18,CA-2017-104913,"Belkin SportFit Armband For iPhone 5s/5c, Fuchsia",Technology,5.0,14.99,0.0,East
2014-05-30,CA-2014-145800,Chromcraft Rectangular Conference Tables,Furniture,3.0,118.48,50.0,Central
2016-01-22,CA-2016-125850,Avery 475,Office Supplies,3.0,14.8,0.0,West
2016-01-22,CA-2016-125850,Avery 476,Office Supplies,5.0,4.13,0.0,West
2016-02-03,CA-2016-118514,Hon Multipurpose Stacking Arm Chairs,Furniture,4.0,216.6,0.0,South
2015-03-29,CA-2015-150749,Newell 333,Office Supplies,2.0,2.78,0.0,South
2014-10-14,CA-2014-163748,"Hoover Replacement Belts For Soft Guard & Commercial Ltweight Upright Vacs, 2/Pk",Office Supplies,4.0,0.79,80.0,Central
2014-10-14,CA-2014-163748,Hewlett Packard 610 Color Digital Copier / Printer,Technology,5.0,399.99,20.0,Central
2015-08-11,CA-2015-119634,"Executive Impressions 13"" Clairmont Wall Clock",Furniture,3.0,15.38,20.0,South
2015-11-22,CA-2015-149300,Texas Instruments TI-34 Scientific Calculator,Technology,3.0,11.0,50.0,South
2016-12-30,US-2016-111528,Iceberg Mobile Mega Data/Printer Cart ,Office Supplies,4.0,120.33,0.0,West
2016-12-30,US-2016-111528,Cardinal Hold-It CD Pocket,Office Supplies,1.0,6.38,20.0,West
2017-08-12,CA-2017-158169,Avanti 4.4 Cu. Ft. Refrigerator,Office Supplies,3.0,180.98,0.0,West
2017-08-12,CA-2017-158169,DAX Wood Document Frame,Furniture,4.0,13.73,0.0,West
2015-11-03,CA-2015-162047,Office Star - Mid Back Dual function Ergonomic High Back Chair with 2-Way Adjustable Arms,Furniture,10.0,144.88,10.0,East
2015-09-10,CA-2015-117772,"Belkin 19"" Center-Weighted Shelf, Gray",Office Supplies,6.0,58.98,0.0,West
2014-11-08,US-2014-126340,Toshiba IPT2010-SD IP Telephone,Technology,3.0,111.19,20.0,West
2016-10-08,CA-2016-149685,Avery 50,Office Supplies,6.0,10.02,20.0,Central
2017-09-08,CA-2017-126396,Memorex Froggy Flash Drive 8 GB,Technology,6.0,14.2,20.0,Central
2015-02-25,CA-2015-154900,Avery 518,Office Supplies,1.0,3.15,0.0,East
2015-02-25,CA-2015-154900,"Adams Telephone Message Book W/Dividers/Space For Phone Numbers, 5 1/4""X8 1/2"", 200/Messages",Office Supplies,4.0,5.68,0.0,East
2015-09-24,CA-2015-103835,"DAX Value U-Channel Document Frames, Easel Back",Furniture,3.0,4.97,0.0,West
2015-09-24,CA-2015-103835,Hoover Upright Vacuum With Dirt Cup,Office Supplies,4.0,289.53,0.0,West
2015-11-26,CA-2015-158939,Canon PC1080F Personal Copier,Technology,1.0,599.99,0.0,Central
2016-08-31,CA-2016-117408,Super Decoflex Portable Personal File,Office Supplies,2.0,11.98,20.0,Central
2016-04-12,CA-2016-142398,Hon Comfortask Task/Swivel Chairs,Furniture,7.0,91.18,20.0,West
2016-04-12,CA-2016-142398,JM Magazine Binder,Office Supplies,1.0,13.21,20.0,West
2016-12-04,CA-2016-105277,GBC Instant Report Kit,Office Supplies,3.0,5.18,20.0,East
2016-12-04,CA-2016-112060,Xerox 1915,Office Supplies,1.0,104.85,0.0,West
2014-11-11,CA-2014-105270,50 Colored Long Pencils,Office Supplies,3.0,10.16,0.0,West
2014-11-11,CA-2014-105270,Hon Olson Stacker Stools,Furniture,1.0,112.65,20.0,West
2015-04-02,US-2015-159513,"Vtech AT&T CL2940 Corded Speakerphone, Black",Technology,3.0,23.99,20.0,West
2015-12-12,CA-2015-155586,Newell 311,Office Supplies,1.0,2.21,0.0,West
2015-12-12,CA-2015-155586,Peel & Seel Envelopes,Office Supplies,4.0,3.88,0.0,West
2015-12-12,CA-2015-155586,"Black Print Carbonless Snap-Off Rapid Letter, 8 1/2"" x 7""",Office Supplies,4.0,9.11,0.0,West
2017-10-02,CA-2017-141117,O'Sullivan 4-Shelf Bookcase in Odessa Pine,Furniture,6.0,36.29,70.0,West
2017-10-02,CA-2017-141117,Acme Softgrip Scissors,Office Supplies,6.0,6.51,20.0,West
2017-10-02,CA-2017-141117,"GBC Standard Recycled Report Covers, Clear Plastic Sheets",Office Supplies,7.0,3.23,70.0,West
2017-10-02,CA-2017-141117,Berol Giant Pencil Sharpener,Office Supplies,7.0,13.59,20.0,West
2017-04-10,CA-2017-115070,Stackable Trays,Furniture,5.0,2.46,20.0,South
2017-04-10,CA-2017-115070,"Acco Pressboard Covers with Storage Hooks, 14 7/8"" x 11"", Light Blue",Office Supplies,3.0,1.47,70.0,South
2017-09-29,CA-2017-140186,Advantus Plastic Paper Clips,Office Supplies,7.0,5.0,0.0,West
2017-09-29,CA-2017-140186,"Leather Task Chair, Black",Furniture,1.0,72.78,20.0,West
2017-09-29,CA-2017-140186,"Fellowes Premier Superior Surge Suppressor, 10-Outlet, With Phone and Remote",Office Supplies,2.0,48.92,0.0,West
2017-09-29,CA-2017-140186,"Howard Miller 13-3/4"" Diameter Brushed Chrome Round Wall Clock",Furniture,1.0,51.75,0.0,West
2017-09-29,CA-2017-140186,Binding Machine Supplies,Office Supplies,2.0,23.34,20.0,West
2014-09-29,CA-2014-124856,"Dual Level, Single-Width Filing Carts",Office Supplies,9.0,155.06,0.0,East
2014-09-29,CA-2014-124856,"Seth Thomas 14"" Putty-Colored Wall Clock",Furniture,4.0,29.34,0.0,East
2014-09-29,CA-2014-124856,Avery 48,Office Supplies,3.0,6.3,0.0,East
2014-09-29,CA-2014-124856,White Computer Printout Paper by Universal,Office Supplies,2.0,38.76,0.0,East
2014-08-20,CA-2014-166716,"Global Leather and Oak Executive Chair, Black",Furniture,2.0,210.69,30.0,Central
2014-07-11,CA-2014-123225,Polycom VVX 310 VoIP phone,Technology,4.0,143.99,20.0,Central
2014-07-11,CA-2014-123225,Xerox 200,Office Supplies,2.0,5.18,20.0,Central
2015-03-22,CA-2015-163440,Square Credit Card Reader,Technology,2.0,7.99,20.0,West
2017-05-12,US-2017-106796,Newell 347,Office Supplies,3.0,3.42,20.0,East
2017-11-13,CA-2017-113873,Eldon ProFile File 'N Store Portable File Tub Letter/Legal Size Black,Office Supplies,4.0,15.45,20.0,Central
2017-11-13,CA-2017-113873,"Bush Westfield Collection Bookcases, Fully Assembled",Furniture,3.0,68.67,32.0,Central
2016-09-04,CA-2016-149783,"RSVP Cards & Envelopes, Blank White, 8-1/2"" X 11"", 24 Cards/25 Envelopes/Set",Office Supplies,3.0,4.06,20.0,South
2016-09-04,CA-2016-149783,Belkin 5 Outlet SurgeMaster Power Centers,Office Supplies,2.0,43.58,20.0,South
2016-09-04,CA-2016-149783,Prismacolor Color Pencil Set,Office Supplies,2.0,15.87,20.0,South
2016-02-06,CA-2016-125017,"Deflect-o EconoMat Studded, No Bevel Mat for Low Pile Carpeting",Furniture,4.0,33.06,20.0,South
2015-03-22,US-2015-163279,Easy-staple paper,Office Supplies,4.0,26.38,0.0,West
2015-03-22,US-2015-163279,Tenex B1-RE Series Chair Mats for Low Pile Carpets,Furniture,2.0,45.98,0.0,West
2015-03-22,US-2015-163279,ClearOne CHATAttach 160 - speaker phone,Technology,3.0,495.99,20.0,West
2015-07-02,CA-2015-150196,Xerox 209,Office Supplies,3.0,6.48,0.0,East
2015-06-15,US-2015-106495,Belkin Standard 104 key USB Keyboard,Technology,1.0,11.67,20.0,South
2014-11-26,CA-2014-124730,ClearSounds CSC500 Amplified Spirit Phone Corded phone,Technology,4.0,69.99,0.0,East
2014-11-26,CA-2014-124730,"Acco PRESSTEX Data Binder with Storage Hooks, Dark Blue, 14 7/8"" X 11""",Office Supplies,3.0,4.3,20.0,East
2014-11-26,CA-2014-124730,Pressboard Data Binders by Wilson Jones,Office Supplies,4.0,4.27,20.0,East
2014-11-26,CA-2014-124730,"Avery Address/Shipping Labels for Typewriters, 4"" x 2""",Office Supplies,9.0,10.35,0.0,East
2014-11-26,CA-2014-124730,Avery File Folder Labels,Office Supplies,4.0,2.88,0.0,East
2017-05-12,CA-2017-117632,Compact Automatic Electric Letter Opener,Office Supplies,2.0,119.31,0.0,West
2017-05-12,CA-2017-117632,Hoover Commercial Soft Guard Upright Vacuum And Disposable Filtration Bags,Office Supplies,1.0,7.77,0.0,West
2017-05-12,CA-2017-117632,"Lesro Sheffield Collection Coffee Table, End Table, Center Table, Corner Table",Furniture,5.0,57.1,20.0,West
2017-05-12,CA-2017-117632,"DXL Angle-View Binders with Locking Rings, Black",Office Supplies,4.0,4.79,20.0,West
2014-05-02,CA-2014-115056,Belkin 6 Outlet Metallic Surge Strip,Office Supplies,3.0,8.71,20.0,East
2017-09-03,CA-2017-161067,Xerox 189,Office Supplies,4.0,104.85,0.0,East
2017-09-03,CA-2017-161067,Office Star Flex Back Scooter Chair with Aluminum Finish Frame,Furniture,1.0,90.8,10.0,East
2017-09-03,CA-2017-161067,Global Low Back Tilter Chair,Furniture,2.0,90.88,10.0,East
2017-09-03,CA-2017-161067,Prang Drawing Pencil Set,Office Supplies,2.0,2.78,0.0,East
2016-12-03,CA-2016-122063,Hon 5100 Series Wood Tables,Furniture,2.0,290.98,0.0,Central
2016-12-03,CA-2016-122063,"Global Stack Chair with Arms, Black",Furniture,1.0,29.98,0.0,Central
2015-07-18,CA-2015-111206,Logitech G35 7.1-Channel Surround Sound Headset,Technology,4.0,129.99,0.0,West
2016-07-21,CA-2016-142895,Avery 494,Office Supplies,3.0,2.09,20.0,South
2016-07-21,CA-2016-142895,"Leather Task Chair, Black",Furniture,5.0,72.78,20.0,South
2015-06-09,CA-2015-101868,"Green Canvas Binder for 8-1/2"" x 14"" Sheets",Office Supplies,5.0,12.84,70.0,South
2015-06-09,CA-2015-101868,"Wilson Jones Elliptical Ring 3 1/2"" Capacity Binders, 800 sheets",Office Supplies,3.0,12.84,70.0,South
2015-06-09,CA-2015-101868,Logitech Keyboard K120,Technology,5.0,14.52,20.0,South
2017-11-27,CA-2017-133207,Griffin GC17055 Auxiliary Audio Cable,Technology,4.0,14.39,20.0,West
2015-03-27,CA-2015-132948,Rogers Profile Extra Capacity Storage Tub,Office Supplies,5.0,16.74,0.0,West
2015-09-22,CA-2015-134992,Xerox 214,Office Supplies,5.0,6.48,0.0,South
2015-09-22,CA-2015-134992,"Westinghouse Floor Lamp with Metal Mesh Shade, Black",Furniture,2.0,23.99,0.0,South
2015-11-17,CA-2015-126725,RCA ViSYS 25825 Wireless digital phone,Technology,4.0,103.99,20.0,West
2015-11-17,CA-2015-126725,Carina Media Storage Towers in Natural & Black,Office Supplies,5.0,60.98,0.0,West
2015-11-17,CA-2015-126725,"DAX Contemporary Wood Frame with Silver Metal Mat, Desktop, 11 x 14 Size",Furniture,4.0,20.24,0.0,West
2015-11-17,CA-2015-126725,Fellowes Recycled Storage Drawers,Office Supplies,7.0,111.03,0.0,West
2015-11-17,CA-2015-126725,Xerox 203,Office Supplies,5.0,6.48,0.0,West
2015-11-17,CA-2015-126725,Office Star - Contemporary Swivel Chair with Padded Adjustable Arms and Flex Back,Furniture,2.0,112.78,20.0,West
2015-11-17,CA-2015-126725,Advantus Panel Wall Certificate Holder - 8.5x11,Furniture,3.0,12.2,0.0,West
2015-11-10,CA-2015-121783,Hoover Shoulder Vac Commercial Portable Vacuum,Office Supplies,2.0,357.82,0.0,Central
2015-11-10,CA-2015-121783,Tennsco 6- and 18-Compartment Lockers,Office Supplies,3.0,265.17,0.0,Central
2015-11-10,CA-2015-121783,Sharp 1540cs Digital Laser Copier,Technology,1.0,549.99,0.0,Central
2015-11-10,CA-2015-121783,GBC Standard Therm-A-Bind Covers,Office Supplies,3.0,24.92,0.0,Central
2015-11-10,CA-2015-121783,Staple-based wall hangings,Furniture,3.0,9.74,0.0,Central
2014-09-10,US-2014-138835,Tuff Stuff Recycled Round Ring Binders,Office Supplies,2.0,4.82,0.0,South
2015-08-05,CA-2015-112214,"Perma STOR-ALL Hanging File Box, 13 1/8""W x 12 1/4""D x 10 1/2""H",Office Supplies,7.0,4.78,20.0,Central
2015-08-05,CA-2015-112214,Stiletto Hand Letter Openers,Office Supplies,3.0,7.68,20.0,Central
2015-08-05,CA-2015-112214,Avery Self-Adhesive Photo Pockets for Polaroid Photos,Office Supplies,1.0,1.36,80.0,Central
2015-08-05,CA-2015-112214,"Eldon Expressions Wood Desk Accessories, Oak",Furniture,5.0,2.95,60.0,Central
2017-09-03,US-2017-153255,"Bush Heritage Pine Collection 5-Shelf Bookcase, Albany Pine Finish, *Special Order",Furniture,2.0,119.83,15.0,West
2015-11-01,CA-2015-108119,"Iceberg OfficeWorks 42"" Round Tables",Furniture,2.0,150.98,0.0,South
2015-04-29,CA-2015-157434,Xerox 1949,Office Supplies,2.0,3.98,20.0,East
2016-05-01,CA-2016-101525,Xerox 1914,Office Supplies,2.0,54.96,0.0,South
2016-05-01,CA-2016-101525,Xerox 1994,Office Supplies,3.0,6.48,0.0,South
2016-05-01,CA-2016-101525,DIXON Ticonderoga Erasable Checking Pencils,Office Supplies,2.0,5.58,0.0,South
2014-08-05,US-2014-117968,Fellowes Advanced Computer Series Surge Protectors,Office Supplies,3.0,26.49,0.0,East
2014-08-05,US-2014-117968,"Binney & Smith inkTank Erasable Pocket Highlighter, Chisel Tip, Yellow",Office Supplies,2.0,2.28,0.0,East
2014-08-05,US-2014-117968,Hon GuestStacker Chair,Furniture,5.0,226.67,0.0,East
2016-01-04,CA-2016-158211,Newell 312,Office Supplies,1.0,4.67,20.0,East
2016-01-04,CA-2016-158211,Avery Arch Ring Binders,Office Supplies,6.0,17.43,70.0,East
2016-11-07,CA-2016-152247,Global Troy Executive Leather Low-Back Tilter,Furniture,4.0,400.78,20.0,West
2016-06-14,CA-2016-128223,"Bush Cubix Conference Tables, Fully Assembled",Furniture,7.0,184.78,20.0,West
2016-09-24,CA-2016-154235,"Deflect-o DuraMat Lighweight, Studded, Beveled Mat for Low Pile Carpeting",Furniture,3.0,42.65,0.0,Central
2017-03-30,CA-2017-129910,"Advantus 10-Drawer Portable Organizer, Chrome Metal Frame, Smoke Drawers",Office Supplies,1.0,59.76,0.0,South
2017-06-04,CA-2017-133095,GBC VeloBind Cover Sets,Office Supplies,7.0,15.44,0.0,South
2017-06-04,CA-2017-133095,Insertable Tab Indexes For Data Binders,Office Supplies,3.0,3.18,0.0,South
2015-04-07,CA-2015-130554,Newell 331,Office Supplies,3.0,3.91,20.0,East
2014-05-21,CA-2014-152443,GBC ProClick Punch Binding System,Office Supplies,7.0,63.98,0.0,East
2014-05-21,CA-2014-152443,Xerox 1992,Office Supplies,3.0,5.98,0.0,East
2014-05-21,CA-2014-152443,Belkin 8 Outlet Surge Protector,Office Supplies,6.0,40.98,0.0,East
2016-09-05,CA-2016-133319,Xerox 1885,Office Supplies,4.0,48.04,0.0,East
2016-09-18,CA-2016-133935,Global Troy Executive Leather Low-Back Tilter,Furniture,2.0,400.78,20.0,West
2016-09-18,CA-2016-133935,Xerox 1945,Office Supplies,9.0,40.99,0.0,West
2016-09-18,CA-2016-133935,"Global High-Back Leather Tilter, Burgundy",Furniture,9.0,98.39,20.0,West
2016-03-13,CA-2016-136301,"Westinghouse Mesh Shade Clip-On Gooseneck Lamp, Black",Furniture,2.0,14.14,0.0,West
2016-03-13,CA-2016-136301,High Speed Automatic Electric Letter Opener,Office Supplies,3.0,1637.53,0.0,West
2014-10-16,US-2014-109456,Avery Non-Stick Heavy Duty View Round Locking Ring Binders,Office Supplies,3.0,4.78,20.0,West
2014-10-16,US-2014-109456,Logitech Illuminated - Keyboard,Technology,3.0,59.99,0.0,West
2017-10-08,CA-2017-151596,"SAFCO Mobile Desk Side File, Wire Frame",Office Supplies,1.0,42.76,0.0,East
2015-05-07,CA-2015-147879,Xerox 1902,Office Supplies,2.0,22.84,0.0,South
2016-04-14,CA-2016-166625,GBC ProClick Spines for 32-Hole Punch,Office Supplies,2.0,12.53,0.0,East
2016-11-21,CA-2016-146157,Xerox 1910,Office Supplies,1.0,38.43,20.0,Central
2016-11-21,CA-2016-146157,"Tenex Personal Project File with Scoop Front Design, Black",Office Supplies,2.0,10.78,20.0,Central
2016-11-21,CA-2016-146157,Lenovo 17-Key USB Numeric Keypad,Technology,3.0,27.19,20.0,Central
2017-09-10,CA-2017-159954,Wilson Jones Suede Grain Vinyl Binders,Office Supplies,1.0,2.78,0.0,South
2017-09-09,CA-2017-100825,Fellowes Bases and Tops For Staxonsteel/High-Stak Systems,Office Supplies,3.0,33.29,0.0,West
2014-11-01,CA-2014-168305,Avery 475,Office Supplies,3.0,14.8,0.0,West
2014-11-01,CA-2014-168305,Easy-staple paper,Office Supplies,5.0,4.28,0.0,West
2016-04-03,CA-2016-167682,"Seth Thomas 13 1/2"" Wall Clock",Furniture,4.0,17.78,0.0,Central
2016-04-03,CA-2016-167682,Plantronics Voyager Pro HD - Bluetooth Headset,Technology,4.0,64.99,0.0,Central
2017-01-12,CA-2017-108000,Staple envelope,Office Supplies,1.0,9.78,0.0,West
2015-11-20,CA-2015-146465,Cardinal Poly Pocket Divider Pockets for Ring Binders,Office Supplies,9.0,2.69,20.0,West
2016-11-27,CA-2016-159639,Ultra Door Pull Handle,Furniture,3.0,10.52,0.0,East
2017-11-06,US-2017-153948,Xerox 191,Office Supplies,3.0,19.98,0.0,West
2017-11-06,US-2017-153948,Easy-staple paper,Office Supplies,4.0,11.34,0.0,West
2017-11-06,US-2017-153948,Astroparche Fine Business Paper,Office Supplies,5.0,5.28,0.0,West
2017-11-06,US-2017-153948,Avery 503,Office Supplies,4.0,10.35,0.0,West
2017-11-06,US-2017-153948,Kingston Digital DataTraveler 32GB USB 2.0,Technology,1.0,16.95,0.0,West
2016-12-02,US-2016-113985,GBC VeloBind Cover Sets,Office Supplies,2.0,12.35,20.0,West
2016-12-02,US-2016-113985,"Holmes Cool Mist Humidifier for the Whole House with 8-Gallon Output per Day, Extended Life Filter",Office Supplies,3.0,19.9,0.0,West
2016-12-02,US-2016-113985,"Eldon Regeneration Recycled Desk Accessories, Black",Furniture,3.0,4.84,0.0,West
2016-12-02,US-2016-113985,Satellite Sectional Post Binders,Office Supplies,3.0,34.73,20.0,West
2016-12-17,CA-2016-155383,"Personal Filing Tote with Lid, Black/Gray",Office Supplies,3.0,15.51,0.0,West
2014-08-24,CA-2014-120432,Acme Titanium Bonded Scissors,Office Supplies,3.0,8.5,0.0,South
2015-09-17,US-2015-126977,Woodgrain Magazine Files by Perma,Office Supplies,5.0,2.98,0.0,East
2015-09-17,US-2015-126977,Avery 485,Office Supplies,7.0,12.53,0.0,East
2015-09-17,US-2015-126977,Office Star Flex Back Scooter Chair with White Frame,Furniture,2.0,99.88,10.0,East
2015-09-17,US-2015-126977,Eldon Mobile Mega Data Cart  Mega Stackable  Add-On Trays,Office Supplies,4.0,23.65,0.0,East
2015-09-17,US-2015-126977,"Riverside Palais Royal Lawyers Bookcase, Royale Cherry Finish",Furniture,6.0,704.78,20.0,East
2015-09-17,US-2015-126977,DMI Eclipse Executive Suite Bookcases,Furniture,5.0,400.78,20.0,East
2015-09-17,US-2015-126977,ClearSounds CSC500 Amplified Spirit Phone Corded phone,Technology,3.0,69.99,0.0,East
2015-09-17,US-2015-126977,Plantronics CS510 - Over-the-Head monaural Wireless Headset System,Technology,2.0,329.95,0.0,East
2015-09-17,US-2015-126977,"Eaton Premium Continuous-Feed Paper, 25% Cotton, Letter Size, White, 1000 Shts/Box",Office Supplies,2.0,55.48,0.0,East
2015-09-17,US-2015-126977,ARKON Windshield Dashboard Air Vent Car Mount Holder,Technology,4.0,16.95,0.0,East
2016-11-26,CA-2016-130288,"Bevis Oval Conference Table, Walnut",Furniture,2.0,156.59,40.0,East
2017-11-19,CA-2017-146458,Newell 349,Office Supplies,7.0,3.28,0.0,South
2017-06-03,CA-2017-150420,Plantronics Audio 995 Wireless Stereo Headset,Technology,10.0,109.95,0.0,West
2014-04-08,US-2014-118997,"SAFCO PlanMaster Boards, 60w x 37-1/2d, White Melamine",Furniture,8.0,151.99,0.0,South
2014-10-11,CA-2014-114314,Self-Adhesive Address Labels for Typewriters by Universal,Office Supplies,1.0,7.31,0.0,South
2014-10-11,CA-2014-114314,Eldon Pizzaz Desk Accessories,Furniture,4.0,2.23,0.0,South
2017-07-07,US-2017-169551,O'Sullivan 3-Shelf Heavy-Duty Bookcases,Furniture,3.0,29.07,50.0,East
2017-07-07,US-2017-169551,Xerox 216,Office Supplies,3.0,5.18,20.0,East
2017-07-07,US-2017-169551,Apple iPhone 5S,Technology,2.0,341.99,40.0,East
2017-07-07,US-2017-169551,Plastic Stacking Crates & Casters,Office Supplies,3.0,4.46,20.0,East
2017-07-07,US-2017-169551,AmazonBasics 3-Button USB Wired Mouse,Technology,3.0,5.59,20.0,East
2017-07-07,US-2017-169551,Plantronics CS510 - Over-the-Head monaural Wireless Headset System,Technology,2.0,263.96,20.0,East
2016-07-04,CA-2016-103107,"Master Caster Door Stop, Brown",Furniture,5.0,5.08,0.0,West
2016-07-04,CA-2016-103107,Avaya 4621SW VoIP phone,Technology,3.0,59.16,20.0,West
2016-07-04,CA-2016-103107,OtterBox Defender Series Case - Samsung Galaxy S4,Technology,3.0,23.99,20.0,West
2017-05-19,CA-2017-122077,Jabra Supreme Plus Driver Edition Headset,Technology,1.0,95.99,20.0,Central
2017-05-19,CA-2017-122077,Avery 491,Office Supplies,4.0,3.3,20.0,Central
2017-10-12,CA-2017-112431,SanDisk Cruzer 64 GB USB Flash Drive,Technology,12.0,36.32,0.0,West
2017-10-12,CA-2017-112431,Newell 343,Office Supplies,2.0,2.94,0.0,West
2016-08-06,CA-2016-151092,Panasonic KX-TG6844B Expandable Digital Cordless Telephone,Technology,4.0,52.79,20.0,West
2014-08-25,CA-2014-104178,"Eldon 200 Class Desk Accessories, Smoke",Furniture,1.0,6.28,0.0,West
2014-08-25,CA-2014-104178,SanDisk Cruzer 32 GB USB Flash Drive,Technology,5.0,19.02,0.0,West
2014-08-25,CA-2014-104178,Xerox 23,Office Supplies,4.0,6.48,0.0,West
2014-08-25,CA-2014-104178,Portable Personal File Box,Office Supplies,4.0,12.21,0.0,West
2015-09-14,CA-2015-115924,Wilson Jones Impact Binders,Office Supplies,5.0,5.18,0.0,Central
2017-03-05,CA-2017-161046,Laser & Ink Jet Business Envelopes,Office Supplies,4.0,10.67,0.0,South
2017-03-05,CA-2017-161046,Logitech G700s Rechargeable Gaming Mouse,Technology,3.0,99.99,0.0,South
2017-03-05,CA-2017-161046,Kensington 7 Outlet MasterPiece HOMEOFFICE Power Control Center,Office Supplies,2.0,131.12,0.0,South
2017-03-05,CA-2017-161046,Ibico Recycled Linen-Style Covers,Office Supplies,6.0,39.06,0.0,South
2017-04-15,US-2017-141698,Xerox 207,Office Supplies,4.0,5.18,20.0,Central
2014-03-30,US-2014-105151,"Sanford EarthWrite Recycled Pencils, Medium Soft, #2",Office Supplies,5.0,2.1,0.0,East
2014-11-11,CA-2014-155796,"GE 4 Foot Flourescent Tube, 40 Watt",Furniture,2.0,11.98,20.0,East
2014-11-11,CA-2014-155796,"Atlantic Metals Mobile 3-Shelf Bookcases, Custom Colors",Furniture,4.0,130.49,50.0,East
2016-03-12,CA-2016-127138,"Tennsco Stur-D-Stor Boltless Shelving, 5 Shelves, 24"" Deep, Sand",Office Supplies,5.0,135.31,0.0,West
2016-03-12,CA-2016-127138,Euro-Pro Shark Turbo Vacuum,Office Supplies,5.0,30.98,0.0,West
2016-03-12,CA-2016-127138,Security-Tint Envelopes,Office Supplies,4.0,7.64,0.0,West
2016-03-12,CA-2016-127138,Hon 4070 Series Pagoda Round Back Stacking Chairs,Furniture,3.0,256.78,20.0,West
2017-02-09,CA-2017-150602,"Master Big Foot Doorstop, Beige",Furniture,4.0,5.28,0.0,West
2014-11-11,CA-2014-140732,Mophie Juice Pack Helium for iPhone,Technology,9.0,63.99,20.0,West
2014-11-11,CA-2014-140732,"Commercial WindTunnel Clean Air Upright Vacuum, Replacement Belts, Filtration Bags",Office Supplies,2.0,3.89,0.0,West
2014-11-11,CA-2014-140732,Xerox 1979,Office Supplies,4.0,30.98,0.0,West
2017-08-20,CA-2017-119011,Acme Kleencut Forged Steel Scissors,Office Supplies,3.0,5.74,0.0,West
2017-08-20,CA-2017-119011,"Companion Letter/Legal File, Black",Office Supplies,6.0,37.76,0.0,West
2017-08-20,CA-2017-119011,Plantronics Encore H101 Dual Earpieces Headset,Technology,3.0,35.96,20.0,West
2016-01-15,CA-2016-166912,Xerox 1893,Office Supplies,2.0,40.99,0.0,East
2014-07-20,CA-2014-141726,Xerox 189,Office Supplies,1.0,104.85,0.0,West
2014-07-20,CA-2014-141726,Wilson Jones Custom Binder Spines & Labels,Office Supplies,2.0,4.35,20.0,West
2014-07-20,CA-2014-141726,Xerox 1897,Office Supplies,4.0,4.98,0.0,West
2014-07-20,CA-2014-141726,Nu-Dell Leatherette Frames,Furniture,3.0,14.34,0.0,West
2017-02-06,CA-2017-115105,"Atlantic Metals Mobile 5-Shelf Bookcases, Custom Colors",Furniture,1.0,240.78,20.0,East
2015-12-25,CA-2015-143980,Kensington 7 Outlet MasterPiece Power Center with Fax/Phone Line Protection,Office Supplies,2.0,207.48,0.0,East
2016-10-08,CA-2016-135636,Fellowes Econo/Stor Drawers,Office Supplies,5.0,77.54,20.0,South
2017-07-13,CA-2017-102155,Standard Rollaway File with Lock,Office Supplies,2.0,180.19,0.0,Central
2017-07-13,CA-2017-102155,Strathmore Photo Mount Cards,Office Supplies,2.0,6.78,0.0,Central
2017-04-24,CA-2017-116953,AT&T 841000 Phone,Technology,10.0,55.2,20.0,West
2014-09-07,CA-2014-117765,KI Adjustable-Height Table,Furniture,5.0,85.98,0.0,Central
2014-09-07,CA-2014-117765,Avery Recycled Flexi-View Covers for Binding Systems,Office Supplies,2.0,16.03,0.0,Central
2014-09-07,CA-2014-117765,"Padded Folding Chairs, Black, 4/Carton",Furniture,2.0,80.98,0.0,Central
2014-09-07,CA-2014-117765,Akro-Mils 12-Gallon Tote,Office Supplies,2.0,9.93,0.0,Central
2016-11-21,CA-2016-114895,Xerox 1975,Office Supplies,2.0,6.48,0.0,East
2017-09-16,CA-2017-112984,Xerox 1927,Office Supplies,6.0,3.42,20.0,East
2016-07-19,CA-2016-163776,"Advantus Employee of the Month Certificate Frame, 11 x 13-1/2",Furniture,6.0,30.93,0.0,South
2016-07-19,CA-2016-163776,"Premium Transparent Presentation Covers, No Pattern/Clear, 8 1/2"" x 11""",Office Supplies,2.0,38.78,0.0,South
2016-07-19,CA-2016-163776,Rogers Deluxe File Chest,Office Supplies,4.0,21.98,0.0,South
2016-07-19,CA-2016-163776,Xerox 1893,Office Supplies,6.0,40.99,0.0,South
2016-07-19,CA-2016-163776,Avery Printable Repositionable Plastic Tabs,Office Supplies,1.0,8.6,0.0,South
2016-07-19,CA-2016-163776,Hon 4-Shelf Metal Bookcases,Furniture,5.0,100.98,0.0,South
2017-09-15,US-2017-163300,GBC DocuBind 200 Manual Binding Machine,Office Supplies,7.0,336.78,20.0,West
2017-09-15,US-2017-163300,Panasonic KX-TG6844B Expandable Digital Cordless Telephone,Technology,7.0,52.79,20.0,West
2017-09-15,US-2017-163300,Global Deluxe Steno Chair,Furniture,3.0,61.58,20.0,West
2016-12-11,CA-2016-162187,Acco Perma 4000 Stacking Storage Drawers,Office Supplies,5.0,12.99,20.0,East
2016-12-11,CA-2016-162187,"Elite 5"" Scissors",Office Supplies,2.0,6.76,20.0,East
2016-12-11,CA-2016-162187,"Office Star - Contemporary Task Swivel chair with Loop Arms, Charcoal",Furniture,5.0,91.69,30.0,East
2016-12-11,CA-2016-162187,"Belkin 325VA UPS Surge Protector, 6'",Office Supplies,4.0,96.78,20.0,East
2016-12-11,CA-2016-162187,"Lesro Round Back Collection Coffee Table, End Table",Furniture,3.0,109.53,40.0,East
2014-12-10,US-2014-112991,Office Star - Contemporary Swivel Chair with Padded Adjustable Arms and Flex Back,Furniture,3.0,112.78,20.0,West
2014-12-10,US-2014-112991,Xerox 1931,Office Supplies,4.0,6.48,0.0,West
2014-12-10,US-2014-112991,"Xerox Color Copier Paper, 11"" x 17"", Ream",Office Supplies,4.0,22.84,0.0,West
2014-12-13,CA-2014-124079,"Electrix Incandescent Magnifying Lamp, Black",Furniture,3.0,29.32,20.0,West
2014-12-13,CA-2014-124079,"Cardinal Slant-D Ring Binder, Heavy Gauge Vinyl",Office Supplies,2.0,2.61,70.0,West
2017-09-21,US-2017-146878,"Avery Trapezoid Ring Binder, 3"" Capacity, Black, 1040 sheets",Office Supplies,1.0,12.29,70.0,South
2017-09-07,CA-2017-107244,"C-Line Magnetic Cubicle Keepers, Clear Polypropylene",Furniture,4.0,4.94,0.0,West
2015-11-02,CA-2015-100657,"Global Armless Task Chair, Royal Blue",Furniture,2.0,54.88,10.0,East
2017-12-11,CA-2017-129581,Plantronics MX500i Earset,Technology,3.0,42.95,0.0,East
2017-04-01,CA-2017-129028,"Deflect-o DuraMat Lighweight, Studded, Beveled Mat for Low Pile Carpeting",Furniture,3.0,42.65,0.0,South
2015-12-30,CA-2015-135580,Xerox 1929,Office Supplies,3.0,22.84,0.0,West
2015-12-30,CA-2015-135580,2300 Heavy-Duty Transfer File Systems by Perma,Office Supplies,3.0,24.98,0.0,West
2015-12-30,CA-2015-135580,Zebra GX420t Direct Thermal/Thermal Transfer Printer,Technology,6.0,424.76,20.0,West
2015-12-30,CA-2015-135580,Tyvek Side-Opening Peel & Seel Expanding Envelopes,Office Supplies,3.0,90.48,0.0,West
2015-12-30,CA-2015-135580,Cisco SPA 502G IP Phone,Technology,3.0,95.96,20.0,West
2016-03-10,CA-2016-159016,Rediform Voice Mail Log Books,Office Supplies,5.0,2.98,0.0,West
2016-03-10,CA-2016-159016,Apple iPhone 5,Technology,8.0,519.86,20.0,West
2014-04-06,CA-2014-102652,Tenex B1-RE Series Chair Mats for Low Pile Carpets,Furniture,2.0,45.98,0.0,West
2014-04-06,CA-2014-102652,C-Line Cubicle Keepers Polyproplyene Holder With Velcro Backings,Furniture,7.0,4.73,0.0,West
2014-04-06,CA-2014-102652,Xerox 211,Office Supplies,3.0,6.48,0.0,West
2014-04-06,CA-2014-102652,Xerox 194,Office Supplies,1.0,55.48,0.0,West
2014-10-05,CA-2014-152422,Belkin F5C206VTEL 6 Outlet Surge,Office Supplies,5.0,18.38,20.0,East
2016-08-13,US-2016-156692,Staple holder,Office Supplies,2.0,8.67,0.0,South
2016-08-13,US-2016-156692,Sony 64GB Class 10 Micro SDHC R40 Memory Card,Technology,2.0,35.99,0.0,South
2014-11-17,CA-2014-130869,"Redi-Strip #10 Envelopes, 4 1/8 x 9 1/2",Office Supplies,3.0,2.36,20.0,Central
2017-04-24,US-2017-128832,V7 USB Numeric Keypad,Technology,2.0,34.99,0.0,East
2017-08-24,CA-2017-139717,Avanti 1.7 Cu. Ft. Refrigerator,Office Supplies,8.0,80.78,20.0,East
2017-08-24,CA-2017-139717,Xerox 1966,Office Supplies,2.0,5.18,20.0,East
2017-02-23,CA-2017-136007,Alliance Rubber Bands,Office Supplies,5.0,1.68,0.0,West
2017-02-23,CA-2017-136007,invisibleSHIELD by ZAGG Smudge-Free Screen Protector,Technology,5.0,14.39,20.0,West
2016-11-19,CA-2016-157364,Deluxe Chalkboard Eraser Cleaner,Office Supplies,2.0,9.24,20.0,South
2016-11-14,US-2016-112970,Newell 35,Office Supplies,3.0,3.28,0.0,West
2017-07-06,US-2017-152492,Global Comet Stacking Armless Chair,Furniture,1.0,239.24,20.0,South
2016-12-25,CA-2016-101168,"Master Big Foot Doorstop, Beige",Furniture,4.0,5.28,0.0,East
2017-04-23,CA-2017-104010,Fiskars Softgrip Scissors,Office Supplies,5.0,10.98,0.0,East
2015-12-14,CA-2015-130253,"Master Caster Door Stop, Gray",Furniture,3.0,5.08,0.0,West
2015-04-19,US-2015-155369,"Fellowes Premier Superior Surge Suppressor, 10-Outlet, With Phone and Remote",Office Supplies,2.0,9.78,80.0,Central
2015-04-19,US-2015-155369,Fellowes PB300 Plastic Comb Binding Machine,Office Supplies,4.0,77.6,80.0,Central
2016-09-04,CA-2016-131205,Coloredge Poster Frame,Furniture,3.0,14.2,0.0,South
2016-09-04,CA-2016-131205,Poly Designer Cover & Back,Office Supplies,6.0,18.99,0.0,South
2016-09-04,CA-2016-131205,Fellowes Neat Ideas Storage Cubes,Office Supplies,4.0,32.48,0.0,South
2016-09-04,CA-2016-131205,Nontoxic Chalk,Office Supplies,3.0,1.76,0.0,South
2017-09-24,CA-2017-122364,Wilson Electronics DB Pro Signal Booster,Technology,3.0,286.4,20.0,West
2017-09-24,CA-2017-122364,Socket Bluetooth Cordless Hand Scanner (CHS),Technology,3.0,168.76,20.0,West
2016-02-04,CA-2016-117912,Nu-Dell Float Frame 11 x 14 1/2,Furniture,2.0,7.18,20.0,West
2017-05-19,CA-2017-145702,Office Star - Mesh Screen back chair with Vinyl seat,Furniture,3.0,104.78,20.0,South
2017-05-19,CA-2017-145702,Xerox 1949,Office Supplies,7.0,3.98,20.0,South
2015-09-03,CA-2015-113215,"GE 48"" Fluorescent Tube, Cool White Energy Saver, 34 Watts, 30/Box",Furniture,3.0,79.38,20.0,West
2016-06-09,CA-2016-154662,"Bush Cubix Conference Tables, Fully Assembled",Furniture,3.0,230.98,0.0,Central
2015-11-07,CA-2015-105571,Avery Hanging File Binders,Office Supplies,9.0,1.79,70.0,South
2015-11-07,CA-2015-105571,GBC DocuBind TL300 Electric Binding System,Office Supplies,5.0,269.1,70.0,South
2016-06-15,CA-2016-152765,Xerox 19,Office Supplies,7.0,24.78,20.0,Central
2015-04-25,CA-2015-153878,Newell 324,Office Supplies,5.0,11.55,0.0,Central
2015-04-25,CA-2015-153878,Belkin 5 Outlet SurgeMaster Power Centers,Office Supplies,5.0,54.48,0.0,Central
2016-09-23,CA-2016-124016,Xerox 1970,Office Supplies,3.0,3.98,20.0,East
2016-09-23,CA-2016-124016,"Eldon 400 Class Desk Accessories, Black Carbon",Furniture,4.0,7.0,20.0,East
2016-09-23,CA-2016-124016,Fellowes Black Plastic Comb Bindings,Office Supplies,7.0,1.74,70.0,East
2016-08-18,CA-2016-113551,GBC Wire Binding Combs,Office Supplies,1.0,2.07,80.0,Central
2016-08-18,CA-2016-113551,Advantus Motivational Note Cards,Office Supplies,8.0,10.48,20.0,Central
2014-03-02,CA-2014-107524,Staple envelope,Office Supplies,2.0,5.68,0.0,East
2014-03-02,CA-2014-107524,"Array Parchment Paper, Assorted Colors",Office Supplies,5.0,7.28,0.0,East
2014-12-30,CA-2014-138072,"Maxell Pro 80 Minute CD-R, 10/Pack",Technology,2.0,13.98,20.0,East
2015-04-10,CA-2015-134201,Steel Personal Filing/Posting Tote,Office Supplies,4.0,35.51,0.0,East
2015-04-10,CA-2015-134201,Faber Castell Col-Erase Pencils,Office Supplies,3.0,4.89,0.0,East
2015-12-25,CA-2015-111780,Brother DCP1000 Digital 3 in 1 Multifunction Machine,Technology,5.0,239.99,20.0,West
2015-12-25,CA-2015-111780,"Important Message Pads, 50 4-1/4 x 5-1/2 Forms per Pad",Office Supplies,3.0,4.2,0.0,West
2015-12-25,CA-2015-111780,Great White Multi-Use Recycled Paper (20Lb. and 84 Bright),Office Supplies,3.0,5.98,0.0,West
2015-04-05,CA-2015-119942,Avery 499,Office Supplies,6.0,3.98,20.0,East
2015-01-17,CA-2015-151547,"Acme Hot Forged Carbon Steel Scissors with Nickel-Plated Handles, 3 7/8"" Cut, 8""L",Office Supplies,8.0,11.12,20.0,South
2017-05-20,CA-2017-166695,"Global Geo Office Task Chair, Gray",Furniture,8.0,64.78,20.0,West
2017-05-20,CA-2017-166695,G.E. Halogen Desk Lamp Bulbs,Furniture,1.0,6.98,0.0,West
2017-05-20,CA-2017-166695,Okidata B400 Printer,Technology,1.0,343.2,20.0,West
2017-08-13,CA-2017-167542,Avery 486,Office Supplies,3.0,5.85,20.0,East
2015-12-31,CA-2015-120901,Fellowes Stor/Drawer Steel Plus Storage Drawers,Office Supplies,2.0,76.34,20.0,Central
2015-12-31,CA-2015-120901,Stockwell Push Pins,Office Supplies,2.0,1.74,20.0,Central
2015-12-31,CA-2015-120901,Staple remover,Office Supplies,2.0,2.94,20.0,Central
2017-12-25,CA-2017-121398,GBC DocuBind P50 Personal Binding Machine,Office Supplies,3.0,51.18,20.0,West
2017-12-25,CA-2017-121398,"Tennsco Stur-D-Stor Boltless Shelving, 5 Shelves, 24"" Deep, Sand",Office Supplies,2.0,135.31,0.0,West
2016-09-01,CA-2016-151561,Enermax Aurora Lite Keyboard,Technology,6.0,78.15,0.0,East
2016-09-01,CA-2016-151561,Memorex Mini Travel Drive 64 GB USB 2.0 Flash Drive,Technology,2.0,36.24,0.0,East
2016-09-01,CA-2016-151561,Acme Value Line Scissors,Office Supplies,3.0,3.65,0.0,East
2016-09-01,CA-2016-151561,"Howard Miller 14-1/2"" Diameter Chrome Round Wall Clock",Furniture,3.0,63.94,0.0,East
2017-08-05,CA-2017-154676,"Tennsco Lockers, Sand",Office Supplies,9.0,16.78,20.0,Central
2014-02-18,US-2014-165589,"DAX Copper Panel Document Frame, 5 x 7 Size",Furniture,5.0,5.03,60.0,Central
2016-11-22,US-2016-132577,Wilson Jones Impact Binders,Office Supplies,6.0,1.04,80.0,Central
2016-11-22,US-2016-132577,Newell 348,Office Supplies,9.0,2.62,20.0,Central
2016-11-22,US-2016-132577,KeyTronic KT800P2 - Keyboard - Black,Technology,2.0,12.02,20.0,Central
2016-11-22,US-2016-132577,Avery 494,Office Supplies,1.0,2.09,20.0,Central
2016-11-22,US-2016-132577,Accohide Poly Flexible Ring Binders,Office Supplies,6.0,0.75,80.0,Central
2015-12-14,CA-2015-114048,Staple-based wall hangings,Furniture,3.0,9.74,0.0,West
2015-06-13,CA-2015-137281,Xerox 202,Office Supplies,1.0,6.48,0.0,South
2017-12-28,US-2017-162068,Avery Reinforcements for Hole-Punch Pages,Office Supplies,2.0,0.59,70.0,West
2017-09-20,CA-2017-100111,Hon Valutask Swivel Chairs,Furniture,3.0,90.88,10.0,East
2017-09-20,CA-2017-100111,"Logitech Wireless Boombox Speaker - portable - wireless, wired",Technology,2.0,106.4,0.0,East
2017-09-20,CA-2017-100111,"TOPS ""Important Message"" Pads, Canary, 4-1/4 x 5-1/2, 50 Sheets per Pad",Office Supplies,9.0,4.28,0.0,East
2017-09-20,CA-2017-100111,SanDisk Cruzer 64 GB USB Flash Drive,Technology,2.0,36.32,0.0,East
2017-09-20,CA-2017-100111,"SimpliFile Personal File, Black Granite, 15w x 6-15/16d x 11-1/4h",Office Supplies,4.0,11.35,0.0,East
2017-09-20,CA-2017-100111,"Adams Phone Message Book, 200 Message Capacity, 8 1/16” x 11”",Office Supplies,2.0,6.88,0.0,East
2017-09-20,CA-2017-100111,"Global Leather Task Chair, Black",Furniture,1.0,80.99,10.0,East
2017-09-20,CA-2017-100111,"Pressboard Covers with Storage Hooks, 9 1/2"" x 11"", Light Blue",Office Supplies,3.0,3.93,20.0,East
2017-09-20,CA-2017-100111,Advantus Push Pins,Office Supplies,2.0,2.18,0.0,East
2017-09-20,CA-2017-100111,Hon 4070 Series Pagoda Armless Upholstered Stacking Chairs,Furniture,11.0,262.56,10.0,East
2017-09-20,CA-2017-100111,Apple iPhone 5,Technology,2.0,649.83,0.0,East
2017-09-20,CA-2017-100111,Global Troy Executive Leather Low-Back Tilter,Furniture,5.0,450.88,10.0,East
2017-09-20,CA-2017-100111,Plantronics Cordless Phone Headset with In-line Volume - M214C,Technology,3.0,34.95,0.0,East
2017-09-20,CA-2017-100111,Logitech LS21 Speaker System - PC Multimedia - 2.1-CH - Wired,Technology,3.0,19.99,0.0,East
2017-08-22,US-2017-132381,Bevis Boat-Shaped Conference Table,Furniture,2.0,157.27,40.0,East
2015-06-18,CA-2015-147011,"Dixon Prang Watercolor Pencils, 10-Color Set with Brush",Office Supplies,4.0,3.41,20.0,South
2014-12-20,CA-2014-120852,Belkin Premiere Surge Master II 8-outlet surge protector,Office Supplies,2.0,9.72,80.0,Central
2014-12-20,CA-2014-120852,Logitech Desktop MK120 Mouse and keyboard Combo,Technology,5.0,13.09,20.0,Central
2016-09-11,CA-2016-150007,Smead Alpha-Z Color-Coded Name Labels First Letter Starter Set,Office Supplies,2.0,3.0,20.0,Central
2016-09-11,CA-2016-150007,Insertable Tab Indexes For Data Binders,Office Supplies,3.0,0.64,80.0,Central
2016-11-12,CA-2016-124590,"Global Leather and Oak Executive Chair, Black",Furniture,7.0,210.69,30.0,East
2016-11-12,CA-2016-124590,"Holmes Replacement Filter for HEPA Air Cleaner, Very Large Room, HEPA Filter",Office Supplies,2.0,55.05,20.0,East
2016-11-12,CA-2016-124590,OIC Bulk Pack Metal Binder Clips,Office Supplies,6.0,2.79,20.0,East
2016-11-12,CA-2016-124590,"Hon Deluxe Fabric Upholstered Stacking Chairs, Rounded Back",Furniture,9.0,170.79,30.0,East
2016-11-12,CA-2016-124590,Hon 4070 Series Pagoda Round Back Stacking Chairs,Furniture,2.0,224.69,30.0,East
2016-03-14,CA-2016-133802,Wilson Jones Leather-Like Binders with DublLock Round Rings,Office Supplies,6.0,6.98,20.0,West
2016-11-13,US-2016-113677,Xiaomi Mi3,Technology,4.0,569.99,0.0,East
2016-11-13,US-2016-113677,Avery 499,Office Supplies,3.0,4.98,0.0,East
2017-09-19,CA-2017-143378,Mophie Juice Pack Helium for iPhone,Technology,3.0,63.99,20.0,West
2017-09-19,CA-2017-143378,Peel-Off China Markers,Office Supplies,3.0,7.94,20.0,West
2017-09-19,CA-2017-143378,"Howard Miller 14-1/2"" Diameter Chrome Round Wall Clock",Furniture,8.0,51.15,20.0,West
2017-09-19,CA-2017-143378,O'Sullivan 4-Shelf Bookcase in Odessa Pine,Furniture,2.0,36.29,70.0,West
2017-12-04,CA-2017-152660,Advantus Rolling Drawer Organizers,Office Supplies,2.0,30.78,20.0,Central
2015-08-31,CA-2015-142139,"Message Book, Phone, Wirebound Standard Line Memo, 2 3/4"" X 5""",Office Supplies,4.0,5.24,20.0,Central
2017-06-03,CA-2017-145772,Kingston Digital DataTraveler 16GB USB 2.0,Technology,5.0,8.95,0.0,West
2017-06-03,CA-2017-145772,Xerox 1947,Office Supplies,2.0,5.98,0.0,West
2017-06-03,CA-2017-145772,UniKeep View Case Binders,Office Supplies,1.0,3.91,20.0,West
2016-03-31,CA-2016-124100,"Global Value Steno Chair, Gray",Furniture,6.0,54.67,10.0,East
2014-10-25,US-2014-158400,GBC VeloBind Cover Sets,Office Supplies,4.0,12.35,20.0,West
2017-03-26,CA-2017-162033,Memorex Froggy Flash Drive 8 GB,Technology,3.0,17.75,0.0,South
2017-03-26,CA-2017-162033,Staples,Office Supplies,2.0,1.88,0.0,South
2014-12-27,CA-2014-163447,"Global Push Button Manager's Chair, Indigo",Furniture,14.0,54.8,10.0,East
2017-09-15,CA-2017-145737,Xerox 1893,Office Supplies,5.0,32.79,20.0,South
2016-08-16,CA-2016-148096,"Barricks 18"" x 48"" Non-Folding Utility Table with Bottom Storage Shelf",Furniture,2.0,80.64,20.0,West
2016-11-04,CA-2016-146766,Boston Heavy-Duty Trimline Electric Pencil Sharpeners,Office Supplies,4.0,48.2,0.0,West
2015-10-18,CA-2015-105613,"Verbatim Slim CD and DVD Storage Cases, 50/Pack",Technology,3.0,9.23,20.0,Central
2015-10-18,CA-2015-105613,Tripp Lite Isotel 6 Outlet Surge Protector with Fax/Modem Protection,Office Supplies,6.0,12.19,80.0,Central
2016-10-31,US-2016-142251,Xerox 1898,Office Supplies,6.0,5.34,20.0,South
2014-03-30,CA-2014-131247,O'Sullivan Living Dimensions 2-Shelf Bookcases,Furniture,2.0,102.83,15.0,West
2015-04-18,US-2015-113593,Advantus Rolling Drawer Organizers,Office Supplies,3.0,38.48,0.0,West
2017-07-09,CA-2017-121083,Xerox 1914,Office Supplies,5.0,54.96,0.0,East
2017-07-09,CA-2017-121083,Tennsco Industrial Shelving,Office Supplies,4.0,48.91,0.0,East
2017-07-09,CA-2017-121083,Digium D40 VoIP phone,Technology,2.0,128.99,0.0,East
2017-07-09,CA-2017-121083,Prismacolor Color Pencil Set,Office Supplies,6.0,19.84,0.0,East
2017-06-27,CA-2017-151190,"Wirebound Message Books, Four 2 3/4 x 5 White Forms per Page",Office Supplies,3.0,6.69,0.0,Central
2014-12-22,CA-2014-133543,Newell 332,Office Supplies,4.0,2.94,0.0,West
2017-11-21,CA-2017-105130,Newell 332,Office Supplies,4.0,2.94,0.0,West
2017-11-21,CA-2017-105130,Canvas Sectional Post Binders,Office Supplies,2.0,20.37,20.0,West
2016-06-27,CA-2016-161928,Ooma Telo VoIP Home Phone System,Technology,2.0,100.79,20.0,West
2017-12-28,CA-2017-101322,Novimex Turbo Task Chair,Furniture,6.0,56.78,20.0,West
2016-04-08,US-2016-106600,"Hon Metal Bookcases, Black",Furniture,5.0,70.98,0.0,South
2014-03-18,CA-2014-111871,"Bush Heritage Pine Collection 5-Shelf Bookcase, Albany Pine Finish, *Special Order",Furniture,10.0,119.83,15.0,West
2017-07-03,CA-2017-139437,Rogers Deluxe File Chest,Office Supplies,4.0,21.98,0.0,West
2017-04-20,CA-2017-151484,"Computer Room Manger, 14""",Furniture,2.0,25.98,20.0,East
2017-04-20,CA-2017-151484,"Sortfiler Multipurpose Personal File Organizer, Black",Office Supplies,3.0,17.11,20.0,East
2017-04-20,CA-2017-151484,Deluxe Rollaway Locking File with Drawer,Office Supplies,1.0,332.7,20.0,East
2017-04-20,CA-2017-151484,"Executive Impressions 12"" Wall Clock",Furniture,3.0,14.14,20.0,East
2016-08-03,CA-2016-104150,"Tyvek  Top-Opening Peel & Seel Envelopes, Plain White",Office Supplies,3.0,27.18,0.0,Central
2016-08-03,CA-2016-104150,Sony Micro Vault Click 4 GB USB 2.0 Flash Drive,Technology,12.0,13.94,0.0,Central
2016-12-03,CA-2016-161025,Fellowes Staxonsteel Drawer Files,Office Supplies,4.0,193.17,0.0,West
2014-03-19,CA-2014-103989,Cisco 8x8 Inc. 6753i IP Business Phone System,Technology,3.0,107.99,20.0,South
2014-03-19,CA-2014-103989,Avery 501,Office Supplies,4.0,2.95,20.0,South
2014-03-19,CA-2014-103989,Crate-A-Files,Office Supplies,3.0,8.72,20.0,South
2014-03-19,CA-2014-103989,"Avery Flip-Chart Easel Binder, Black",Office Supplies,5.0,6.71,70.0,South
2014-03-19,CA-2014-103989,Eldon Wave Desk Accessories,Furniture,3.0,1.66,20.0,South
2014-03-19,CA-2014-103989,Document Clip Frames,Furniture,3.0,6.67,20.0,South
2014-03-19,CA-2014-103989,"Logitech Wireless Boombox Speaker - portable - wireless, wired",Technology,2.0,85.12,20.0,South
2015-04-20,CA-2015-142433,Xerox 1916,Office Supplies,3.0,39.15,20.0,Central
2015-09-19,CA-2015-132815,Personal Creations Ink Jet Cards and Labels,Office Supplies,2.0,11.48,0.0,West
2014-08-27,CA-2014-101266,Xerox 1898,Office Supplies,2.0,6.68,0.0,South
2016-12-19,CA-2016-141523,"GBC Laser Imprintable Binding System Covers, Desert Sand",Office Supplies,3.0,11.42,20.0,East
2016-12-19,CA-2016-141523,Newell 326,Office Supplies,2.0,1.76,0.0,East
2014-08-02,US-2014-106299,Wilson Jones 14 Line Acrylic Coated Pressboard Data Binders,Office Supplies,5.0,5.34,0.0,Central
2014-08-02,US-2014-106299,Memorex Micro Travel Drive 4 GB,Technology,2.0,10.6,0.0,Central
2014-08-02,US-2014-106299,Smead Adjustable Mobile File Trolley with Lockable Top,Office Supplies,2.0,419.19,0.0,Central
2015-09-21,CA-2015-158421,Global Comet Stacking Arm Chair,Furniture,4.0,422.51,0.0,South
2015-09-21,CA-2015-158421,Recycled Eldon Regeneration Jumbo File,Office Supplies,7.0,12.28,0.0,South
2015-09-21,CA-2015-158421,"Tyvek Interoffice Envelopes, 9 1/2"" x 12 1/2"", 100/Box",Office Supplies,2.0,60.98,0.0,South
2015-09-21,CA-2015-158421,Xerox 193,Office Supplies,4.0,5.98,0.0,South
2015-09-21,CA-2015-158421,Fellowes Bankers Box Stor/Drawer Steel Plus,Office Supplies,2.0,31.98,0.0,South
2015-09-21,CA-2015-158421,HTC One Mini,Technology,5.0,125.99,0.0,South
2015-09-21,CA-2015-158421,Grandstream GXP1160 VoIP phone,Technology,3.0,37.91,0.0,South
2015-09-21,CA-2015-158421,"Angle-D Binders with Locking Rings, Label Holders",Office Supplies,2.0,7.3,0.0,South
2015-09-21,CA-2015-158421,"Stur-D-Stor Shelving, Vertical 5-Shelf: 72""H x 36""W x 18 1/2""D",Office Supplies,8.0,110.98,0.0,South
2016-12-11,CA-2016-143609,"Global Fabric Manager's Chair, Dark Gray",Furniture,5.0,80.78,20.0,West
2015-08-07,CA-2015-138331,Stanley Contemporary Battery Pencil Sharpeners,Office Supplies,10.0,10.68,20.0,East
2015-11-15,CA-2015-138954,Eldon Mobile Mega Data Cart  Mega Stackable  Add-On Trays,Office Supplies,3.0,23.65,0.0,East
2015-11-15,CA-2015-138954,Cardinal Holdit Data Disk Pockets,Office Supplies,6.0,5.82,20.0,East
2015-11-15,CA-2015-138954,Newell 319,Office Supplies,6.0,19.84,0.0,East
2017-04-04,CA-2017-157903,Cisco SPA 502G IP Phone,Technology,4.0,95.96,20.0,Central
2016-12-24,CA-2016-157259,Luxo Adjustable Task Clamp Lamp,Furniture,9.0,88.84,0.0,East
2017-12-13,CA-2017-107986,Sterilite Officeware Hinged File Box,Office Supplies,3.0,10.48,0.0,West
2017-12-22,CA-2017-104927,Xerox 1931,Office Supplies,5.0,5.18,20.0,Central
2017-12-22,CA-2017-104927,"Cardinal HOLDit! Binder Insert Strips,Extra Strips",Office Supplies,5.0,1.27,80.0,Central
2017-12-22,CA-2017-104927,Xerox 1887,Office Supplies,5.0,15.18,20.0,Central
2017-10-21,CA-2017-113453,Mitel MiVoice 5330e IP Phone,Technology,2.0,164.99,40.0,East
2017-10-21,CA-2017-113453,Acco Perma 2700 Stacking Storage Drawers,Office Supplies,3.0,23.79,20.0,East
2015-11-13,CA-2015-149909,"Black Print Carbonless Snap-Off Rapid Letter, 8 1/2"" x 7""",Office Supplies,7.0,9.11,0.0,Central
2015-11-13,CA-2015-149909,Spigen Samsung Galaxy S5 Case Wallet,Technology,3.0,16.99,0.0,Central
2015-11-13,CA-2015-149909,Xerox 1910,Office Supplies,2.0,48.04,0.0,Central
2015-04-16,CA-2015-146675,Canon PC940 Copier,Technology,4.0,359.99,20.0,Central
2015-04-16,CA-2015-146675,Logitech Keyboard K120,Technology,3.0,14.52,20.0,Central
2016-12-16,CA-2016-118332,Office Star - Contemporary Swivel Chair with Padded Adjustable Arms and Flex Back,Furniture,5.0,112.78,20.0,West
2016-10-21,CA-2016-133669,Panasonic KX TS208W Corded phone,Technology,8.0,29.39,40.0,East
2017-12-01,CA-2017-145660,Magna Visual Magnetic Picture Hangers,Furniture,2.0,3.86,20.0,East
2016-10-20,CA-2016-133697,"Black Print Carbonless Snap-Off Rapid Letter, 8 1/2"" x 7""",Office Supplies,7.0,7.29,20.0,Central
2016-10-20,CA-2016-133697,Staples,Office Supplies,4.0,6.31,20.0,Central
2016-10-20,CA-2016-133697,Office Star - Ergonomically Designed Knee Chair,Furniture,1.0,56.69,30.0,Central
2017-09-29,CA-2017-148138,Fellowes Bankers Box Stor/Drawer Steel Plus,Office Supplies,2.0,25.58,20.0,East
2017-08-18,CA-2017-119809,Fellowes PB300 Plastic Comb Binding Machine,Office Supplies,9.0,310.39,20.0,West
2017-08-18,CA-2017-119809,Letter Size Cart,Office Supplies,7.0,142.86,0.0,West
2017-08-18,CA-2017-119809,"Contract Clock, 14"", Brown",Furniture,3.0,21.98,0.0,West
2017-11-12,CA-2017-149944,Staples,Office Supplies,3.0,6.08,0.0,West
2017-11-12,CA-2017-149944,Fellowes Superior 10 Outlet Split Surge Protector,Office Supplies,2.0,38.06,0.0,West
2014-10-11,CA-2014-128538,"#10- 4 1/8"" x 9 1/2"" Security-Tint Envelopes",Office Supplies,1.0,7.64,0.0,West
2015-11-28,CA-2015-161711,"Executive Impressions 14"" Two-Color Numerals Wall Clock",Furniture,3.0,22.72,0.0,East
2015-11-28,CA-2015-161711,Staple envelope,Office Supplies,8.0,7.78,0.0,East
2015-07-27,US-2015-129553,Mediabridge Sport Armband iPhone 5s,Technology,3.0,9.99,0.0,South
2016-10-20,CA-2016-160220,"iKross Bluetooth Portable Keyboard + Cell Phone Stand Holder + Brush for Apple iPhone 5S 5C 5, 4S 4",Technology,6.0,20.95,0.0,Central
2016-10-20,CA-2016-160220,Pyle PMP37LED,Technology,2.0,95.99,0.0,Central
2016-10-20,CA-2016-160220,Woodgrain Magazine Files by Perma,Office Supplies,7.0,2.98,0.0,Central
2017-09-14,US-2017-157224,Avery 48,Office Supplies,9.0,6.3,0.0,West
2017-12-23,CA-2017-140627,"Executive Impressions 14"" Two-Color Numerals Wall Clock",Furniture,4.0,18.18,20.0,South
2017-12-23,CA-2017-140627,Pencil and Crayon Sharpener,Office Supplies,7.0,1.75,20.0,South
2017-12-23,CA-2017-140627,Safco Industrial Wire Shelving System,Office Supplies,3.0,72.78,20.0,South
2015-10-05,CA-2015-133445,"Bush Cubix Collection Bookcases, Fully Assembled",Furniture,1.0,66.29,70.0,West
2015-10-05,CA-2015-133445,Global Highback Leather Tilter in Burgundy,Furniture,4.0,72.79,20.0,West
2014-11-02,CA-2014-148782,"Logitech B530 USB Headset - headset - Full size, Binaural",Technology,3.0,29.59,20.0,Central
2016-01-22,CA-2016-148208,Panasonic Kx-TS550,Technology,4.0,27.59,40.0,East
2016-01-22,CA-2016-148208,"Verbatim 25 GB 6x Blu-ray Single Layer Recordable Disc, 25/Pack",Technology,3.0,18.39,20.0,East
2017-07-11,CA-2017-127656,Staples in misc. colors,Office Supplies,4.0,7.58,0.0,Central
2017-09-11,US-2017-142188,Office Star - Contemporary Task Swivel Chair,Furniture,2.0,88.78,20.0,West
2017-09-11,US-2017-142188,Xerox 225,Office Supplies,3.0,6.48,0.0,West
2017-09-11,US-2017-142188,Xerox 1894,Office Supplies,11.0,6.48,0.0,West
2017-09-11,US-2017-142188,Ibico Ibimaster 300 Manual Binding System,Office Supplies,5.0,294.39,20.0,West
2017-09-11,US-2017-142188,iOttie XL Car Mount,Technology,5.0,15.99,20.0,West
2016-02-23,CA-2016-144400,"Recycled Interoffice Envelopes with String and Button Closure, 10 x 13",Office Supplies,3.0,19.19,20.0,East
2016-01-22,US-2016-155180,Wilson Jones data.warehouse D-Ring Binders with DublLock,Office Supplies,4.0,6.58,20.0,East
2015-12-12,CA-2015-134075,Eldon Cleatmat Chair Mats for Medium Pile Carpets,Furniture,3.0,55.5,0.0,West
2015-12-12,CA-2015-134075,Standard Rollaway File with Lock,Office Supplies,2.0,180.19,0.0,West
2016-10-29,US-2016-131912,"XtraLife ClearVue Slant-D Ring Binder, White, 3""",Office Supplies,1.0,11.74,20.0,West
2017-05-28,CA-2017-141572,"Advantus Employee of the Month Certificate Frame, 11 x 13-1/2",Furniture,8.0,30.93,0.0,East
2014-12-21,CA-2014-134621,Ibico Plastic Spiral Binding Combs,Office Supplies,2.0,9.12,70.0,South
2016-11-24,CA-2016-165561,"Elite 5"" Scissors",Office Supplies,3.0,8.45,0.0,West
2015-11-20,CA-2015-112305,Newell 334,Office Supplies,6.0,19.84,0.0,West
2015-11-20,CA-2015-112305,"Eldon Expressions Wood Desk Accessories, Oak",Furniture,3.0,7.38,0.0,West
2015-11-20,CA-2015-112305,AmazonBasics 3-Button USB Wired Mouse,Technology,2.0,6.99,0.0,West
2017-05-29,CA-2017-121580,Satellite Sectional Post Binders,Office Supplies,1.0,43.41,0.0,Central
2017-05-29,CA-2017-121580,Eldon Wave Desk Accessories,Furniture,3.0,2.08,0.0,Central
2017-05-29,CA-2017-121580,Hoover Commercial Lightweight Upright Vacuum with E-Z Empty Dirt Cup,Office Supplies,2.0,232.58,0.0,Central
2017-05-29,CA-2017-121580,"Adams Telephone Message Book w/Frequently-Called Numbers Space, 400 Messages per Book",Office Supplies,1.0,7.98,0.0,Central
2014-12-02,CA-2014-101147,Staple holder,Office Supplies,1.0,2.39,80.0,Central
2014-04-07,CA-2014-165806,Xerox 226,Office Supplies,9.0,6.48,0.0,South
2014-04-07,CA-2014-165806,RCA Visys Integrated PBX 8-Line Router,Technology,3.0,66.99,0.0,South
2015-09-08,CA-2015-151624,Acrylic Self-Standing Desk Frames,Furniture,8.0,2.67,0.0,South
2017-09-09,CA-2017-139444,Avery 511,Office Supplies,4.0,2.46,20.0,Central
2015-09-06,CA-2015-133977,GBC Plasticlear Binding Covers,Office Supplies,1.0,3.44,70.0,South
2017-11-02,CA-2017-141425,Premier Automatic Letter Opener,Office Supplies,2.0,192.3,20.0,East
2015-03-28,CA-2015-133536,Security-Tint Envelopes,Office Supplies,3.0,7.64,0.0,East
2015-08-13,CA-2015-150441,Avery Round Ring Poly Binders,Office Supplies,4.0,2.84,0.0,Central
2015-05-12,CA-2015-162607,Prestige Round Ring Binders,Office Supplies,3.0,4.86,20.0,West
2017-07-23,CA-2017-103506,"Avery Address/Shipping Labels for Typewriters, 4"" x 2""",Office Supplies,4.0,10.35,0.0,East
2016-09-24,CA-2016-132479,GBC ProClick 150 Presentation Binding System,Office Supplies,7.0,63.2,80.0,Central
2017-05-05,CA-2017-160724,Ibico Covers for Plastic or Wire Binding Elements,Office Supplies,3.0,11.5,0.0,South
2016-10-06,US-2016-115952,Avery Binding System Hidden Tab Executive Style Index Sets,Office Supplies,5.0,5.77,0.0,Central
2014-11-03,CA-2014-146731,"Ampad Evidence Wirebond Steno Books, 6"" x 9""",Office Supplies,2.0,1.74,20.0,South
2014-11-03,CA-2014-146731,Xerox 1884,Office Supplies,9.0,15.98,20.0,South
2015-10-01,CA-2015-115392,Cisco SPA301,Technology,2.0,155.99,0.0,East
2015-10-01,CA-2015-115392,Avery Non-Stick Binders,Office Supplies,5.0,4.49,0.0,East
2017-12-02,CA-2017-102379,Anker Astro 15000mAh USB Portable Charger,Technology,1.0,39.99,20.0,West
2017-12-02,CA-2017-102379,Office Star - Mid Back Dual function Ergonomic High Back Chair with 2-Way Adjustable Arms,Furniture,9.0,128.78,20.0,West
2017-12-02,CA-2017-102379,Panasonic KP-380BK Classic Electric Pencil Sharpener,Office Supplies,5.0,35.98,0.0,West
2017-12-11,CA-2017-149706,Enermax Briskie RF Wireless Keyboard and Mouse Combo,Technology,7.0,16.62,20.0,Central
2016-07-17,US-2016-139087,Eldon Image Series Black Desk Accessories,Furniture,3.0,4.14,0.0,West
2016-07-17,US-2016-139087,First Data TMFD35 PIN Pad,Technology,3.0,142.8,0.0,West
2016-07-17,US-2016-139087,"Eldon 300 Class Desk Accessories, Black",Furniture,5.0,4.95,0.0,West
2016-07-17,US-2016-139087,Round Specialty Laser Printer Labels,Office Supplies,7.0,12.53,0.0,West
2016-07-17,US-2016-139087,Home/Office Personal File Carts,Office Supplies,2.0,34.76,0.0,West
2016-07-17,US-2016-139087,Cyber Acoustics AC-202b Speech Recognition Stereo Headset,Technology,2.0,10.39,20.0,West
2016-07-17,US-2016-139087,"Pressboard Data Binder, Crimson, 12"" X 8 1/2""",Office Supplies,3.0,4.27,20.0,West
2017-05-12,CA-2017-152226,Avery 501,Office Supplies,2.0,2.95,20.0,East
2015-11-20,CA-2015-116484,Ultra Commercial Grade Dual Valve Door Closer,Furniture,2.0,31.91,20.0,East
2015-11-20,CA-2015-116484,"Belkin 19"" Center-Weighted Shelf, Gray",Office Supplies,3.0,47.18,20.0,East
2016-09-24,CA-2016-100944,"Tyvek Interoffice Envelopes, 9 1/2"" x 12 1/2"", 100/Box",Office Supplies,5.0,60.98,0.0,West
2016-09-24,CA-2016-100944,Hon Olson Stacker Stools,Furniture,5.0,112.65,20.0,West
2016-10-21,CA-2016-125080,"Chromcraft Bull-Nose Wood 48"" x 96"" Rectangular Conference Tables",Furniture,2.0,330.59,40.0,East
2016-10-24,CA-2016-121020,Apple iPhone 5C,Technology,3.0,79.99,20.0,South
2014-07-08,CA-2014-100090,Hon 2111 Invitation Series Corner Table,Furniture,3.0,167.5,20.0,West
2014-07-08,CA-2014-100090,"Wilson Jones Ledger-Size, Piano-Hinge Binder, 2"", Blue",Office Supplies,6.0,32.78,20.0,West
2015-03-13,US-2015-139675,Global Deluxe High-Back Manager's Chair,Furniture,4.0,228.78,20.0,West
2015-03-13,US-2015-139675,Dana Halogen Swing-Arm Architect Lamp,Furniture,8.0,40.97,0.0,West
2017-12-02,CA-2017-143756,Office Star - Professional Matrix Back Chair with 2-to-1 Synchro Tilt and Mesh Fabric Seat,Furniture,2.0,350.98,0.0,South
2015-04-22,CA-2015-151253,"Logitech B530 USB Headset - headset - Full size, Binaural",Technology,3.0,29.59,20.0,West
2015-04-22,CA-2015-151253,Boston 1730 StandUp Electric Pencil Sharpener,Office Supplies,3.0,21.38,0.0,West
2014-09-16,CA-2014-141152,"Avery Trapezoid Extra Heavy Duty 4"" Binders",Office Supplies,1.0,33.55,20.0,East
2014-12-28,CA-2014-141313,Hoover Upright Vacuum With Dirt Cup,Office Supplies,6.0,289.53,0.0,East
2014-12-28,CA-2014-141313,"Fellowes Strictly Business Drawer File, Letter/Legal Size",Office Supplies,5.0,140.85,0.0,East
2014-12-28,CA-2014-141313,Xerox 1906,Office Supplies,4.0,35.44,0.0,East
2014-10-21,CA-2014-169852,Plastic Binding Combs,Office Supplies,3.0,12.12,20.0,West
2017-11-30,CA-2017-107314,Contemporary Borderless Frame,Furniture,3.0,8.61,0.0,West
2014-06-06,US-2014-161305,"Avery Trapezoid Ring Binder, 3"" Capacity, Black, 1040 sheets",Office Supplies,3.0,8.2,80.0,Central
2014-06-06,US-2014-161305,"#10- 4 1/8"" x 9 1/2"" Recycled Envelopes",Office Supplies,2.0,6.99,20.0,Central
2017-11-23,CA-2017-166919,Panasonic KX TS208W Corded phone,Technology,5.0,39.19,20.0,Central
2017-06-18,CA-2017-162712,Xerox 1925,Office Supplies,3.0,24.78,20.0,Central
2017-05-05,CA-2017-107552,Xerox 1923,Office Supplies,1.0,6.68,0.0,East
2016-11-04,CA-2016-163328,Serrated Blade or Curved Handle Hand Letter Openers,Office Supplies,7.0,2.51,20.0,West
2016-11-04,CA-2016-163328,"Office Star - Contemporary Task Swivel chair with Loop Arms, Charcoal",Furniture,1.0,104.78,20.0,West
2016-11-04,CA-2016-163328,Southworth 25% Cotton Premium Laser Paper and Envelopes,Office Supplies,3.0,15.98,20.0,West
2016-11-04,CA-2016-163328,Global Enterprise Series Seating High-Back Swivel/Tilt Chairs,Furniture,3.0,216.78,20.0,West
2016-11-04,CA-2016-163328,"Dot Matrix Printer Tape Reel Labels, White, 5000/Box",Office Supplies,8.0,78.65,20.0,West
2016-11-04,CA-2016-163328,Xerox 1887,Office Supplies,1.0,15.18,20.0,West
2014-09-11,CA-2014-112837,"Deflect-o DuraMat Lighweight, Studded, Beveled Mat for Low Pile Carpeting",Furniture,3.0,42.65,0.0,West
2017-02-16,CA-2017-120019,Fellowes Staxonsteel Drawer Files,Office Supplies,3.0,193.17,0.0,East
2017-02-16,CA-2017-120019,"Belkin SportFit Armband For iPhone 5s/5c, Fuchsia",Technology,1.0,14.99,0.0,East
2014-11-24,CA-2014-100762,"Hunt PowerHouse Electric Pencil Sharpener, Blue",Office Supplies,4.0,37.98,0.0,Central
2014-11-24,CA-2014-100762,"Dot Matrix Printer Tape Reel Labels, White, 5000/Box",Office Supplies,2.0,98.31,0.0,Central
2014-11-24,CA-2014-100762,Xerox 1885,Office Supplies,3.0,48.04,0.0,Central
2014-11-24,CA-2014-100762,"Adams Telephone Message Book w/Frequently-Called Numbers Space, 400 Messages per Book",Office Supplies,2.0,7.98,0.0,Central
2017-11-25,CA-2017-161459,PayAnywhere Card Reader,Technology,5.0,7.99,20.0,West
2017-11-25,CA-2017-161459,"Adams Telephone Message Book W/Dividers/Space For Phone Numbers, 5 1/4""X8 1/2"", 200/Messages",Office Supplies,6.0,5.68,0.0,West
2017-09-28,CA-2017-160017,Xerox 220,Office Supplies,2.0,5.18,20.0,South
2014-10-13,CA-2014-123316,Recycled Pressboard Report Cover with Reinforced Top Hinge,Office Supplies,3.0,2.58,20.0,East
2014-06-03,CA-2014-141299,Security-Tint Envelopes,Office Supplies,2.0,7.64,0.0,Central
2014-06-17,CA-2014-104402,Texas Instruments TI-34 Scientific Calculator,Technology,3.0,21.99,0.0,East
2015-10-29,CA-2015-110289,Xerox 1898,Office Supplies,5.0,6.68,0.0,West
2015-10-29,CA-2015-110289,"Strathmore #10 Envelopes, Ultimate White",Office Supplies,4.0,52.71,0.0,West
2014-01-20,CA-2014-167927,Eldon Fold 'N Roll Cart System,Office Supplies,1.0,13.98,0.0,Central
2014-01-20,CA-2014-167927,Eldon ClusterMat Chair Mat with Cordless Antistatic Protection,Furniture,3.0,90.98,0.0,Central
2014-01-20,CA-2014-167927,"Acco Pressboard Covers with Storage Hooks, 9 1/2"" x 11"", Executive Red",Office Supplies,5.0,3.81,0.0,Central
2014-01-20,CA-2014-167927,"Holmes Replacement Filter for HEPA Air Cleaner, Very Large Room, HEPA Filter",Office Supplies,4.0,61.93,10.0,Central
2014-01-20,CA-2014-167927,Fellowes Bases and Tops For Staxonsteel/High-Stak Systems,Office Supplies,2.0,33.29,0.0,Central
2014-01-20,CA-2014-167927,Panasonic KP-4ABK Battery-Operated Pencil Sharpener,Office Supplies,3.0,14.64,0.0,Central
2014-01-20,CA-2014-167927,Ultra Door Push Plate,Furniture,3.0,4.91,0.0,Central
2014-01-20,CA-2014-167927,Storex Dura Pro Binders,Office Supplies,5.0,5.94,0.0,Central
2014-07-11,CA-2014-133305,Xerox 1881,Office Supplies,4.0,12.28,0.0,East
2014-07-11,CA-2014-133305,Newell 3-Hole Punched Plastic Slotted Magazine Holders for Binders,Office Supplies,5.0,3.66,20.0,East
2016-08-30,CA-2016-165995,"Executive Impressions 10"" Spectator Wall Clock",Furniture,4.0,11.76,0.0,West
2016-08-30,CA-2016-165995,Panasonic KX TS3282W Corded phone,Technology,5.0,67.99,20.0,West
2017-10-05,CA-2017-143112,Samsung HM1900 Bluetooth Headset,Technology,4.0,21.95,0.0,East
2017-10-05,CA-2017-143112,"Global High-Back Leather Tilter, Burgundy",Furniture,2.0,110.69,10.0,East
2017-10-05,CA-2017-143112,"3D Systems Cube Printer, 2nd Generation, Magenta",Technology,4.0,1299.99,0.0,East
2016-12-31,US-2017-105830,Tennsco Industrial Shelving,Office Supplies,4.0,39.13,20.0,East
2015-03-07,CA-2015-146255,Microsoft Sculpt Comfort Mouse,Technology,3.0,39.95,0.0,East
2015-03-07,CA-2015-146255,"GBC Twin Loop Wire Binding Elements, 9/16"" Spine, Black",Office Supplies,2.0,15.22,0.0,East
2015-03-07,CA-2015-146255,Wilson Jones Heavy-Duty Casebound Ring Binders with Metal Hinges,Office Supplies,2.0,34.64,0.0,East
2015-03-07,CA-2015-146255,LG G3,Technology,3.0,195.99,0.0,East
2017-10-20,CA-2017-104822,Avery 478,Office Supplies,5.0,4.91,0.0,East
2015-05-01,CA-2015-104486,"GBC Twin Loop Wire Binding Elements, 9/16"" Spine, Black",Office Supplies,1.0,12.18,20.0,West
2015-05-01,CA-2015-104486,Eldon Simplefile Box Office,Office Supplies,3.0,12.44,0.0,West
2015-05-01,CA-2015-104486,"Acme 10"" Easy Grip Assistive Scissors",Office Supplies,2.0,17.53,0.0,West
2017-09-03,CA-2017-161557,Eldon Advantage Foldable Chair Mats for Low Pile Carpets,Furniture,5.0,21.68,60.0,Central
2017-11-03,CA-2017-161130,Polycom SoundPoint IP 450 VoIP phone,Technology,2.0,180.69,20.0,South
2015-09-13,US-2015-161347,"Fellowes Twister Kit, Gray/Clear, 3/pkg",Office Supplies,1.0,2.41,70.0,East
2015-09-06,US-2015-109015,Black & Decker Filter for Double Action Dustbuster Cordless Vac BLDV7210,Office Supplies,1.0,8.39,0.0,East
2015-09-06,US-2015-109015,ShoreTel ShorePhone IP 230 VoIP phone,Technology,2.0,168.99,0.0,East
2014-10-06,CA-2014-110611,"Tennsco Lockers, Gray",Office Supplies,5.0,16.78,20.0,East
2017-01-23,CA-2017-139080,Pressboard Hanging Data Binders for Unburst Sheets,Office Supplies,5.0,3.94,20.0,West
2017-01-23,CA-2017-139080,Xerox 212,Office Supplies,4.0,6.48,0.0,West
2017-01-23,CA-2017-139080,Xerox 192,Office Supplies,1.0,6.48,0.0,West
2017-01-23,CA-2017-139080,Griffin GC17055 Auxiliary Audio Cable,Technology,6.0,14.39,20.0,West
2015-12-10,CA-2015-115693,"Boston Electric Pencil Sharpener, Model 1818, Charcoal Black",Office Supplies,2.0,28.15,0.0,West
2014-11-25,US-2014-107993,Dixon Ticonderoga Core-Lock Colored Pencils,Office Supplies,7.0,7.29,20.0,West
2017-11-21,CA-2017-110443,Vinyl Sectional Post Binders,Office Supplies,5.0,30.16,20.0,West
2017-11-21,CA-2017-110443,"3D Systems Cube Printer, 2nd Generation, White",Technology,1.0,1039.99,20.0,West
2017-11-21,CA-2017-110443,Xerox 209,Office Supplies,8.0,6.48,0.0,West
2017-04-04,CA-2017-144848,Panasonic KX - TS880B Telephone,Technology,1.0,41.22,0.0,East
2017-04-04,CA-2017-144848,Premier Automatic Letter Opener,Office Supplies,1.0,240.37,0.0,East
2017-04-04,CA-2017-144848,LG Electronics Tone+ HBS-730 Bluetooth Headset,Technology,2.0,59.51,0.0,East
2017-05-19,US-2017-147998,GBC Twin Loop Wire Binding Elements,Office Supplies,5.0,26.62,20.0,West
2016-10-03,CA-2016-103919,"Eldon Expressions Desk Accessory, Wood Photo Frame, Mahogany",Furniture,5.0,7.62,60.0,Central
2016-11-21,CA-2016-113425,"Hon Metal Bookcases, Putty",Furniture,2.0,56.78,20.0,East
2017-10-03,CA-2017-143035,Magnifier Swing Arm Lamp,Furniture,4.0,20.98,0.0,East
2017-10-03,CA-2017-143035,"Quartet Alpha White Chalk, 12/Pack",Office Supplies,3.0,2.21,0.0,East
2017-10-03,CA-2017-143035,Logitech G19 Programmable Gaming Keyboard,Technology,3.0,123.99,0.0,East
2014-04-29,CA-2014-107811,Global Leather Executive Chair,Furniture,2.0,280.79,20.0,South
2014-04-29,CA-2014-107811,2300 Heavy-Duty Transfer File Systems by Perma,Office Supplies,5.0,19.98,20.0,South
2016-10-07,CA-2016-163216,Avery 511,Office Supplies,2.0,2.46,20.0,East
2016-12-15,US-2016-116442,"Eldon Expressions Wood Desk Accessories, Oak",Furniture,2.0,7.38,0.0,West
2017-04-10,CA-2017-150623,Logitech G700s Rechargeable Gaming Mouse,Technology,1.0,99.99,0.0,East
2017-04-10,CA-2017-150623,Recycled Steel Personal File for Hanging File Folders,Office Supplies,5.0,57.23,0.0,East
2014-04-08,US-2014-163797,"Alliance Super-Size Bands, Assorted Sizes",Office Supplies,8.0,6.22,20.0,West
2016-03-29,CA-2016-127236,"Bush Andora Bookcase, Maple/Graphite Gray Finish",Furniture,5.0,60.0,50.0,East
2016-03-29,CA-2016-127236,Clearsounds A400,Technology,4.0,39.59,40.0,East
2017-01-15,US-2017-104661,"Wilson Jones Ledger-Size, Piano-Hinge Binder, 2"", Blue",Office Supplies,4.0,8.2,80.0,Central
2017-01-15,US-2017-104661,Logitech 910-002974 M325 Wireless Mouse for Web Scrolling,Technology,2.0,23.99,20.0,Central
2017-01-15,US-2017-104661,"Maxell 74 Minute CDR, 10/Pack",Technology,8.0,7.82,20.0,Central
2017-01-15,US-2017-104661,Acco D-Ring Binder w/DublLock,Office Supplies,1.0,4.28,80.0,Central
2014-01-30,CA-2014-134103,Xerox 1972,Office Supplies,2.0,5.28,0.0,Central
2014-01-30,CA-2014-134103,Space Solutions HD Industrial Steel Shelving.,Office Supplies,2.0,114.97,0.0,Central
2015-02-07,CA-2015-147529,Cameo Buff Policy Envelopes,Office Supplies,5.0,62.23,0.0,South
2015-02-07,CA-2015-147529,Xerox 1957,Office Supplies,2.0,6.48,0.0,South
2016-12-14,CA-2016-129126,Strathmore Photo Frame Cards,Office Supplies,2.0,7.31,0.0,East
2016-12-14,CA-2016-129126,Avery 474,Office Supplies,2.0,2.88,0.0,East
2016-12-14,CA-2016-129126,"OIC Colored Binder Clips, Assorted Sizes",Office Supplies,6.0,3.58,0.0,East
2016-12-14,CA-2016-129126,"GE 48"" Fluorescent Tube, Cool White Energy Saver, 34 Watts, 30/Box",Furniture,4.0,99.23,0.0,East
2016-12-14,CA-2016-129126,Advantus Rolling Storage Box,Office Supplies,1.0,17.15,0.0,East
2016-12-14,CA-2016-129126,"Acco Recycled 2"" Capacity Laser Printer Hanging Data Binders",Office Supplies,2.0,11.56,20.0,East
2017-10-31,CA-2017-131632,Newell 350,Office Supplies,2.0,2.62,20.0,Central
2017-08-06,CA-2017-151981,"Ativa D5772 2-Line 5.8GHz Digital Expandable Corded/Cordless Phone System with Answering & Caller ID/Call Waiting, Black/Silver",Technology,5.0,164.99,0.0,East
2017-08-06,CA-2017-151981,Avery 481,Office Supplies,8.0,3.08,0.0,East
2017-08-06,CA-2017-151981,"Hunt PowerHouse Electric Pencil Sharpener, Blue",Office Supplies,6.0,37.98,0.0,East
2017-05-30,CA-2017-125472,"Sauder Camden County Barrister Bookcase, Planked Cherry Finish",Furniture,2.0,120.98,0.0,South
2017-05-30,CA-2017-125472,Avery Binder Labels,Office Supplies,1.0,3.89,0.0,South
2017-05-30,CA-2017-125472,Acrylic Self-Standing Desk Frames,Furniture,3.0,2.67,0.0,South
2015-11-30,CA-2015-156328,Avaya 4621SW VoIP phone,Technology,3.0,59.16,20.0,South
2017-08-31,CA-2017-154074,Hon 4700 Series Mobuis Mid-Back Task Chairs with Adjustable Arms,Furniture,2.0,284.78,20.0,West
2017-08-31,CA-2017-154074,"Sortfiler Multipurpose Personal File Organizer, Black",Office Supplies,7.0,21.39,0.0,West
2017-05-14,CA-2017-161774,Global Commerce Series Low-Back Swivel/Tilt Chairs,Furniture,5.0,179.89,30.0,Central
2017-05-14,CA-2017-161774,Newell 309,Office Supplies,5.0,9.24,20.0,Central
2017-05-14,CA-2017-161774,Xerox 1936,Office Supplies,3.0,15.98,20.0,Central
2017-05-14,CA-2017-161774,PayAnywhere Card Reader,Technology,1.0,7.99,20.0,Central
2017-05-14,CA-2017-161774,Xerox 1937,Office Supplies,2.0,38.43,20.0,Central
2017-08-17,CA-2017-151211,GBC Prestige Therm-A-Bind Covers,Office Supplies,3.0,34.31,0.0,South
2017-08-17,CA-2017-151211,Logitech Desktop MK120 Mouse and keyboard Combo,Technology,6.0,16.36,0.0,South
2017-11-10,CA-2017-142671,GBC VeloBinder Strips,Office Supplies,5.0,2.3,70.0,South
2017-08-21,CA-2017-144750,Xerox 1941,Office Supplies,1.0,83.88,20.0,West
2016-03-08,CA-2016-111976,AT&T 17929 Lendline Telephone,Technology,4.0,27.14,40.0,East
2016-03-08,CA-2016-111976,Rubber Band Ball,Office Supplies,2.0,2.99,20.0,East
2016-10-31,CA-2016-140130,Fiskars Softgrip Scissors,Office Supplies,2.0,10.98,0.0,Central
2016-10-31,CA-2016-140130,Hon Mobius Operator's Chair,Furniture,3.0,122.99,0.0,Central
2016-10-31,CA-2016-140130,Newell 31,Office Supplies,3.0,4.13,0.0,Central
2016-10-31,CA-2016-140130,"Carina Mini System Audio Rack, Model AR050B",Office Supplies,3.0,110.98,0.0,Central
2014-07-26,CA-2014-159121,Memorex Micro Travel Drive 16 GB,Technology,7.0,15.99,0.0,West
2015-10-24,CA-2015-149650,Novimex High-Tech Fabric Mesh Task Chair,Furniture,8.0,56.78,20.0,West
2017-08-19,CA-2017-115777,Xerox 200,Office Supplies,3.0,6.48,0.0,East
2016-05-23,CA-2016-143714,Canon imageCLASS 2200 Advanced Copier,Technology,4.0,2099.99,40.0,East
2016-05-23,CA-2016-143714,Avery Legal 4-Ring Binder,Office Supplies,1.0,6.29,70.0,East
2016-05-23,CA-2016-143714,Xerox 224,Office Supplies,2.0,5.18,20.0,East
2016-05-23,CA-2016-143714,Avaya 5410 Digital phone,Technology,3.0,40.79,40.0,East
2014-11-03,CA-2014-165764,Acco Perma 4000 Stacking Storage Drawers,Office Supplies,2.0,12.99,20.0,South
2014-11-03,CA-2014-165764,Hon Racetrack Conference Tables,Furniture,6.0,157.51,40.0,South
2014-11-03,CA-2014-165764,Avery Self-Adhesive Photo Pockets for Polaroid Photos,Office Supplies,7.0,2.04,70.0,South
2014-11-03,CA-2014-165764,Tenex Antistatic Computer Chair Mats,Furniture,3.0,136.78,20.0,South
2015-03-30,CA-2015-121405,"Adams Telephone Message Book W/Dividers/Space For Phone Numbers, 5 1/4""X8 1/2"", 300/Messages",Office Supplies,5.0,4.7,20.0,Central
2015-03-30,CA-2015-121405,AT&T 17929 Lendline Telephone,Technology,5.0,36.19,20.0,Central
2017-05-27,US-2017-116897,"Eldon 400 Class Desk Accessories, Black Carbon",Furniture,4.0,8.75,0.0,West
2017-05-27,US-2017-116897,Fellowes Stor/Drawer Steel Plus Storage Drawers,Office Supplies,5.0,95.43,0.0,West
2017-05-27,US-2017-116897,Nokia Lumia 925,Technology,3.0,100.79,20.0,West
2017-12-14,US-2017-113992,Bretford CR4500 Series Slim Rectangular Table,Furniture,4.0,243.75,30.0,Central
2014-10-04,CA-2014-166891,"Office Star - Contemporary Task Swivel chair with Loop Arms, Charcoal",Furniture,5.0,117.88,10.0,East
2016-10-13,CA-2016-101161,BIC Liqua Brite Liner,Office Supplies,5.0,6.94,0.0,East
2016-10-13,CA-2016-101161,Fellowes Bases and Tops For Staxonsteel/High-Stak Systems,Office Supplies,3.0,33.29,0.0,East
2016-10-13,CA-2016-101161,Computer Printout Paper with Letter-Trim Perforations,Office Supplies,2.0,18.97,0.0,East
2016-10-13,CA-2016-101161,Avery White Multi-Purpose Labels,Office Supplies,5.0,4.98,0.0,East
2016-10-13,CA-2016-101161,Howard Miller Distant Time Traveler Alarm Clock,Furniture,3.0,27.42,0.0,East
2015-03-05,CA-2015-151785,Binder Clips by OIC,Office Supplies,6.0,1.18,20.0,Central
2017-03-04,US-2017-119816,"Howard Miller 13-3/4"" Diameter Brushed Chrome Round Wall Clock",Furniture,5.0,20.7,60.0,Central
2017-03-04,US-2017-119816,Avery 497,Office Supplies,1.0,2.46,20.0,Central
2017-03-04,US-2017-119816,Crate-A-Files,Office Supplies,1.0,8.72,20.0,Central
2015-09-25,CA-2015-156510,"Acco PRESSTEX Data Binder with Storage Hooks, Light Blue, 9 1/2"" X 11""",Office Supplies,2.0,5.38,0.0,East
2015-09-25,CA-2015-156510,"Xerox Color Copier Paper, 11"" x 17"", Ream",Office Supplies,2.0,22.84,0.0,East
2015-09-25,CA-2015-156510,Turquoise Lead Holder with Pocket Clip,Office Supplies,1.0,6.7,0.0,East
2015-12-19,US-2015-110261,Samsung Rugby III,Technology,3.0,52.79,20.0,Central
2015-10-08,CA-2015-125710,"Binney & Smith inkTank Desk Highlighter, Chisel Tip, Yellow, 12/Box",Office Supplies,2.0,1.72,20.0,Central
2017-07-31,CA-2017-161102,Eldon Portable Mobile Manager,Office Supplies,2.0,28.28,0.0,West
2017-07-31,CA-2017-161102,"Master Big Foot Doorstop, Beige",Furniture,7.0,5.28,0.0,West
2014-08-05,CA-2014-110065,"Plantronics CS 50-USB - headset - Convertible, Monaural",Technology,1.0,135.99,0.0,East
2014-08-05,CA-2014-110065,"Binney & Smith inkTank Erasable Pocket Highlighter, Chisel Tip, Yellow",Office Supplies,7.0,2.28,0.0,East
2017-05-14,US-2017-133361,"OIC #2 Pencils, Medium Soft",Office Supplies,2.0,1.88,0.0,East
2017-05-14,US-2017-133361,Prang Colored Pencils,Office Supplies,5.0,2.94,0.0,East
2017-05-14,US-2017-133361,"Eberhard Faber 3 1/2"" Golf Pencils",Office Supplies,5.0,7.44,0.0,East
2017-05-14,US-2017-133361,Belkin F8E887 USB Wired Ergonomic Keyboard,Technology,3.0,29.99,0.0,East
2017-05-14,US-2017-133361,"Office Star - Contemporary Task Swivel chair with Loop Arms, Charcoal",Furniture,2.0,130.98,0.0,East
2017-05-14,US-2017-133361,Avery 505,Office Supplies,5.0,14.8,0.0,East
2016-09-22,US-2016-155404,G.E. Longer-Life Indoor Recessed Floodlight Bulbs,Furniture,2.0,6.64,0.0,South
2015-11-13,CA-2015-114503,Portfile Personal File Boxes,Office Supplies,6.0,14.16,20.0,South
2017-05-22,CA-2017-153080,"Maxell 74 Minute CDR, 10/Pack",Technology,7.0,9.78,0.0,West
2016-12-02,CA-2016-163804,Deluxe Rollaway Locking File with Drawer,Office Supplies,5.0,415.88,0.0,East
2016-12-02,CA-2016-163804,VTech DS6151,Technology,5.0,125.99,0.0,East
2016-12-02,CA-2016-163804,Eldon 500 Class Desk Accessories,Furniture,6.0,12.07,0.0,East
2015-08-29,CA-2015-108532,Samsung Rugby III,Technology,2.0,65.99,0.0,Central
2015-08-29,CA-2015-108532,Logitech Desktop MK120 Mouse and keyboard Combo,Technology,7.0,16.36,0.0,Central
2014-06-06,CA-2014-151897,Round Specialty Laser Printer Labels,Office Supplies,10.0,10.02,20.0,Central
2016-03-18,CA-2016-113292,Hoover WindTunnel Plus Canister Vacuum,Office Supplies,3.0,290.6,20.0,South
2014-01-14,CA-2014-149524,Sauder Cornerstone Collection Library,Furniture,4.0,15.49,50.0,East
2017-06-03,CA-2017-140872,Wilson Jones Standard D-Ring Binders,Office Supplies,3.0,1.52,70.0,South
2017-06-03,CA-2017-140872,"Bravo II Megaboss 12-Amp Hard Body Upright, Replacement Belts, 2 Belts per Pack",Office Supplies,2.0,2.6,20.0,South
2017-06-03,CA-2017-140872,Logitech P710e Mobile Speakerphone,Technology,1.0,205.99,20.0,South
2017-06-03,CA-2017-140872,Xerox 206,Office Supplies,3.0,5.18,20.0,South
2017-06-03,CA-2017-140872,VTech DS6151,Technology,5.0,100.79,20.0,South
2017-06-03,CA-2017-140872,"Eureka Sanitaire  Multi-Pro Heavy-Duty Upright, Disposable Bags",Office Supplies,7.0,3.5,20.0,South
2017-06-03,CA-2017-140872,Bush Mission Pointe Library,Furniture,2.0,120.78,20.0,South
2017-06-03,CA-2017-140872,WD My Passport Ultra 1TB Portable External Hard Drive,Technology,2.0,55.2,20.0,South
2017-06-03,CA-2017-113908,"Chromcraft 48"" x 96"" Racetrack Double Pedestal Table",Furniture,2.0,192.38,40.0,East
2017-06-03,CA-2017-113908,Hewlett-Packard 300S Scientific Calculator,Technology,6.0,13.11,0.0,East
2017-06-03,CA-2017-113908,Xerox 188,Office Supplies,4.0,11.34,0.0,East
2015-03-21,CA-2015-120621,Honeywell Enviracaire Portable HEPA Air Cleaner for 17' x 22' Room,Office Supplies,4.0,240.52,20.0,South
2015-03-21,CA-2015-120621,"GBC Laser Imprintable Binding System Covers, Desert Sand",Office Supplies,3.0,4.28,70.0,South
2015-03-21,CA-2015-120621,Xerox 1883,Office Supplies,14.0,21.1,20.0,South
2017-09-19,US-2017-148866,Xerox 228,Office Supplies,5.0,6.48,0.0,East
2014-09-15,CA-2014-149594,"Seth Thomas 16"" Steel Case Clock",Furniture,4.0,25.98,20.0,East
2016-11-20,CA-2016-113845,O'Sullivan 2-Door Barrister Bookcase in Odessa Pine,Furniture,2.0,144.78,20.0,South
2016-11-20,CA-2016-113845,Akro-Mils 12-Gallon Tote,Office Supplies,5.0,7.94,20.0,South
2016-11-20,CA-2016-113845,Grandstream GXP2100 Mainstream Business Phone,Technology,4.0,61.19,20.0,South
2017-10-28,CA-2017-111262,Imation 8gb Micro Traveldrive Usb 2.0 Flash Drive,Technology,2.0,12.0,20.0,Central
2017-10-28,CA-2017-111262,Xerox 21,Office Supplies,3.0,5.18,20.0,Central
2017-10-28,CA-2017-111262,Logitech Desktop MK120 Mouse and keyboard Combo,Technology,2.0,13.09,20.0,Central
2015-07-24,CA-2015-103135,"Eldon Expressions Wood and Plastic Desk Accessories, Cherry Wood",Furniture,3.0,6.98,0.0,South
2015-07-24,CA-2015-103135,"GBC Prepunched Paper, 19-Hole, for Binding Systems, 24-lb",Office Supplies,9.0,15.01,0.0,South
2015-07-24,CA-2015-103135,Anker Ultra-Slim Mini Bluetooth 3.0 Wireless Keyboard,Technology,14.0,19.99,0.0,South
2015-07-24,CA-2015-103135,"GBC Prepunched Paper, 19-Hole, for Binding Systems, 24-lb",Office Supplies,6.0,15.01,0.0,South
2014-11-02,CA-2014-129147,Polycom CX300 Desktop Phone USB VoIP phone,Technology,6.0,89.99,40.0,East
2014-11-02,CA-2014-129147,I Need's 3d Hello Kitty Hybrid Silicone Case Cover for HTC One X 4g with 3d Hello Kitty Stylus Pen Green/pink,Technology,7.0,7.18,40.0,East
2014-11-02,CA-2014-129147,Acco D-Ring Binder w/DublLock,Office Supplies,3.0,6.41,70.0,East
2017-11-17,CA-2017-128265,Deluxe Rollaway Locking File with Drawer,Office Supplies,3.0,415.88,0.0,East
2016-06-26,CA-2016-152331,Newell 311,Office Supplies,3.0,1.77,20.0,Central
2016-10-09,US-2016-128909,Xerox 1947,Office Supplies,4.0,4.78,20.0,East
2016-10-09,US-2016-128909,Luxo Professional Magnifying Clamp-On Fluorescent Lamps,Furniture,4.0,83.21,20.0,East
2017-12-20,CA-2017-102197,Xerox 1908,Office Supplies,5.0,55.98,0.0,East
2017-12-20,CA-2017-102197,GBC Premium Transparent Covers with Diagonal Lined Pattern,Office Supplies,3.0,16.78,20.0,East
2017-12-20,CA-2017-102197,Xerox 188,Office Supplies,3.0,11.34,0.0,East
2017-03-06,CA-2017-167640,Fluorescent Highlighters by Dixon,Office Supplies,6.0,3.98,0.0,West
2017-03-06,CA-2017-167640,Avery 49,Office Supplies,4.0,2.88,0.0,West
2017-03-06,CA-2017-167640,Xerox 1893,Office Supplies,7.0,40.99,0.0,West
2017-03-06,CA-2017-167640,Digium D40 VoIP phone,Technology,2.0,103.19,20.0,West
2017-09-15,US-2017-116652,"Leather Task Chair, Black",Furniture,3.0,72.78,20.0,West
2017-09-15,US-2017-116652,"Tenex 46"" x 60"" Computer Anti-Static Chairmat, Rectangular Shaped",Furniture,5.0,105.98,0.0,West
2017-09-15,US-2017-116652,Peel-Off China Markers,Office Supplies,10.0,9.93,0.0,West
2017-09-15,US-2017-116652,Belkin 5 Outlet SurgeMaster Power Centers,Office Supplies,2.0,54.48,0.0,West
2017-09-15,US-2017-116652,Cardinal Poly Pocket Divider Pockets for Ring Binders,Office Supplies,1.0,2.69,20.0,West
2017-01-16,CA-2017-138289,GBC DocuBind P400 Electric Binding System,Office Supplies,4.0,1360.99,0.0,Central
2017-01-16,CA-2017-138289,Office Star Flex Back Scooter Chair with Aluminum Finish Frame,Furniture,3.0,100.89,0.0,Central
2017-01-16,CA-2017-138289,"TOPS Money Receipt Book, Consecutively Numbered in Red,",Office Supplies,7.0,8.01,0.0,Central
2016-07-07,CA-2016-129308,"Permanent Self-Adhesive File Folder Labels for Typewriters, 1 1/8 x 3 1/2, White",Office Supplies,2.0,5.04,20.0,East
2016-07-07,CA-2016-129308,Panasonic KX T7731-B Digital phone,Technology,1.0,59.99,40.0,East
2016-07-07,CA-2016-129308,"Acco Pressboard Covers with Storage Hooks, 14 7/8"" x 11"", Executive Red",Office Supplies,5.0,1.14,70.0,East
2016-07-07,CA-2016-129308,GBC Standard Plastic Binding Systems' Combs,Office Supplies,5.0,1.88,70.0,East
2016-12-23,CA-2016-157791,Hewlett Packard 610 Color Digital Copier / Printer,Technology,4.0,499.99,0.0,East
2014-12-22,CA-2014-146864,Desktop 3-Pocket Hot File,Office Supplies,4.0,54.1,0.0,East
2014-02-23,CA-2014-103744,Staple-on labels,Office Supplies,3.0,2.31,20.0,Central
2014-02-23,CA-2014-103744,GBC Plastic Binding Combs,Office Supplies,3.0,1.48,80.0,Central
2017-12-04,US-2017-107384,Newell 310,Office Supplies,5.0,1.76,0.0,Central
2017-12-04,US-2017-107384,First Data TMFD35 PIN Pad,Technology,1.0,142.8,0.0,Central
2017-12-04,US-2017-107384,Logitech G430 Surround Sound Gaming Headset with Dolby 7.1 Technology,Technology,5.0,79.99,0.0,Central
2014-11-17,CA-2014-128209,GBC DocuBind TL300 Electric Binding System,Office Supplies,3.0,717.59,20.0,East
2014-11-17,CA-2014-128209,DMI Eclipse Executive Suite Bookcases,Furniture,10.0,400.78,20.0,East
2014-10-20,CA-2014-169684,"Lesro Round Back Collection Coffee Table, End Table",Furniture,3.0,109.53,40.0,South
2014-10-20,CA-2014-169684,"Contico 72""H Heavy-Duty Storage System",Office Supplies,3.0,32.78,20.0,South
2015-10-25,CA-2015-109862,ClearOne Communications CHAT 70 OC Speaker Phone,Technology,1.0,158.99,0.0,East
2015-10-25,CA-2015-109862,"Iceberg Nesting Folding Chair, 19w x 6d x 43h",Furniture,5.0,58.22,0.0,East
2017-11-16,US-2017-107888,Xerox 1933,Office Supplies,6.0,12.28,0.0,West
2017-11-16,US-2017-107888,"Tenex ""The Solids"" Textured Chair Mats",Furniture,2.0,69.96,0.0,West
2017-11-16,US-2017-107888,Plantronics Encore H101 Dual Earpieces Headset,Technology,3.0,35.96,20.0,West
2017-11-16,US-2017-107888,Fellowes Bases and Tops For Staxonsteel/High-Stak Systems,Office Supplies,1.0,33.29,0.0,West
2017-05-14,US-2017-154872,"Premium Transparent Presentation Covers, No Pattern/Clear, 8 1/2"" x 11""",Office Supplies,5.0,11.63,70.0,East
2017-05-14,US-2017-154872,Avery 502,Office Supplies,2.0,2.52,20.0,East
2017-05-14,US-2017-154872,Xerox 19,Office Supplies,1.0,24.78,20.0,East
2014-03-01,CA-2014-113880,Novimex Swivel Fabric Task Chair,Furniture,6.0,105.69,30.0,Central
2014-03-01,CA-2014-113880,"Black Print Carbonless 8 1/2"" x 8 1/4"" Rapid Memo Book",Office Supplies,3.0,5.82,20.0,Central
2015-07-30,US-2015-164966,"Global Stack Chair without Arms, Black",Furniture,6.0,25.98,0.0,Central
2015-11-01,CA-2015-126739,Global Highback Leather Tilter in Burgundy,Furniture,4.0,81.89,10.0,East
2017-12-16,CA-2017-161578,Xerox 1898,Office Supplies,2.0,6.68,0.0,West
2017-12-16,CA-2017-161578,"Safco Wire Cube Shelving System, For Use as 4 or 5 14"" Cubes, Black",Office Supplies,5.0,31.78,0.0,West
2014-10-20,CA-2014-137092,Logitech Wireless Performance Mouse MX for PC and Mac,Technology,4.0,79.99,20.0,Central
2014-10-20,CA-2014-137092,"24 Capacity Maxi Data Binder Racks, Pearl",Office Supplies,3.0,168.44,20.0,Central
2014-10-20,CA-2014-137092,Wirebound Voice Message Log Book,Office Supplies,1.0,3.81,20.0,Central
2014-10-20,CA-2014-137092,Satellite Sectional Post Binders,Office Supplies,1.0,8.68,80.0,Central
2014-10-20,CA-2014-137092,"Avery 4027 File Folder Labels for Dot Matrix Printers, 5000 Labels per Box, White",Office Supplies,1.0,24.42,20.0,Central
2015-06-05,CA-2015-166947,Hon Every-Day Series Multi-Task Chairs,Furniture,9.0,169.18,10.0,East
2016-07-21,CA-2016-160941,Ames Color-File Green Diamond Border X-ray Mailers,Office Supplies,5.0,83.98,0.0,West
2016-07-21,CA-2016-160941,Self-Adhesive Removable Labels,Office Supplies,1.0,3.15,0.0,West
2017-03-31,CA-2017-144680,Fellowes 8 Outlet Superior Workstation Surge Protector w/o Phone/Fax/Modem Protection,Office Supplies,5.0,6.72,80.0,Central
2014-05-07,CA-2014-166086,"Acco PRESSTEX Data Binder with Storage Hooks, Dark Blue, 14 7/8"" X 11""",Office Supplies,3.0,5.38,0.0,East
2014-05-07,CA-2014-166086,Balt Split Level Computer Training Table,Furniture,2.0,97.12,30.0,East
2014-05-07,CA-2014-166086,Newell 335,Office Supplies,3.0,2.88,0.0,East
2014-05-07,CA-2014-166086,"Lifetime Advantage Folding Chairs, 4/Carton",Furniture,4.0,218.08,0.0,East
2017-02-05,CA-2017-131282,Ibico Hi-Tech Manual Binding System,Office Supplies,4.0,61.0,80.0,Central
2017-02-05,CA-2017-131282,Staples in misc. colors,Office Supplies,5.0,1.42,20.0,Central
2014-04-18,CA-2014-100678,Prang Dustless Chalk Sticks,Office Supplies,2.0,1.34,20.0,Central
2014-04-18,CA-2014-100678,DMI Arturo Collection Mission-style Design Wood Chair,Furniture,3.0,105.69,30.0,Central
2014-04-18,CA-2014-100678,Cameo Buff Policy Envelopes,Office Supplies,3.0,49.78,20.0,Central
2014-04-18,CA-2014-100678,Kensington Expert Mouse Optical USB Trackball for PC or Mac,Technology,3.0,75.99,20.0,Central
2016-05-10,CA-2016-161543,Xerox 1965,Office Supplies,2.0,5.98,0.0,West
2016-11-25,CA-2016-160535,"Fellowes Strictly Business Drawer File, Letter/Legal Size",Office Supplies,4.0,140.85,0.0,East
2016-11-25,CA-2016-160535,Konica Minolta magicolor 1690MF Multifunction Printer,Technology,8.0,39.99,0.0,East
2017-03-03,CA-2017-123085,Imation Bio 2GB USB Flash Drive Imation Corp,Technology,8.0,131.18,0.0,West
2017-03-03,CA-2017-123085,Novimex Turbo Task Chair,Furniture,3.0,56.78,20.0,West
2015-12-06,CA-2015-153752,AT&T CL82213,Technology,6.0,28.99,0.0,South
2014-08-25,CA-2014-103660,Polycom VVX 310 VoIP phone,Technology,7.0,143.99,20.0,West
2016-10-22,CA-2016-169887,Xerox 1986,Office Supplies,1.0,6.68,0.0,West
2016-10-22,CA-2016-169887,Prang Drawing Pencil Set,Office Supplies,3.0,2.78,0.0,West
2016-10-22,CA-2016-169887,"Linden 12"" Wall Clock With Oak Frame",Furniture,3.0,33.98,0.0,West
2016-08-07,CA-2016-148516,Logitech Illuminated - Keyboard,Technology,3.0,59.99,0.0,West
2017-07-21,CA-2017-104731,Berol Giant Pencil Sharpener,Office Supplies,6.0,16.99,0.0,South
2017-07-21,CA-2017-104731,Nortel Networks T7316 E Nt8 B27,Technology,4.0,67.99,0.0,South
2017-07-21,CA-2017-104731,Regeneration Desk Collection,Furniture,5.0,1.76,0.0,South
2017-07-21,CA-2017-104731,Newell 35,Office Supplies,6.0,3.28,0.0,South
2017-07-21,CA-2017-104731,"Bush Westfield Collection Bookcases, Fully Assembled",Furniture,3.0,100.98,0.0,South
2017-07-21,CA-2017-104731,Cardinal Holdit Business Card Pockets,Office Supplies,3.0,4.98,0.0,South
2017-07-21,CA-2017-104731,Premier Electric Letter Opener,Office Supplies,2.0,115.86,0.0,South
2014-03-23,CA-2014-164749,Avery 476,Office Supplies,3.0,3.3,20.0,South
2015-04-30,CA-2015-103716,Newell 324,Office Supplies,3.0,11.55,0.0,West
2015-04-30,CA-2015-103716,Cush Cases Heavy Duty Rugged Cover Case for Samsung Galaxy S5 - Purple,Technology,5.0,3.96,20.0,West
2016-06-13,CA-2016-126795,Premium Transparent Presentation Covers by GBC,Office Supplies,2.0,16.78,20.0,East
2015-05-04,CA-2015-146290,Model L Table or Wall-Mount Pencil Sharpener,Office Supplies,7.0,17.99,0.0,Central
2017-04-23,CA-2017-157112,XtraLife ClearVue Slant-D Ring Binders by Cardinal,Office Supplies,5.0,2.35,70.0,East
2017-04-23,CA-2017-157112,Xerox 195,Office Supplies,1.0,5.34,20.0,East
2014-06-06,CA-2014-169257,Presstex Flexible Ring Binders,Office Supplies,1.0,1.37,70.0,South
2014-06-06,CA-2014-169257,Xerox 1944,Office Supplies,2.0,31.01,20.0,South
2014-12-02,CA-2014-154095,"DAX Metal Frame, Desktop, Stepped-Edge",Furniture,3.0,20.24,0.0,East
2014-12-02,CA-2014-154095,Xerox 1942,Office Supplies,3.0,48.94,0.0,East
2014-12-02,CA-2014-154095,"Global Stack Chair with Arms, Black",Furniture,8.0,29.98,0.0,East
2014-12-02,CA-2014-154095,Avery 509,Office Supplies,6.0,2.61,0.0,East
2017-06-17,CA-2017-146346,Carina Media Storage Towers in Natural & Black,Office Supplies,3.0,48.78,20.0,West
2016-05-26,CA-2016-148852,"Alliance Big Bands Rubber Bands, 12/Pack",Office Supplies,3.0,1.98,0.0,West
2016-05-26,CA-2016-148852,Xerox 1946,Office Supplies,7.0,6.48,0.0,West
2016-05-26,CA-2016-148852,Cisco SPA508G,Technology,4.0,52.79,20.0,West
2016-05-26,CA-2016-148852,Global Low Back Tilter Chair,Furniture,6.0,80.78,20.0,West
2016-05-26,CA-2016-148852,Fellowes Powershred HS-440 4-Sheet High Security Shredder,Technology,3.0,123.99,20.0,West
2015-03-10,US-2015-118906,Pizazz Global Quick File,Office Supplies,6.0,14.97,0.0,East
2016-10-20,CA-2016-168921,"Fellowes Twister Kit, Gray/Clear, 3/pkg",Office Supplies,3.0,6.43,20.0,West
2015-04-21,CA-2015-107678,Global Deluxe Office Fabric Chairs,Furniture,2.0,95.98,0.0,South
2015-04-21,CA-2015-107678,"Wilson Jones Hanging View Binder, White, 1""",Office Supplies,3.0,7.1,0.0,South
2015-04-21,CA-2015-107678,Jabra SPEAK 410,Technology,5.0,93.99,0.0,South
2015-04-21,CA-2015-107678,"Tenex ""The Solids"" Textured Chair Mats",Furniture,3.0,69.96,0.0,South
2016-06-17,CA-2016-123512,"Bush Heritage Pine Collection 5-Shelf Bookcase, Albany Pine Finish, *Special Order",Furniture,2.0,119.83,15.0,West
2016-06-17,CA-2016-123512,Avery 496,Office Supplies,6.0,3.75,0.0,West
2016-06-17,CA-2016-123512,Xerox 1914,Office Supplies,4.0,54.96,0.0,West
2017-01-13,US-2017-167402,Xerox 23,Office Supplies,5.0,6.48,0.0,Central
2017-01-13,US-2017-167402,Hunt Boston Vacuum Mount KS Pencil Sharpener,Office Supplies,6.0,34.99,0.0,Central
2017-01-13,US-2017-167402,Martin Yale Chadless Opener Electric Letter Opener,Office Supplies,5.0,832.81,0.0,Central
2017-01-13,US-2017-167402,"Hon Metal Bookcases, Black",Furniture,3.0,70.98,0.0,Central
2014-09-06,CA-2014-130449,"Eldon Expressions Wood and Plastic Desk Accessories, Cherry Wood",Furniture,6.0,6.98,0.0,West
2014-09-06,CA-2014-130449,Avery 516,Office Supplies,8.0,7.31,0.0,West
2015-01-19,CA-2015-141250,Bevis Round Conference Table Top & Single Column Base,Furniture,1.0,102.44,30.0,Central
2015-01-19,CA-2015-141250,Harbour Creations 67200 Series Stacking Chairs,Furniture,4.0,49.83,30.0,Central
2014-12-14,CA-2014-145541,"HP Designjet T520 Inkjet Large Format Printer - 24"" Color",Technology,4.0,1749.99,0.0,East
2014-05-23,CA-2014-138513,Xerox 1999,Office Supplies,2.0,6.48,0.0,West
2015-09-19,CA-2015-135489,PureGear Roll-On Screen Protector,Technology,14.0,19.99,0.0,East
2015-10-02,CA-2015-125696,Pressboard Hanging Data Binders for Unburst Sheets,Office Supplies,5.0,1.48,70.0,South
2016-12-25,CA-2016-105081,Global Executive Mid-Back Manager's Chair,Furniture,3.0,232.78,20.0,West
2016-12-25,CA-2016-105081,"SAFCO PlanMaster Heigh-Adjustable Drafting Table Base, 43w x 30d x 30-37h, Black",Furniture,5.0,349.45,0.0,West
2016-05-06,US-2016-146857,Belkin 5 Outlet SurgeMaster Power Centers,Office Supplies,1.0,54.48,0.0,Central
2016-10-24,CA-2016-166275,Razer Tiamat Over Ear 7.1 Surround Sound PC Gaming Headset,Technology,1.0,199.99,0.0,West
2017-05-06,CA-2017-144498,Wilson Jones Century Plastic Molded Ring Binders,Office Supplies,11.0,6.23,70.0,South
2017-05-06,CA-2017-144498,GE 30524EE4,Technology,4.0,156.79,20.0,South
2017-05-06,CA-2017-144498,"Avery 4027 File Folder Labels for Dot Matrix Printers, 5000 Labels per Box, White",Office Supplies,5.0,24.42,20.0,South
2017-11-27,CA-2017-103352,American Pencil,Office Supplies,3.0,2.33,0.0,East
2017-11-27,CA-2017-103352,"Avery Flip-Chart Easel Binder, Black",Office Supplies,6.0,17.9,20.0,East
2014-10-31,CA-2014-108609,Hon 94000 Series Round Tables,Furniture,8.0,177.71,40.0,East
2017-08-05,CA-2017-128328,Premium Transparent Presentation Covers by GBC,Office Supplies,6.0,20.98,0.0,Central
2017-08-05,CA-2017-128328,Logitech MX Performance Wireless Mouse,Technology,2.0,39.89,0.0,Central
2017-08-05,CA-2017-128328,Avery 475,Office Supplies,9.0,14.8,0.0,Central
2015-08-10,US-2015-156496,AT&T 1080 Corded phone,Technology,4.0,109.59,20.0,West
2015-08-10,US-2015-156496,OtterBox Commuter Series Case - Samsung Galaxy S4,Technology,7.0,19.99,20.0,West
2015-08-10,US-2015-156496,Fellowes 8 Outlet Superior Workstation Surge Protector,Office Supplies,4.0,33.37,20.0,West
2016-12-15,US-2016-127334,Bretford Rectangular Conference Table Tops,Furniture,3.0,188.06,50.0,West
2016-12-15,US-2016-127334,Belkin 5 Outlet SurgeMaster Power Centers,Office Supplies,2.0,43.58,20.0,West
2017-09-08,US-2017-124779,"Premier Elliptical Ring Binder, Black",Office Supplies,7.0,6.09,80.0,Central
2017-09-08,US-2017-124779,Canon PC-428 Personal Copier,Technology,2.0,159.99,20.0,Central
2017-09-08,US-2017-124779,"Vinyl Coated Wire Paper Clips in Organizer Box, 800/Box",Office Supplies,5.0,9.18,20.0,Central
2017-09-08,US-2017-124779,DAX Black Cherry Wood-Tone Poster Frame,Furniture,2.0,10.59,60.0,Central
2017-09-08,US-2017-124779,Xerox 205,Office Supplies,4.0,5.18,20.0,Central
2017-09-08,US-2017-124779,"Global Armless Task Chair, Royal Blue",Furniture,5.0,42.69,30.0,Central
2017-02-20,CA-2017-135937,Toshiba IPT2010-SD IP Telephone,Technology,3.0,111.19,20.0,West
2017-02-20,CA-2017-135937,Microsoft Wireless Mobile Mouse 4000,Technology,1.0,31.99,20.0,West
2017-02-20,CA-2017-135937,Fellowes Bankers Box Stor/Drawer Steel Plus,Office Supplies,2.0,25.58,20.0,West
2017-02-20,CA-2017-135937,Letter or Legal Size Expandable Poly String Tie Envelopes,Office Supplies,5.0,2.13,20.0,West
2017-02-20,CA-2017-135937,"Howard Miller 13"" Diameter Pewter Finish Round Wall Clock",Furniture,2.0,34.35,20.0,West
2017-02-20,CA-2017-135937,KI Adjustable-Height Table,Furniture,9.0,42.99,50.0,West
2015-08-08,CA-2015-129322,"Boston 1827 Commercial Additional Cutter, Drive Gear & Gear Rack for 1606",Office Supplies,2.0,19.83,0.0,East
2015-08-08,CA-2015-129322,"Conquest 14 Commercial Heavy-Duty Upright Vacuum, Collection System, Accessory Kit",Office Supplies,2.0,56.96,0.0,East
2015-08-08,CA-2015-129322,GBC DocuBind P50 Personal Binding Machine,Office Supplies,7.0,63.98,0.0,East
2017-10-26,CA-2017-162173,"Lesro Sheffield Collection Coffee Table, End Table, Center Table, Corner Table",Furniture,5.0,71.37,0.0,South
2017-10-26,CA-2017-162173,"Tyvek  Top-Opening Peel & Seel  Envelopes, Gray",Office Supplies,7.0,35.94,0.0,South
2016-07-14,CA-2016-115483,Xerox 1914,Office Supplies,5.0,43.97,20.0,Central
2017-05-12,CA-2017-122175,"DAX Cubicle Frames, 8-1/2 x 11",Furniture,5.0,8.57,0.0,East
2017-05-12,CA-2017-122175,Smead Alpha-Z Color-Coded Second Alphabetical Labels and Starter Set,Office Supplies,2.0,3.08,0.0,East
2017-05-12,CA-2017-122175,Acme Titanium Bonded Scissors,Office Supplies,2.0,8.5,0.0,East
2017-05-12,CA-2017-122175,"Maxell Pro 80 Minute CD-R, 10/Pack",Technology,5.0,17.48,0.0,East
2017-05-25,CA-2017-161088,Recycled Easel Ring Binders,Office Supplies,2.0,14.92,0.0,South
2014-08-23,CA-2014-154837,GBC Linen Binding Covers,Office Supplies,2.0,24.78,20.0,West
2015-09-11,CA-2015-153794,"Hunt PowerHouse Electric Pencil Sharpener, Blue",Office Supplies,7.0,37.98,0.0,West
2015-09-05,CA-2015-135510,Tensor Brushed Steel Torchiere Floor Lamp,Furniture,4.0,16.99,0.0,South
2015-11-21,CA-2015-109337,"Crayola Anti Dust Chalk, 12/Pack",Office Supplies,6.0,1.82,0.0,Central
2015-11-21,CA-2015-109337,Ricoh - Ink Collector Unit for GX3000 Series Printers,Technology,2.0,41.95,0.0,Central
2015-11-21,CA-2015-109337,"Hoover Replacement Belts For Soft Guard & Commercial Ltweight Upright Vacs, 2/Pk",Office Supplies,5.0,3.95,0.0,Central
2015-11-21,CA-2015-109337,Imation Bio 2GB USB Flash Drive Imation Corp,Technology,3.0,131.18,0.0,Central
2014-10-10,CA-2014-150329,Westinghouse Clip-On Gooseneck Lamps,Furniture,7.0,6.7,20.0,West
2017-09-02,CA-2017-145037,Crate-A-Files,Office Supplies,1.0,10.9,0.0,East
2017-09-02,CA-2017-145037,Xerox 191,Office Supplies,4.0,19.98,0.0,East
2017-09-02,CA-2017-145037,Xerox 1890,Office Supplies,3.0,48.94,0.0,East
2017-01-01,CA-2017-154466,Wilson Jones Easy Flow II Sheet Lifters,Office Supplies,2.0,1.8,0.0,Central
2014-11-05,CA-2014-109134,OIC Stacking Trays,Furniture,6.0,3.34,0.0,West
2015-12-17,US-2015-129637,Tennsco Double-Tier Lockers,Office Supplies,1.0,180.02,20.0,Central
2015-12-17,US-2015-129637,"Howard Miller 11-1/2"" Diameter Ridgewood Wall Clock",Furniture,2.0,20.78,60.0,Central
2015-12-17,US-2015-129637,Newell 35,Office Supplies,5.0,2.62,20.0,Central
2015-05-14,CA-2015-165162,"Tennsco Snap-Together Open Shelving Units, Starter Sets and Add-On Units",Office Supplies,4.0,279.48,0.0,West
2017-03-10,CA-2017-140494,Maxell LTO Ultrium - 800 GB,Technology,4.0,27.99,0.0,West
2017-12-02,CA-2017-104108,Manco Dry-Lighter Erasable Highlighter,Office Supplies,5.0,2.43,20.0,Central
2017-07-31,US-2017-165869,Acco 3-Hole Punch,Office Supplies,4.0,4.38,0.0,Central
2017-07-31,US-2017-165869,3M Office Air Cleaner,Office Supplies,6.0,25.98,0.0,Central
2017-08-11,CA-2017-160899,Satellite Sectional Post Binders,Office Supplies,11.0,43.41,0.0,South
2017-09-30,CA-2017-144225,Green Bar Computer Printout Paper,Office Supplies,3.0,54.96,0.0,East
2016-08-26,US-2016-163538,Memorex Micro Travel Drive 16 GB,Technology,3.0,15.99,0.0,Central
2016-12-02,US-2016-155103,Ibico EB-19 Dual Function Manual Binding System,Office Supplies,3.0,138.39,20.0,East
2016-12-02,US-2016-155103,"XtraLife ClearVue Slant-D Ring Binder, White, 3""",Office Supplies,3.0,11.74,20.0,East
2016-12-02,US-2016-155103,Green Bar Computer Printout Paper,Office Supplies,1.0,54.96,0.0,East
2017-07-21,CA-2017-145429,"Wirebound Message Forms, Four 2 3/4 x 5 Forms per Page, Pink Paper",Office Supplies,2.0,8.17,0.0,West
2017-07-21,CA-2017-145429,Hon Olson Stacker Stools,Furniture,2.0,112.65,20.0,West
2017-07-21,CA-2017-145429,GBC Premium Transparent Covers with Diagonal Lined Pattern,Office Supplies,3.0,16.78,20.0,West
2015-05-20,CA-2015-153535,"Dana Fluorescent Magnifying Lamp, White, 36""",Furniture,4.0,40.78,20.0,South
2015-05-20,CA-2015-153535,Pressboard Data Binders by Wilson Jones,Office Supplies,4.0,1.6,70.0,South
2015-06-23,CA-2015-139164,"Plantronics CS 50-USB - headset - Convertible, Monaural",Technology,2.0,108.79,20.0,West
2015-06-23,CA-2015-139164,Assorted Color Push Pins,Office Supplies,3.0,1.81,0.0,West
2015-06-23,CA-2015-139164,JBL Micro Wireless Portable Bluetooth Speaker,Technology,3.0,47.99,20.0,West
2016-09-10,CA-2016-112277,Geemarc AmpliPOWER60,Technology,7.0,74.24,20.0,South
2014-04-13,CA-2014-167724,Avery 479,Office Supplies,3.0,2.61,0.0,East
2015-11-14,CA-2015-123141,SAFCO Arco Folding Chair,Furniture,4.0,220.96,20.0,West
2015-11-14,CA-2015-123141,Global Deluxe Office Fabric Chairs,Furniture,3.0,76.78,20.0,West
2016-12-09,CA-2016-149503,"Wilson Jones Elliptical Ring 3 1/2"" Capacity Binders, 800 sheets",Office Supplies,8.0,34.24,20.0,West
2017-08-18,CA-2017-163069,Newell 325,Office Supplies,3.0,3.3,20.0,East
2017-12-14,CA-2017-107629,"Rubbermaid ClusterMat Chairmats, Mat Size- 66"" x 60"", Lip 20"" x 11"" -90 Degree Angle",Furniture,6.0,44.39,60.0,Central
2017-12-14,CA-2017-107629,"Howard Miller 13"" Diameter Goldtone Round Wall Clock",Furniture,3.0,18.78,60.0,Central
2017-12-14,CA-2017-107629,Logitech Desktop MK120 Mouse and keyboard Combo,Technology,3.0,13.09,20.0,Central
2017-12-14,CA-2017-107629,Prismacolor Color Pencil Set,Office Supplies,6.0,15.87,20.0,Central
2016-04-08,CA-2016-134789,Advantus Plastic Paper Clips,Office Supplies,6.0,5.0,0.0,South
2016-04-08,CA-2016-134789,Xerox 1993,Office Supplies,4.0,6.48,0.0,South
2016-04-08,CA-2016-134789,Eldon Radial Chair Mat for Low to Medium Pile Carpets,Furniture,4.0,39.98,0.0,South
2016-12-16,CA-2016-130442,Acco 6 Outlet Guardian Premium Surge Suppressor,Office Supplies,3.0,11.65,20.0,South
2017-09-19,CA-2017-102974,Microsoft Natural Ergonomic Keyboard 4000,Technology,5.0,29.99,0.0,West
2017-09-19,CA-2017-102974,Boston 16765 Mini Stand Up Battery Pencil Sharpener,Office Supplies,2.0,11.66,0.0,West
2017-09-19,CA-2017-102974,Newell 33,Office Supplies,3.0,5.58,0.0,West
2017-09-04,US-2017-166394,Staples,Office Supplies,6.0,2.47,0.0,East
2016-09-12,CA-2016-128811,OIC Bulk Pack Metal Binder Clips,Office Supplies,3.0,3.49,0.0,West
2016-09-12,CA-2016-128811,Avery 487,Office Supplies,3.0,3.69,0.0,West
2016-09-12,CA-2016-128811,GBC Instant Report Kit,Office Supplies,4.0,5.18,20.0,West
2017-08-10,CA-2017-145443,Xerox 1906,Office Supplies,5.0,35.44,0.0,Central
2016-11-04,CA-2016-165827,Ultra Door Pull Handle,Furniture,6.0,8.42,20.0,South
2015-06-18,CA-2015-156734,Avery Self-Adhesive Photo Pockets for Polaroid Photos,Office Supplies,3.0,2.04,70.0,South
2015-06-18,CA-2015-156734,"Global Leather Highback Executive Chair with Pneumatic Height Adjustment, Black",Furniture,4.0,160.78,20.0,South
2015-06-18,CA-2015-156734,Xerox 21,Office Supplies,4.0,5.18,20.0,South
2014-07-04,CA-2014-120096,Xerox 194,Office Supplies,4.0,44.38,20.0,West
2014-07-04,CA-2014-120096,Fellowes Mighty 8 Compact Surge Protector,Office Supplies,2.0,16.22,20.0,West
2015-12-20,CA-2015-141754,Avery 486,Office Supplies,2.0,5.85,20.0,South
2016-04-10,CA-2016-123358,3M Replacement Filter for Office Air Cleaner for 20' x 33' Room,Office Supplies,3.0,37.92,0.0,West
2016-04-10,CA-2016-123358,Fellowes Staxonsteel Drawer Files,Office Supplies,3.0,193.17,0.0,West
2016-04-10,CA-2016-123358,Rogers Profile Extra Capacity Storage Tub,Office Supplies,9.0,16.74,0.0,West
2016-04-10,CA-2016-123358,"GBC Prepunched Paper, 19-Hole, for Binding Systems, 24-lb",Office Supplies,4.0,12.01,20.0,West
2014-05-26,CA-2014-144029,"SAFCO Mobile Desk Side File, Wire Frame",Office Supplies,3.0,34.21,20.0,Central
2014-05-26,CA-2014-144029,Global Commerce Series Low-Back Swivel/Tilt Chairs,Furniture,2.0,179.89,30.0,Central
2014-05-26,CA-2014-144029,DIXON Ticonderoga Erasable Checking Pencils,Office Supplies,3.0,4.46,20.0,Central
2017-07-06,US-2017-101784,"Global Task Chair, Black",Furniture,3.0,40.71,20.0,West
2015-02-16,CA-2015-156923,Xerox 1920,Office Supplies,6.0,5.98,0.0,East
2017-06-16,CA-2017-111269,Logitech Wireless Performance Mouse MX for PC and Mac,Technology,6.0,79.99,20.0,East
2017-06-16,CA-2017-111269,Newell 330,Office Supplies,5.0,4.78,20.0,East
2017-11-13,CA-2017-159156,Nokia Lumia 925,Technology,5.0,125.99,0.0,East
2017-12-11,CA-2017-100230,Clear Mylar Reinforcing Strips,Office Supplies,1.0,14.95,20.0,East
2017-12-11,CA-2017-100230,Xerox 1895,Office Supplies,3.0,5.98,0.0,East
2017-12-11,CA-2017-100230,Dexim XPower Skin Super-Thin Power Case for iPhone 5 - Black,Technology,2.0,58.49,0.0,East
2016-06-28,CA-2016-154767,"Global Armless Task Chair, Royal Blue",Furniture,2.0,60.98,0.0,East
2016-06-28,CA-2016-154767,Disposable Triple-Filter Dust Bags,Office Supplies,2.0,4.37,0.0,East
2016-06-28,CA-2016-154767,Xerox 1960,Office Supplies,2.0,30.98,0.0,East
2016-06-28,CA-2016-154767,Ibico Presentation Index for Binding Systems,Office Supplies,2.0,3.98,0.0,East
2016-06-28,CA-2016-154767,"Holmes Replacement Filter for HEPA Air Cleaner, Very Large Room, HEPA Filter",Office Supplies,4.0,68.81,0.0,East
2017-09-15,CA-2017-124205,"DAX Two-Tone Rosewood/Black Document Frame, Desktop, 5 x 7",Furniture,5.0,9.48,0.0,East
2017-09-15,CA-2017-124205,SAFCO Folding Chair Trolley,Furniture,4.0,128.24,0.0,East
2017-09-15,CA-2017-124205,Plantronics 81402,Technology,6.0,65.99,0.0,East
2017-09-15,CA-2017-124205,"Contico 72""H Heavy-Duty Storage System",Office Supplies,2.0,40.98,0.0,East
2017-12-02,CA-2017-165715,Sanford 52201 APSCO Electric Pencil Sharpener,Office Supplies,1.0,32.78,20.0,South
2017-06-26,CA-2017-100636,Safco Industrial Wire Shelving System,Office Supplies,3.0,90.98,0.0,East
2016-07-24,CA-2016-162943,Office Star - Contemporary Swivel Chair with Padded Adjustable Arms and Flex Back,Furniture,2.0,126.88,10.0,East
2016-09-02,CA-2016-144764,Self-Adhesive Address Labels for Typewriters by Universal,Office Supplies,5.0,5.85,20.0,Central
2016-09-02,CA-2016-144764,Rogers Deluxe File Chest,Office Supplies,2.0,17.58,20.0,Central
2016-09-02,CA-2016-144764,Okidata C610n Printer,Technology,3.0,454.3,30.0,Central
2017-04-20,CA-2017-100615,DMI Arturo Collection Mission-style Design Wood Chair,Furniture,3.0,105.69,30.0,Central
2017-04-20,CA-2017-100615,Lumber Crayons,Office Supplies,2.0,7.88,20.0,Central
2017-04-20,CA-2017-100615,"Master Caster Door Stop, Large Neon Orange",Furniture,5.0,2.91,60.0,Central
2014-08-12,CA-2014-109302,"Performers Binder/Pad Holder, Black",Office Supplies,7.0,28.03,0.0,East
2017-09-19,CA-2017-139787,SANFORD Major Accent Highlighters,Office Supplies,5.0,7.08,0.0,South
2017-12-09,CA-2017-139402,Multicolor Computer Printout Paper,Office Supplies,5.0,83.88,20.0,West
2017-12-09,CA-2017-139402,"Acco Recycled 2"" Capacity Laser Printer Hanging Data Binders",Office Supplies,3.0,4.34,70.0,West
2016-11-04,CA-2016-119018,Tuff Stuff Recycled Round Ring Binders,Office Supplies,2.0,3.86,20.0,West
2016-11-04,CA-2016-119018,Acco Economy Flexible Poly Round Ring Binder,Office Supplies,1.0,4.18,20.0,West
2016-11-04,CA-2016-119018,Xerox 229,Office Supplies,6.0,6.48,0.0,West
2015-03-29,CA-2015-105361,"Ampad Gold Fibre Wirebound Steno Books, 6"" x 9"", Gregg Ruled",Office Supplies,4.0,4.41,0.0,East
2016-09-05,US-2016-152373,"Eldon Base for stackable storage shelf, platinum",Office Supplies,3.0,31.15,20.0,Central
2017-01-28,US-2017-166037,Plantronics Audio 478 Stereo USB Headset,Technology,9.0,49.99,0.0,East
2016-09-03,US-2016-147711,"Sauder Camden County Collection Libraries, Planked Cherry Finish",Furniture,3.0,114.98,0.0,East
2016-09-03,US-2016-147711,"Eldon Expressions Wood Desk Accessories, Oak",Furniture,2.0,7.38,0.0,East
2016-09-03,US-2016-147711,Acco Expandable Hanging Binders,Office Supplies,2.0,6.38,0.0,East
2016-09-03,US-2016-147711,Avery 486,Office Supplies,8.0,7.31,0.0,East
2017-07-25,CA-2017-121293,Eldon 200 Class Desk Accessories,Furniture,4.0,5.02,20.0,East
2017-07-25,CA-2017-121293,Acme Galleria Hot Forged Steel Scissors with Colored Handles,Office Supplies,3.0,12.58,20.0,East
2017-07-25,CA-2017-121293,"Bush Cubix Conference Tables, Fully Assembled",Furniture,1.0,138.59,40.0,East
2017-07-25,CA-2017-121293,Fellowes Bankers Box Staxonsteel Drawer File/Stacking System,Office Supplies,5.0,51.98,20.0,East
2017-07-25,CA-2017-121293,Xerox 216,Office Supplies,4.0,5.18,20.0,East
2015-09-13,CA-2015-118843,Eldon Advantage Chair Mats for Low to Medium Pile Carpets,Furniture,3.0,43.31,0.0,South
2015-09-13,CA-2015-118843,Xerox 1948,Office Supplies,7.0,9.99,0.0,South
2015-09-07,CA-2015-161445,Boston 1645 Deluxe Heavier-Duty Electric Pencil Sharpener,Office Supplies,4.0,35.18,20.0,South
2016-11-16,CA-2016-124527,Round Ring Binders,Office Supplies,5.0,1.66,20.0,West
2016-11-10,CA-2016-162348,"Eldon Expressions Wood and Plastic Desk Accessories, Oak",Furniture,1.0,9.98,0.0,West
2014-08-15,CA-2014-141005,Premium Transparent Presentation Covers by GBC,Office Supplies,3.0,20.98,0.0,East
2015-11-16,CA-2015-145394,"Neat Ideas Personal Hanging Folder Files, Black",Office Supplies,2.0,10.74,20.0,Central
2015-11-16,CA-2015-145394,HTC One,Technology,3.0,79.99,20.0,Central
2015-11-16,CA-2015-145394,"Howard Miller 11-1/2"" Diameter Brentwood Wall Clock",Furniture,2.0,17.25,60.0,Central
2015-08-25,CA-2015-168809,"Eldon Executive Woodline II Desk Accessories, Mahogany",Furniture,2.0,10.05,60.0,Central
2015-08-25,CA-2015-168809,Poly Designer Cover & Back,Office Supplies,1.0,3.8,80.0,Central
2015-08-25,CA-2015-168809,Nu-Dell EZ-Mount Plastic Wall Frames,Furniture,5.0,1.58,60.0,Central
2016-12-25,CA-2016-109827,KI Conference Tables,Furniture,1.0,35.44,50.0,West
2016-12-25,CA-2016-109827,Panasonic KX MC6040 Color Laser Multifunction Printer,Technology,2.0,134.99,70.0,West
2016-12-25,CA-2016-109827,Imation Clip USB flash drive - 8 GB,Technology,3.0,15.04,20.0,West
2016-12-25,CA-2016-109827,Hypercom P1300 Pinpad,Technology,2.0,50.4,20.0,West
2016-12-25,CA-2016-109827,"Global Stack Chair with Arms, Black",Furniture,2.0,23.98,20.0,West
2014-10-05,CA-2014-152233,Plantronics Audio 478 Stereo USB Headset,Technology,2.0,49.99,0.0,West
2014-11-22,CA-2014-125682,Hammermill CopyPlus Copy Paper (20Lb. and 84 Bright),Office Supplies,2.0,4.98,0.0,South
2017-12-25,CA-2017-162880,Tuff Stuff Recycled Round Ring Binders,Office Supplies,1.0,3.86,20.0,West
2015-03-31,CA-2015-128125,"White Dual Perf Computer Printout Paper, 2700 Sheets, 1 Part, Heavyweight, 20 lbs., 14 7/8 x 11",Office Supplies,3.0,32.79,20.0,Central
2015-03-31,CA-2015-128125,3M Polarizing Light Filter Sleeves,Furniture,3.0,7.46,60.0,Central
2017-09-14,CA-2017-156237,GBC Instant Report Kit,Office Supplies,2.0,1.94,70.0,East
2017-09-14,CA-2017-156237,Ricoh - Ink Collector Unit for GX3000 Series Printers,Technology,1.0,12.59,70.0,East
2017-09-14,CA-2017-156237,Office Star - Ergonomically Designed Knee Chair,Furniture,2.0,56.69,30.0,East
2017-09-14,CA-2017-156237,Aluminum Screw Posts,Office Supplies,4.0,4.58,70.0,East
2017-09-14,CA-2017-156237,Tensor Track Tree Floor Lamp,Furniture,8.0,15.99,20.0,East
2017-09-14,CA-2017-156237,Lexmark MarkNet N8150 Wireless Print Server,Technology,2.0,120.58,70.0,East
2014-06-17,CA-2014-144414,Eldon Wave Desk Accessories,Furniture,3.0,2.08,0.0,West
2014-06-17,CA-2014-144414,OIC Binder Clips,Office Supplies,5.0,3.58,0.0,West
2014-06-17,CA-2014-144414,GBC DocuBind P400 Electric Binding System,Office Supplies,3.0,1088.79,20.0,West
2017-12-28,CA-2017-163860,Computer Printout Index Tabs,Office Supplies,5.0,0.34,80.0,Central
2017-12-28,CA-2017-163860,G.E. Longer-Life Indoor Recessed Floodlight Bulbs,Furniture,3.0,2.66,60.0,Central
2017-12-28,CA-2017-163860,"Padded Folding Chairs, Black, 4/Carton",Furniture,2.0,56.69,30.0,Central
2017-12-28,CA-2017-163860,3M Hangers With Command Adhesive,Furniture,2.0,1.48,60.0,Central
2017-11-02,US-2017-115609,Fellowes 8 Outlet Superior Workstation Surge Protector w/o Phone/Fax/Modem Protection,Office Supplies,5.0,33.62,0.0,West
2015-07-25,CA-2015-154291,"White Business Envelopes with Contemporary Seam, Recycled White Business Envelopes",Office Supplies,9.0,10.94,0.0,South
2015-07-25,CA-2015-154291,"Bevis Round Conference Table Top, X-Base",Furniture,2.0,179.29,0.0,South
2016-10-02,CA-2016-118689,Acco Perma 4000 Stacking Storage Drawers,Office Supplies,2.0,16.24,0.0,Central
2016-10-02,CA-2016-118689,Canon imageCLASS 2200 Advanced Copier,Technology,5.0,3499.99,0.0,Central
2016-10-02,CA-2016-118689,Ibico Ibimaster 300 Manual Binding System,Office Supplies,2.0,367.99,0.0,Central
2016-10-02,CA-2016-118689,"Acco Pressboard Covers with Storage Hooks, 14 7/8"" x 11"", Light Blue",Office Supplies,7.0,4.91,0.0,Central
2016-10-02,CA-2016-118689,Stanley Bostitch Contemporary Electric Pencil Sharpeners,Office Supplies,2.0,16.98,0.0,Central
2016-12-24,CA-2016-140438,Samsung Rugby III,Technology,3.0,65.99,0.0,East
2017-07-21,US-2017-123204,"Eureka Sanitaire  Multi-Pro Heavy-Duty Upright, Disposable Bags",Office Supplies,4.0,4.37,0.0,East
2015-10-10,CA-2015-112522,Avery Fluorescent Highlighter Four-Color Set,Office Supplies,3.0,2.67,20.0,Central
2016-09-08,CA-2016-153101,"Lesro Round Back Collection Coffee Table, End Table",Furniture,1.0,146.04,20.0,West
2016-11-20,CA-2016-142615,Sony Micro Vault Click 4 GB USB 2.0 Flash Drive,Technology,2.0,13.94,0.0,West
2017-10-15,CA-2017-142643,"Avery 4027 File Folder Labels for Dot Matrix Printers, 5000 Labels per Box, White",Office Supplies,5.0,30.53,0.0,West
2017-10-15,CA-2017-142643,"Executive Impressions 14"" Two-Color Numerals Wall Clock",Furniture,1.0,22.72,0.0,West
2015-07-06,CA-2015-116260,Newell 333,Office Supplies,4.0,2.78,0.0,East
2017-02-05,CA-2017-107517,"Sanyo Counter Height Refrigerator with Crisper, 3.6 Cubic Foot, Stainless Steel/Black",Office Supplies,5.0,328.14,0.0,West
2017-02-05,CA-2017-107517,Geemarc AmpliPOWER60,Technology,5.0,74.24,20.0,West
2015-12-06,CA-2015-166338,Ibico Standard Transparent Covers,Office Supplies,3.0,4.94,70.0,East
2016-09-12,CA-2016-123946,Imation 30456 USB Flash Drive 8GB,Technology,3.0,6.9,0.0,South
2016-09-12,CA-2016-123946,Staples,Office Supplies,3.0,3.78,0.0,South
2016-09-12,CA-2016-123946,"Rogers Jumbo File, Granite",Office Supplies,5.0,13.58,0.0,South
2016-09-12,CA-2016-123946,Hon Olson Stacker Chairs,Furniture,4.0,264.78,0.0,South
2014-07-06,CA-2014-147543,Global Comet Stacking Armless Chair,Furniture,2.0,239.24,20.0,West
2016-05-09,US-2016-159093,"TOPS Money Receipt Book, Consecutively Numbered in Red,",Office Supplies,4.0,8.01,0.0,West
2016-07-18,CA-2016-162110,iHome FM Clock Radio with Lightning Dock,Technology,1.0,55.99,20.0,West
2016-06-18,US-2016-163461,Xerox 1937,Office Supplies,2.0,38.43,20.0,Central
2014-04-20,CA-2014-101462,"GE 4 Foot Flourescent Tube, 40 Watt",Furniture,4.0,14.98,0.0,West
2016-01-08,US-2016-100461,"Atlantic Metals Mobile 3-Shelf Bookcases, Custom Colors",Furniture,6.0,260.98,0.0,Central
2016-01-08,US-2016-100461,Plastic Binding Combs,Office Supplies,7.0,15.15,0.0,Central
2017-12-23,US-2017-162670,"Personal Filing Tote with Lid, Black/Gray",Office Supplies,4.0,15.51,0.0,South
2017-12-23,US-2017-162670,"Ativa D5772 2-Line 5.8GHz Digital Expandable Corded/Cordless Phone System with Answering & Caller ID/Call Waiting, Black/Silver",Technology,3.0,164.99,0.0,South
2017-12-23,US-2017-162670,"Gould Plastics 18-Pocket Panel Bin, 34w x 5-1/4d x 20-1/2h",Office Supplies,4.0,91.99,0.0,South
2017-12-23,US-2017-162670,"Ink Jet Note and Greeting Cards, 8-1/2"" x 5-1/2"" Card Size",Office Supplies,2.0,22.48,0.0,South
2017-12-23,US-2017-162670,"Tyvek Interoffice Envelopes, 9 1/2"" x 12 1/2"", 100/Box",Office Supplies,3.0,60.98,0.0,South
2017-04-17,CA-2017-128965,"Rediform S.O.S. 1-Up Phone Message Bk, 4-1/4x3-1/16 Bk, 1 Form/Pg, 40 Messages/Bk, 3/Pk",Office Supplies,3.0,9.38,0.0,West
2017-04-17,CA-2017-128965,Avery 517,Office Supplies,2.0,3.69,0.0,West
2017-04-17,CA-2017-128965,Stockwell Push Pins,Office Supplies,5.0,2.18,0.0,West
2017-04-17,CA-2017-128965,Logitech Wireless Touch Keyboard K400,Technology,11.0,24.99,0.0,West
2017-04-17,CA-2017-128965,Avery 474,Office Supplies,8.0,2.88,0.0,West
2017-04-17,CA-2017-128965,"Global Wood Trimmed Manager's Task Chair, Khaki",Furniture,3.0,72.78,20.0,West
2017-12-01,CA-2017-138618,Xerox 201,Office Supplies,2.0,5.18,20.0,Central
2016-08-21,US-2016-126452,Avery Durable Slant Ring Binders,Office Supplies,2.0,6.34,20.0,West
2016-08-21,US-2016-126452,Motorola HK250 Universal Bluetooth Headset,Technology,5.0,18.39,20.0,West
2016-08-21,US-2016-126452,Logitech Gaming G510s - Keyboard,Technology,3.0,84.99,0.0,West
2016-08-21,US-2016-126452,Anker Astro Mini 3000mAh Ultra-Compact Portable Charger,Technology,2.0,15.99,20.0,West
2016-08-21,US-2016-126452,Bretford CR8500 Series Meeting Room Furniture,Furniture,9.0,320.78,20.0,West
2016-08-21,US-2016-126452,Xerox 1997,Office Supplies,2.0,6.48,0.0,West
2016-08-21,US-2016-126452,Xerox 1928,Office Supplies,9.0,5.28,0.0,West
2016-12-05,CA-2016-145009,Avery 483,Office Supplies,3.0,3.98,20.0,Central
2015-12-16,CA-2015-162544,Xerox 190,Office Supplies,1.0,4.98,0.0,West
2014-10-17,CA-2014-124394,"GBC Standard Recycled Report Covers, Clear Plastic Sheets",Office Supplies,5.0,2.16,80.0,Central
2014-10-17,CA-2014-124394,Case Logic 2.4GHz Wireless Keyboard,Technology,3.0,39.99,20.0,Central
2016-09-05,US-2016-121013,Avery 50,Office Supplies,2.0,12.53,0.0,South
2016-09-05,US-2016-121013,"Chromcraft Bull-Nose Wood 48"" x 96"" Rectangular Conference Tables",Furniture,3.0,550.98,0.0,South
2015-10-15,US-2015-123918,"C-Line Cubicle Keepers Polyproplyene Holder w/Velcro Back, 8-1/2x11, 25/Bx",Furniture,6.0,21.9,60.0,Central
2015-10-15,US-2015-123918,Xerox 1986,Office Supplies,1.0,5.34,20.0,Central
2015-12-01,CA-2015-137113,Global Troy Executive Leather Low-Back Tilter,Furniture,5.0,400.78,20.0,West
2015-12-01,CA-2015-137113,Xerox 219,Office Supplies,5.0,6.48,0.0,West
2015-12-01,CA-2015-137113,Bush Advantage Collection Round Conference Table,Furniture,9.0,212.6,0.0,West
2015-12-01,CA-2015-137113,Tennsco Industrial Shelving,Office Supplies,3.0,48.91,0.0,West
2015-12-01,CA-2015-137113,"Xerox Color Copier Paper, 11"" x 17"", Ream",Office Supplies,5.0,22.84,0.0,West
2015-05-31,CA-2015-120677,Hon Pagoda Stacking Chairs,Furniture,8.0,320.98,0.0,Central
2017-09-10,CA-2017-123036,Memorex Mini Travel Drive 8 GB USB 2.0 Flash Drive,Technology,4.0,9.26,20.0,East
2017-09-10,CA-2017-123036,Cisco IP Phone 7961G-GE VoIP phone,Technology,2.0,129.95,40.0,East
2017-04-25,CA-2017-120222,"Telephone Message Books with Fax/Mobile Section, 5 1/2"" x 3 3/16""",Office Supplies,3.0,6.35,0.0,West
2017-04-25,CA-2017-120222,Surelock Post Binders,Office Supplies,3.0,24.45,20.0,West
2017-09-18,CA-2017-164756,I Need's 3d Hello Kitty Hybrid Silicone Case Cover for HTC One X 4g with 3d Hello Kitty Stylus Pen Green/pink,Technology,8.0,11.96,0.0,South
2017-09-18,CA-2017-164756,"Post-it “Important Message” Note Pad, Neon Colors, 50 Sheets/Pad",Office Supplies,7.0,7.28,0.0,South
2017-09-18,CA-2017-164756,"Hunt PowerHouse Electric Pencil Sharpener, Blue",Office Supplies,3.0,37.98,0.0,South
2017-09-18,CA-2017-164756,Xerox 1997,Office Supplies,4.0,6.48,0.0,South
2017-09-18,CA-2017-164756,"Master Caster Door Stop, Gray",Furniture,4.0,5.08,0.0,South
2017-09-18,CA-2017-164756,AT&T CL83451 4-Handset Telephone,Technology,2.0,205.99,0.0,South
2017-09-18,CA-2017-164756,"Fiskars 8"" Scissors, 2/Pack",Office Supplies,2.0,17.24,0.0,South
2017-09-18,CA-2017-164756,Xerox 1917,Office Supplies,5.0,48.91,0.0,South
2017-08-18,CA-2017-122028,GBC Personal VeloBind Strips,Office Supplies,3.0,3.59,70.0,East
2015-05-24,US-2015-165512,"Global High-Back Leather Tilter, Burgundy",Furniture,7.0,86.09,30.0,Central
2015-05-24,US-2015-165512,Avery Heavy-Duty EZD View Binder with Locking Rings,Office Supplies,6.0,1.28,80.0,Central
2015-09-07,CA-2015-140557,Razer Kraken PRO Over Ear PC and Music Headset,Technology,7.0,79.99,0.0,East
2017-07-24,US-2017-135013,Hewlett Packard LaserJet 3310 Copier,Technology,5.0,479.99,20.0,West
2017-09-02,CA-2017-111220,Advantus Plastic Paper Clips,Office Supplies,4.0,4.0,20.0,Central
2017-09-02,CA-2017-111220,Belkin 7-Outlet SurgeMaster Home Series,Office Supplies,2.0,2.79,80.0,Central
2017-09-02,CA-2017-111220,"Belkin 19"" Center-Weighted Shelf, Gray",Office Supplies,5.0,47.18,20.0,Central
2017-12-06,US-2017-149006,Staple magnet,Office Supplies,1.0,10.68,0.0,West
2017-05-20,CA-2017-149468,"Square Ring Data Binders, Rigid 75 Pt. Covers, 11"" x 14-7/8""",Office Supplies,2.0,20.64,0.0,Central
2016-09-27,CA-2016-140249,Samsung Galaxy S4,Technology,2.0,500.79,20.0,West
2017-12-10,US-2017-135503,"Eldon Expressions Wood Desk Accessories, Oak",Furniture,2.0,7.38,0.0,South
2014-09-13,CA-2014-126277,Acco Suede Grain Vinyl Round Ring Binder,Office Supplies,3.0,0.83,70.0,East
2017-07-29,US-2017-115301,"Bush Westfield Collection Bookcases, Medium Cherry Finish",Furniture,2.0,57.98,0.0,West
2017-08-01,CA-2017-168942,"Fellowes Mobile File Cart, Black",Office Supplies,3.0,62.18,0.0,West
2017-05-02,US-2017-128398,Logitech MX Performance Wireless Mouse,Technology,4.0,39.89,0.0,West
2015-06-12,CA-2015-104115,Speck Products Candyshell Flip Case,Technology,2.0,27.99,20.0,South
2014-12-22,CA-2014-142510,Economy Rollaway Files,Office Supplies,1.0,132.16,20.0,Central
2014-12-22,CA-2014-142510,Recycled Easel Ring Binders,Office Supplies,6.0,2.98,80.0,Central
2014-12-22,CA-2014-142510,White Computer Printout Paper by Universal,Office Supplies,4.0,31.01,20.0,Central
2014-12-16,CA-2014-124247,Office Star - Professional Matrix Back Chair with 2-to-1 Synchro Tilt and Mesh Fabric Seat,Furniture,5.0,280.78,20.0,West
2016-04-16,CA-2016-105473,Stiletto Hand Letter Openers,Office Supplies,3.0,9.6,0.0,West
2015-05-21,CA-2015-102806,"Wilson Jones Ledger-Size, Piano-Hinge Binder, 2"", Blue",Office Supplies,2.0,12.29,70.0,East
2017-02-26,CA-2017-121706,Tripp Lite TLP810NET Broadband Surge for Modem/Fax,Office Supplies,7.0,50.97,0.0,West
2017-04-04,CA-2017-109211,Brown Kraft Recycled Envelopes,Office Supplies,1.0,16.98,0.0,East
2015-03-16,CA-2015-134257,"Dot Matrix Printer Tape Reel Labels, White, 5000/Box",Office Supplies,5.0,98.31,0.0,South
2015-03-16,CA-2015-134257,Colored Envelopes,Office Supplies,2.0,3.69,0.0,South
2015-11-30,CA-2015-137925,Avoid Verbal Orders Carbonless Minifold Book,Office Supplies,7.0,3.38,0.0,East
2015-11-30,CA-2015-137925,"Hon Metal Bookcases, Black",Furniture,12.0,56.78,20.0,East
2016-07-28,CA-2016-140046,Avery 495,Office Supplies,3.0,6.3,0.0,West
2016-06-23,CA-2016-140382,Mobile Personal File Cube,Office Supplies,4.0,23.42,0.0,West
2016-06-23,CA-2016-140382,Avery 516,Office Supplies,3.0,7.31,0.0,West
2016-06-23,CA-2016-140382,Nortel Meridian M3904 Professional Digital phone,Technology,7.0,123.19,20.0,West
2016-06-23,CA-2016-140382,Xerox 1884,Office Supplies,1.0,19.98,0.0,West
2014-07-14,CA-2014-164182,Griffin GC36547 PowerJolt SE Lightning Charger,Technology,1.0,13.49,40.0,East
2014-07-14,CA-2014-164182,iOttie HLCRIO102 Car Mount,Technology,2.0,11.99,40.0,East
2014-07-14,CA-2014-164182,Tensor Track Tree Floor Lamp,Furniture,2.0,15.99,20.0,East
2014-07-14,CA-2014-164182,"BOSTON Ranger #55 Pencil Sharpener, Black",Office Supplies,2.0,20.79,20.0,East
2017-11-30,CA-2017-137365,SanDisk Ultra 64 GB MicroSDHC Class 10 Memory Card,Technology,3.0,31.99,20.0,Central
2016-09-02,CA-2016-129847,Deflect-o DuraMat Antistatic Studded Beveled Mat for Medium Pile Carpeting,Furniture,2.0,42.14,60.0,Central
2014-06-15,CA-2014-126963,Xerox 1902,Office Supplies,2.0,18.27,20.0,Central
2016-11-05,CA-2016-125094,Cherry 142-key Programmable Keyboard,Technology,4.0,119.93,0.0,West
2017-06-26,CA-2017-107132,GBC ProClick Punch Binding System,Office Supplies,2.0,51.18,20.0,East
2017-06-26,CA-2017-107132,Acme Preferred Stainless Steel Scissors,Office Supplies,5.0,5.68,0.0,East
2017-06-26,CA-2017-107132,"Hot File 7-Pocket, Floor Stand",Office Supplies,4.0,178.47,0.0,East
2017-06-26,CA-2017-107132,Xerox 1991,Office Supplies,3.0,22.84,0.0,East
2015-07-25,CA-2015-139248,Motorola L703CM,Technology,5.0,124.79,20.0,West
2014-09-23,CA-2014-148369,Wilson Jones Suede Grain Vinyl Binders,Office Supplies,4.0,2.78,0.0,East
2016-09-30,CA-2016-106243,"O'Sullivan Elevations Bookcase, Cherry Finish",Furniture,5.0,104.78,20.0,East
2015-11-09,CA-2015-126466,"OIC Binder Clips, Mini, 1/4"" Capacity, Black",Office Supplies,2.0,1.24,0.0,West
2015-04-25,CA-2015-130365,"SAFCO Commercial Wire Shelving, Black",Office Supplies,2.0,110.51,20.0,Central
2015-04-25,CA-2015-130365,"Global Armless Task Chair, Royal Blue",Furniture,3.0,42.69,30.0,Central
2017-11-19,CA-2017-143021,"Acco Data Flex Cable Posts For Top & Bottom Load Binders, 6"" Capacity",Office Supplies,7.0,8.34,20.0,East
2017-11-19,CA-2017-143021,Hon 61000 Series Interactive Training Tables,Furniture,3.0,26.66,40.0,East
2015-11-20,CA-2015-161767,NeatDesk Desktop Scanner & Digital Filing System,Technology,2.0,239.99,40.0,Central
2015-10-02,CA-2015-129917,Pressboard Hanging Data Binders for Unburst Sheets,Office Supplies,3.0,3.94,20.0,West
2015-10-02,CA-2015-129917,GBC Poly Designer Binding Covers,Office Supplies,4.0,13.39,20.0,West
2015-10-02,CA-2015-129917,HTC One Mini,Technology,5.0,100.79,20.0,West
2015-04-25,CA-2015-115420,Laser & Ink Jet Business Envelopes,Office Supplies,2.0,10.67,0.0,West
2016-07-14,CA-2016-157588,Cardinal Holdit Data Disk Pockets,Office Supplies,5.0,7.28,0.0,South
2016-07-14,CA-2016-157588,"Howard Miller 13-3/4"" Diameter Brushed Chrome Round Wall Clock",Furniture,1.0,51.75,0.0,South
2015-09-27,CA-2015-167255,"Personal Filing Tote with Lid, Black/Gray",Office Supplies,1.0,15.51,0.0,West
2015-09-27,CA-2015-167255,Xerox 1916,Office Supplies,3.0,48.94,0.0,West
2015-09-27,CA-2015-167255,Xerox 226,Office Supplies,2.0,6.48,0.0,West
2017-11-10,CA-2017-162096,12 Colored Short Pencils,Office Supplies,3.0,2.6,0.0,West
2016-07-16,CA-2016-157161,Poly String Tie Envelopes,Office Supplies,5.0,2.04,0.0,South
2016-07-16,CA-2016-157161,"Eberhard Faber 3 1/2"" Golf Pencils",Office Supplies,3.0,7.44,0.0,South
2016-07-16,CA-2016-157161,Wilson Jones Turn Tabs Binder Tool for Ring Binders,Office Supplies,5.0,4.82,0.0,South
2016-07-16,CA-2016-157161,Imation Secure Drive + Hardware Encrypted USB flash drive - 16 GB,Technology,2.0,37.99,0.0,South
2016-07-16,CA-2016-157161,Recycled Pressboard Report Cover with Reinforced Top Hinge,Office Supplies,2.0,3.23,0.0,South
2016-07-16,CA-2016-157161,HP Office Paper (20Lb. and 87 Bright),Office Supplies,9.0,6.68,0.0,South
2015-10-16,CA-2015-110765,Mitel MiVoice 5330e IP Phone,Technology,3.0,274.99,0.0,East
2016-01-10,CA-2016-163937,"DAX Value U-Channel Document Frames, Easel Back",Furniture,5.0,4.97,0.0,West
2017-09-19,CA-2017-153822,Akro Stacking Bins,Office Supplies,2.0,6.31,20.0,West
2017-09-19,CA-2017-153822,Sony Micro Vault Click 16 GB USB 2.0 Flash Drive,Technology,2.0,44.79,20.0,West
2017-09-19,CA-2017-153822,Polycom VoiceStation 500 Conference phone,Technology,2.0,235.96,20.0,West
2017-09-19,CA-2017-153822,Plastic Binding Combs,Office Supplies,4.0,4.55,70.0,West
2017-09-15,CA-2017-146185,Prismacolor Color Pencil Set,Office Supplies,2.0,15.87,20.0,Central
2015-06-28,CA-2015-112144,Avery 501,Office Supplies,2.0,2.95,20.0,West
2015-06-28,CA-2015-112144,Electrix Halogen Magnifier Lamp,Furniture,4.0,155.44,20.0,West
2016-11-25,US-2016-119298,OtterBox Defender Series Case - Samsung Galaxy S4,Technology,2.0,29.99,0.0,South
2017-11-25,CA-2017-155159,"Wirebound Message Book, 4 per Page",Office Supplies,9.0,5.43,0.0,South
2017-01-14,CA-2017-149076,Xerox 19,Office Supplies,5.0,30.98,0.0,West
2014-11-07,CA-2014-146990,Binder Clips by OIC,Office Supplies,4.0,1.48,0.0,East
2014-11-07,CA-2014-146990,Riverleaf Stik-Withit Designer Note Cubes,Office Supplies,3.0,10.06,0.0,East
2016-09-01,CA-2016-116526,Wilson Jones Turn Tabs Binder Tool for Ring Binders,Office Supplies,5.0,4.82,0.0,Central
2016-09-01,CA-2016-116526,Belkin Grip Candy Sheer Case / Cover for iPhone 5 and 5S,Technology,1.0,8.78,0.0,Central
2016-09-01,CA-2016-116526,"Eureka The Boss Plus 12-Amp Hard Box Upright Vacuum, Red",Office Supplies,4.0,94.18,10.0,Central
2016-09-01,CA-2016-116526,GBC Plastic Binding Combs,Office Supplies,4.0,7.38,0.0,Central
2016-09-01,CA-2016-116526,Newell 315,Office Supplies,2.0,5.98,0.0,Central
2016-09-01,CA-2016-116526,"Wilson Jones 1"" Hanging DublLock Ring Binders",Office Supplies,5.0,5.28,0.0,Central
2017-11-11,CA-2017-158561,Hoover Upright Vacuum With Dirt Cup,Office Supplies,5.0,231.62,20.0,South
2017-12-11,CA-2017-165099,Hoover Commercial Lightweight Upright Vacuum,Office Supplies,2.0,0.7,80.0,Central
2015-11-08,CA-2015-109386,"Holmes Replacement Filter for HEPA Air Cleaner, Large Room",Office Supplies,3.0,14.81,0.0,South
2015-11-08,CA-2015-109386,AT&T 17929 Lendline Telephone,Technology,5.0,45.24,0.0,South
2015-11-08,CA-2015-109386,Deflect-o Glass Clear Studded Chair Mats,Furniture,3.0,62.18,0.0,South
2015-11-08,CA-2015-109386,"Hunt PowerHouse Electric Pencil Sharpener, Blue",Office Supplies,7.0,37.98,0.0,South
2015-11-08,CA-2015-109386,Newell 314,Office Supplies,5.0,5.58,0.0,South
2015-11-19,CA-2015-166800,Hoover Commercial Soft Guard Upright Vacuum And Disposable Filtration Bags,Office Supplies,4.0,7.77,0.0,West
2017-12-23,CA-2017-117443,Wilson Jones International Size A4 Ring Binders,Office Supplies,4.0,3.46,80.0,Central
2017-12-23,CA-2017-117443,Xerox 1940,Office Supplies,4.0,43.97,20.0,Central
2016-09-16,US-2016-134369,Xerox 1966,Office Supplies,2.0,6.48,0.0,West
2017-05-26,CA-2017-123687,Belkin 8-Outlet Premiere SurgeMaster II Surge Protectors,Office Supplies,3.0,69.48,0.0,South
2017-05-26,CA-2017-123687,Martin-Yale Premier Letter Opener,Office Supplies,2.0,12.88,0.0,South
2015-03-30,CA-2015-104871,"Office Star - Contemporary Task Swivel chair with Loop Arms, Charcoal",Furniture,4.0,91.69,30.0,Central
2014-08-19,CA-2014-133158,"Deflect-o EconoMat Studded, No Bevel Mat for Low Pile Carpeting",Furniture,7.0,41.32,0.0,West
2014-08-19,CA-2014-133158,Satellite Sectional Post Binders,Office Supplies,2.0,34.73,20.0,West
2014-12-23,CA-2014-126333,Xerox 2000,Office Supplies,1.0,5.18,20.0,Central
2015-11-01,CA-2015-141740,Hon Comfortask Task/Swivel Chairs,Furniture,2.0,102.58,10.0,East
2014-12-15,CA-2014-119466,Dana Swing-Arm Lamps,Furniture,2.0,4.27,60.0,Central
2015-08-21,CA-2015-154823,Acco D-Ring Binder w/DublLock,Office Supplies,2.0,6.41,70.0,East
2015-08-21,CA-2015-154823,Global Commerce Series High-Back Swivel/Tilt Chairs,Furniture,3.0,199.49,30.0,East
2015-08-21,CA-2015-154823,Tenex Chairmats For Use with Hard Floors,Furniture,1.0,25.98,20.0,East
2014-05-23,US-2014-135881,Avery Non-Stick Binders,Office Supplies,5.0,3.59,20.0,East
2014-05-23,US-2014-135881,Letter Slitter,Office Supplies,2.0,2.52,0.0,East
2014-05-23,US-2014-135881,"1.7 Cubic Foot Compact ""Cube"" Office Refrigerators",Office Supplies,1.0,208.16,0.0,East
2017-12-09,CA-2017-141201,O'Sullivan 3-Shelf Heavy-Duty Bookcases,Furniture,3.0,49.42,15.0,West
2014-03-11,CA-2014-114790,"Fellowes Premier Superior Surge Suppressor, 10-Outlet, With Phone and Remote",Office Supplies,3.0,48.92,0.0,South
2014-03-11,CA-2014-114790,Maxell DVD-RAM Discs,Technology,2.0,16.48,0.0,South
2014-03-11,CA-2014-114790,Panasonic KX-TG9471B,Technology,3.0,195.99,0.0,South
2014-03-11,CA-2014-114790,Xerox 198,Office Supplies,3.0,4.98,0.0,South
2016-06-23,US-2016-154256,Avery 487,Office Supplies,7.0,3.69,0.0,East
2014-08-23,CA-2014-124737,Xerox 1976,Office Supplies,3.0,5.18,20.0,West
2014-08-23,CA-2014-124737,Acme Titanium Bonded Scissors,Office Supplies,1.0,6.8,20.0,West
2014-08-23,CA-2014-124737,Regeneration Desk Collection,Furniture,3.0,1.41,20.0,West
2014-08-23,CA-2014-124737,Cisco SPA525G2 IP Phone - Wireless,Technology,9.0,15.96,20.0,West
2014-08-23,CA-2014-124737,Xerox 1931,Office Supplies,6.0,5.18,20.0,West
2014-08-23,CA-2014-124737,Xerox 1988,Office Supplies,9.0,24.78,20.0,West
2017-02-06,US-2017-101840,Grandstream GXP1160 VoIP phone,Technology,6.0,37.91,0.0,East
2017-02-06,US-2017-101840,"Acco Recycled 2"" Capacity Laser Printer Hanging Data Binders",Office Supplies,4.0,11.56,20.0,East
2017-01-29,CA-2017-131653,Permanent Self-Adhesive File Folder Labels for Typewriters by Universal,Office Supplies,2.0,2.61,0.0,East
2016-12-20,US-2016-157840,Strathmore Photo Mount Cards,Office Supplies,5.0,6.78,0.0,Central
2016-11-11,CA-2016-145548,Staple magnet,Office Supplies,3.0,9.38,0.0,East
2016-11-11,CA-2016-145548,KeyTronic E03601U1 - Keyboard - Beige,Technology,2.0,18.0,0.0,East
2016-11-11,CA-2016-145548,"Boston School Pro Electric Pencil Sharpener, 1670",Office Supplies,3.0,30.98,0.0,East
2016-11-11,CA-2016-145548,"Global Wood Trimmed Manager's Task Chair, Khaki",Furniture,3.0,81.88,10.0,East
2016-11-11,CA-2016-145548,Deluxe Heavy-Duty Vinyl Round Ring Binder,Office Supplies,3.0,18.34,20.0,East
2016-11-11,CA-2016-145548,"XtraLife ClearVue Slant-D Ring Binder, White, 3""",Office Supplies,3.0,11.74,20.0,East
2017-11-09,CA-2017-119494,"Lifetime Advantage Folding Chairs, 4/Carton",Furniture,3.0,174.46,20.0,West
2014-05-02,CA-2014-124618,Brother DCP1000 Digital 3 in 1 Multifunction Machine,Technology,2.0,239.99,20.0,South
2017-09-22,CA-2017-161970,Xerox 219,Office Supplies,2.0,6.48,0.0,South
2017-09-22,CA-2017-161970,"Stride Job 150 Highlighters, Chisel Tip, Assorted Colors",Office Supplies,3.0,5.98,0.0,South
2017-12-17,CA-2017-103443,Safco Steel Mobile File Cart,Office Supplies,2.0,83.36,0.0,East
2017-12-17,CA-2017-103443,GBC Wire Binding Combs,Office Supplies,3.0,8.27,20.0,East
2017-12-17,CA-2017-103443,Deflect-o Glass Clear Studded Chair Mats,Furniture,2.0,62.18,0.0,East
2017-07-18,US-2017-165358,Canon PC-428 Personal Copier,Technology,5.0,119.99,40.0,East
2017-07-18,US-2017-165358,"Situations Contoured Folding Chairs, 4/Set",Furniture,4.0,49.69,30.0,East
2017-07-18,US-2017-165358,Acme Kleencut Forged Steel Scissors,Office Supplies,2.0,4.59,20.0,East
2016-11-03,CA-2016-160136,Xerox 1978,Office Supplies,2.0,4.62,20.0,Central
2014-04-08,CA-2014-150581,Bevis 36 x 72 Conference Tables,Furniture,1.0,99.59,20.0,West
2014-04-08,CA-2014-150581,Logitech Wireless Headset h800,Technology,4.0,99.99,0.0,West
2016-08-14,CA-2016-119515,Xerox 200,Office Supplies,3.0,5.18,20.0,South
2014-09-25,CA-2014-141355,Dixon Ticonderoga Core-Lock Colored Pencils,Office Supplies,2.0,7.29,20.0,West
2016-12-11,CA-2016-165330,Ibico Laser Imprintable Binding System Covers,Office Supplies,5.0,41.92,20.0,West
2016-12-11,CA-2016-165330,Boston 16765 Mini Stand Up Battery Pencil Sharpener,Office Supplies,2.0,11.66,0.0,West
2016-12-11,CA-2016-165330,"IBM Multi-Purpose Copy Paper, 8 1/2 x 11"", Case",Office Supplies,1.0,30.98,0.0,West
2016-12-11,CA-2016-165330,Microsoft Natural Ergonomic Keyboard 4000,Technology,4.0,29.99,0.0,West
2016-12-11,CA-2016-165330,"Global Wood Trimmed Manager's Task Chair, Khaki",Furniture,5.0,72.78,20.0,West
2016-12-11,CA-2016-165330,Recycled Easel Ring Binders,Office Supplies,3.0,11.94,20.0,West
2016-12-11,CA-2016-165330,GBC Recycled VeloBinder Covers,Office Supplies,9.0,13.63,20.0,West
2016-12-11,CA-2016-165330,Hon Non-Folding Utility Tables,Furniture,7.0,127.45,20.0,West
2016-12-11,CA-2016-165330,Rogers Profile Extra Capacity Storage Tub,Office Supplies,3.0,16.74,0.0,West
2016-12-11,CA-2016-165330,Fellowes 8 Outlet Superior Workstation Surge Protector,Office Supplies,2.0,41.71,0.0,West
2016-12-11,CA-2016-165330,"Black Avery Memo-Size 3-Ring Binder, 5 1/2"" x 8 1/2""",Office Supplies,2.0,2.94,20.0,West
2015-02-03,CA-2015-132633,Wilson Jones Standard D-Ring Binders,Office Supplies,3.0,4.05,20.0,West
2016-12-29,CA-2016-157742,"Peel & Seel Recycled Catalog Envelopes, Brown",Office Supplies,3.0,9.26,20.0,West
2017-08-31,CA-2017-127712,Acme Kleen Earth Office Shears,Office Supplies,2.0,3.1,20.0,West
2017-02-04,CA-2017-169474,Belkin 6 Outlet Metallic Surge Strip,Office Supplies,3.0,10.89,0.0,East
2014-12-06,CA-2014-106726,Standard Rollaway File with Lock,Office Supplies,7.0,180.19,0.0,West
2016-05-30,CA-2016-147473,Xerox 228,Office Supplies,6.0,6.48,0.0,West
2016-05-21,CA-2016-114209,"Pressboard Covers with Storage Hooks, 9 1/2"" x 11"", Light Blue",Office Supplies,2.0,0.98,80.0,Central
2016-05-21,CA-2016-114209,Southworth 100% Cotton The Best Paper,Office Supplies,9.0,9.18,20.0,Central
2014-08-09,CA-2014-141901,Great White Multi-Use Recycled Paper (20Lb. and 84 Bright),Office Supplies,1.0,5.98,0.0,West
2016-09-05,CA-2016-164490,Xerox 196,Office Supplies,2.0,4.62,20.0,Central
2016-07-23,CA-2016-112256,Newell 339,Office Supplies,2.0,2.22,20.0,Central
2016-07-23,CA-2016-112256,Xerox 231,Office Supplies,1.0,5.18,20.0,Central
2016-07-23,CA-2016-112256,Boston 1645 Deluxe Heavier-Duty Electric Pencil Sharpener,Office Supplies,5.0,35.18,20.0,Central
2016-07-23,CA-2016-112256,Storex Dura Pro Binders,Office Supplies,4.0,1.19,80.0,Central
2016-07-23,CA-2016-112256,Acme Elite Stainless Steel Scissors,Office Supplies,2.0,6.67,20.0,Central
2016-05-12,CA-2016-167416,"Manila Recycled Extra-Heavyweight Clasp Envelopes, 6"" x 9""",Office Supplies,5.0,10.98,0.0,West
2016-09-02,CA-2016-106950,Heavy-Duty E-Z-D Binders,Office Supplies,7.0,3.27,70.0,South
2016-09-02,CA-2016-106950,Belkin F9M820V08 8 Outlet Surge,Office Supplies,9.0,34.38,20.0,South
2016-09-02,CA-2016-106950,Zebra Zazzle Fluorescent Highlighters,Office Supplies,4.0,4.86,20.0,South
2016-09-02,CA-2016-106950,Hon Racetrack Conference Tables,Furniture,3.0,157.51,40.0,South
2016-09-02,CA-2016-106950,Plantronics Savi W720 Multi-Device Wireless Headset System,Technology,3.0,337.56,20.0,South
2016-09-02,CA-2016-106950,GBC Plasticlear Binding Covers,Office Supplies,5.0,3.44,70.0,South
2017-07-21,CA-2017-118724,Nontoxic Chalk,Office Supplies,2.0,1.76,0.0,West
2017-07-21,CA-2017-118724,Polycom SoundPoint IP 450 VoIP phone,Technology,9.0,180.69,20.0,West
2017-09-25,CA-2017-112004,Avery Metallic Poly Binders,Office Supplies,5.0,1.72,70.0,East
2017-09-25,CA-2017-112004,Compact Automatic Electric Letter Opener,Office Supplies,2.0,95.45,20.0,East
2017-08-03,US-2017-143175,Fellowes Bases and Tops For Staxonsteel/High-Stak Systems,Office Supplies,3.0,33.29,0.0,West
2015-10-25,CA-2015-105844,Newell 319,Office Supplies,4.0,19.84,0.0,West
2017-06-15,CA-2017-118864,Panasonic KX T7736-B Digital phone,Technology,1.0,119.96,20.0,West
2015-01-09,CA-2015-119480,Easy-staple paper,Office Supplies,3.0,35.44,0.0,South
2015-01-09,CA-2015-119480,Belkin 5 Outlet SurgeMaster Power Centers,Office Supplies,3.0,54.48,0.0,South
2015-01-09,CA-2015-119480,Boston 1730 StandUp Electric Pencil Sharpener,Office Supplies,2.0,21.38,0.0,South
2015-01-09,CA-2015-119480,"Speediset Carbonless Redi-Letter 7"" x 8 1/2""",Office Supplies,5.0,10.31,0.0,South
2015-02-09,US-2015-153374,Logitech Wireless Headset h800,Technology,6.0,79.99,20.0,Central
2016-08-19,CA-2016-101980,Surelock Post Binders,Office Supplies,6.0,24.45,20.0,East
2016-08-19,CA-2016-101980,Ibico EB-19 Dual Function Manual Binding System,Office Supplies,2.0,138.39,20.0,East
2016-08-19,CA-2016-101980,"Cardinal HOLDit! Binder Insert Strips,Extra Strips",Office Supplies,5.0,5.06,20.0,East
2017-11-06,CA-2017-144596,Xerox 1906,Office Supplies,9.0,35.44,0.0,East
2015-12-26,CA-2015-124933,Xerox 1906,Office Supplies,6.0,35.44,0.0,East
2014-11-23,CA-2014-159625,Staple envelope,Office Supplies,3.0,7.82,20.0,West
2016-08-01,CA-2016-144337,Easy-staple paper,Office Supplies,2.0,9.82,20.0,Central
2014-09-21,CA-2014-117478,"Angle-D Binders with Locking Rings, Label Holders",Office Supplies,3.0,2.19,70.0,East
2017-09-04,CA-2017-147410,"24 Capacity Maxi Data Binder Racks, Pearl",Office Supplies,2.0,210.55,0.0,West
2017-06-19,CA-2017-128944,Global Ergonomic Managers Chair,Furniture,6.0,126.69,30.0,East
2017-06-19,CA-2017-128944,Contemporary Wood/Metal Frame,Furniture,3.0,12.93,20.0,East
2017-06-19,CA-2017-128944,"Memorex 25GB 6X Branded Blu-Ray Recordable Disc, 15/Pack",Technology,9.0,13.59,20.0,East
2016-04-19,CA-2016-109666,Gear Head AU3700S Headset,Technology,2.0,12.99,0.0,East
2016-04-19,CA-2016-109666,BIC Brite Liner Grip Highlighters,Office Supplies,2.0,1.64,0.0,East
2016-04-19,CA-2016-109666,Space Solutions HD Industrial Steel Shelving.,Office Supplies,4.0,114.97,0.0,East
2016-04-19,CA-2016-109666,Acme Kleen Earth Office Shears,Office Supplies,2.0,3.88,0.0,East
2016-04-19,CA-2016-109666,Panasonic KP-380BK Classic Electric Pencil Sharpener,Office Supplies,2.0,35.98,0.0,East
2016-04-19,CA-2016-109666,Fiskars Softgrip Scissors,Office Supplies,5.0,10.98,0.0,East
2016-04-19,CA-2016-109666,"Wilson Jones Clip & Carry Folder Binder Tool for Ring Binders, Clear",Office Supplies,2.0,4.64,20.0,East
2016-05-05,US-2016-102239,Global Adaptabilities Conference Tables,Furniture,6.0,280.98,0.0,West
2016-05-05,US-2016-102239,Avery Poly Binder Pockets,Office Supplies,2.0,2.86,20.0,West
2014-10-18,CA-2014-143168,Xerox 1925,Office Supplies,2.0,30.98,0.0,West
2014-10-18,CA-2014-143168,Computer Printout Index Tabs,Office Supplies,1.0,1.34,20.0,West
2017-02-13,CA-2017-104906,Xerox 1903,Office Supplies,3.0,5.98,0.0,East
2017-11-17,CA-2017-118122,"Cardinal Slant-D Ring Binder, Heavy Gauge Vinyl",Office Supplies,2.0,6.95,20.0,West
2014-01-20,US-2014-147774,GBC DocuBind TL200 Manual Binding Machine,Office Supplies,1.0,67.19,70.0,South
2017-12-01,CA-2017-166926,Xerox 1947,Office Supplies,7.0,5.98,0.0,West
2017-12-01,CA-2017-166926,"Hon Metal Bookcases, Putty",Furniture,2.0,70.98,0.0,West
2015-08-09,CA-2015-128013,OIC Stacking Trays,Furniture,3.0,3.34,0.0,East
2015-08-09,CA-2015-128013,Xerox 1885,Office Supplies,3.0,48.04,0.0,East
2016-09-27,CA-2016-123176,Xerox 1965,Office Supplies,3.0,5.98,0.0,South
2016-09-27,CA-2016-123176,"Binney & Smith Crayola Metallic Colored Pencils, 8-Color Set",Office Supplies,3.0,4.63,0.0,South
2016-11-14,US-2016-117541,Tops Wirebound Message Log Books,Office Supplies,5.0,3.29,0.0,East
2016-11-14,US-2016-117541,Stacking Trays by OIC,Furniture,4.0,4.98,0.0,East
2016-04-16,CA-2016-166282,Memorex Froggy Flash Drive 4 GB,Technology,4.0,8.79,20.0,South
2016-04-16,CA-2016-166282,Standard Line “While You Were Out” Hardbound Telephone Message Book,Office Supplies,7.0,17.58,20.0,South
2017-11-26,CA-2017-141439,KI Adjustable-Height Table,Furniture,3.0,85.98,0.0,Central
2017-11-26,CA-2017-141439,Samsung Galaxy S4 Mini,Technology,4.0,469.99,0.0,Central
2017-11-26,CA-2017-141439,DAX Wood Document Frame,Furniture,2.0,13.73,0.0,Central
2017-11-26,CA-2017-141439,Innergie mMini Combo Duo USB Travel Charging Kit,Technology,2.0,44.99,0.0,Central
2017-11-26,CA-2017-141439,SAFCO Arco Folding Chair,Furniture,3.0,276.2,0.0,Central
2015-11-20,CA-2015-163965,Wilson Jones Turn Tabs Binder Tool for Ring Binders,Office Supplies,5.0,1.45,70.0,South
2015-11-20,CA-2015-163965,Crate-A-Files,Office Supplies,2.0,8.72,20.0,South
2015-11-20,CA-2015-163965,Ibico Laser Imprintable Binding System Covers,Office Supplies,4.0,15.72,70.0,South
2015-11-20,CA-2015-163965,O'Sullivan Living Dimensions 2-Shelf Bookcases,Furniture,3.0,96.78,20.0,South
2017-09-07,CA-2017-128783,Maxell 4.7GB DVD-R,Technology,4.0,28.38,0.0,Central
2017-09-07,CA-2017-128783,"DataProducts Ampli Magnifier Task Lamp, Black,",Furniture,5.0,27.06,0.0,Central
2014-11-24,CA-2014-122217,"Executive Impressions 14""",Furniture,5.0,22.23,0.0,South
2017-03-11,US-2017-141558,Nortel Meridian M5316 Digital phone,Technology,5.0,155.37,40.0,East
2017-03-11,US-2017-141558,"Avery Trapezoid Ring Binder, 3"" Capacity, Black, 1040 sheets",Office Supplies,1.0,12.29,70.0,East
2017-03-11,US-2017-141558,KI Adjustable-Height Table,Furniture,3.0,51.59,40.0,East
2017-03-11,US-2017-141558,Desktop 3-Pocket Hot File,Office Supplies,1.0,43.28,20.0,East
2016-06-12,CA-2016-139941,"IBM Multi-Purpose Copy Paper, 8 1/2 x 11"", Case",Office Supplies,3.0,30.98,0.0,East
2016-06-12,CA-2016-139941,Bionaire 99.97% HEPA Air Cleaner,Office Supplies,3.0,17.52,0.0,East
2015-06-26,CA-2015-166583,Polycom SoundStation2 EX Conference phone,Technology,3.0,323.96,20.0,Central
2017-12-22,CA-2017-100412,"Situations Contoured Folding Chairs, 4/Set",Furniture,2.0,70.98,0.0,South
2017-12-22,CA-2017-142909,"Lesro Round Back Collection Coffee Table, End Table",Furniture,2.0,91.28,50.0,West
2014-10-09,CA-2014-137911,"Eaton Premium Continuous-Feed Paper, 25% Cotton, Letter Size, White, 1000 Shts/Box",Office Supplies,2.0,44.38,20.0,South
2015-12-10,CA-2015-106208,3M Replacement Filter for Office Air Cleaner for 20' x 33' Room,Office Supplies,7.0,7.58,80.0,Central
2015-12-25,US-2015-136749,Tenex B1-RE Series Chair Mats for Low Pile Carpets,Furniture,6.0,45.98,0.0,South
2015-12-25,US-2015-136749,Tuf-Vin Binders,Office Supplies,5.0,31.58,0.0,South
2017-04-29,CA-2017-126718,Color-Coded Legal Exhibit Labels,Office Supplies,1.0,4.91,0.0,East
2016-03-28,CA-2016-131380,Rogers Deluxe File Chest,Office Supplies,4.0,21.98,0.0,West
2016-03-28,CA-2016-131380,Xerox 1983,Office Supplies,1.0,5.98,0.0,West
2015-05-13,CA-2015-145835,Toshiba IPT2010-SD IP Telephone,Technology,2.0,111.19,20.0,Central
2015-05-13,CA-2015-145835,Advantus Plastic Paper Clips,Office Supplies,4.0,4.0,20.0,Central
2014-07-04,CA-2014-138709,Southworth Structures Collection,Office Supplies,3.0,7.28,0.0,South
2014-07-04,CA-2014-138709,Zipper Ring Binder Pockets,Office Supplies,5.0,3.12,0.0,South
2014-04-22,CA-2014-122070,Staple envelope,Office Supplies,8.0,30.98,0.0,East
2014-04-22,CA-2014-122070,"ACCOHIDE 3-Ring Binder, Blue, 1""",Office Supplies,3.0,3.3,20.0,East
2016-09-19,CA-2016-158610,Home/Office Personal File Carts,Office Supplies,2.0,34.76,0.0,East
2014-07-22,CA-2014-117464,Newell 32,Office Supplies,4.0,2.88,0.0,West
2014-07-22,CA-2014-117464,Global Comet Stacking Armless Chair,Furniture,3.0,239.24,20.0,West
2014-07-22,CA-2014-117464,Eldon Mobile Mega Data Cart  Mega Stackable  Add-On Trays,Office Supplies,10.0,23.65,0.0,West
2014-07-22,CA-2014-117464,Safco Drafting Table,Furniture,3.0,56.78,20.0,West
2017-10-08,US-2017-168613,Office Star - Ergonomically Designed Knee Chair,Furniture,2.0,72.88,10.0,East
2017-04-25,CA-2017-125381,Sony 64GB Class 10 Micro SDHC R40 Memory Card,Technology,3.0,35.99,0.0,West
2017-03-26,US-2017-141677,Sony 64GB Class 10 Micro SDHC R40 Memory Card,Technology,5.0,28.79,20.0,Central
2017-03-26,US-2017-141677,Canon PC1080F Personal Copier,Technology,5.0,479.99,20.0,Central
2017-03-26,US-2017-141677,Xerox 1951,Office Supplies,3.0,24.78,20.0,Central
2017-03-26,US-2017-141677,Belkin 5 Outlet SurgeMaster Power Centers,Office Supplies,8.0,10.9,80.0,Central
2017-03-26,US-2017-141677,"Neat Ideas Personal Hanging Folder Files, Black",Office Supplies,3.0,10.74,20.0,Central
2017-05-04,CA-2017-133067,"Black Avery Memo-Size 3-Ring Binder, 5 1/2"" x 8 1/2""",Office Supplies,2.0,1.1,70.0,East
2017-05-04,CA-2017-133067,"Avery 3 1/2"" Diskette Storage Pages, 10/Pack",Office Supplies,3.0,3.13,70.0,East
2016-11-14,US-2016-144351,"BlueLounge Milo Smartphone Stand, White/Metallic",Technology,3.0,29.99,0.0,East
2014-01-06,CA-2014-106054,"Dixon Prang Watercolor Pencils, 10-Color Set with Brush",Office Supplies,3.0,4.26,0.0,South
2016-12-27,CA-2016-138667,Micro Innovations USB RF Wireless Keyboard with Mouse,Technology,2.0,20.0,20.0,East
2017-04-30,CA-2017-150609,Fellowes Black Plastic Comb Bindings,Office Supplies,5.0,4.65,20.0,West
2017-04-21,CA-2017-128853,"Global Fabric Manager's Chair, Dark Gray",Furniture,9.0,100.98,0.0,East
2017-08-17,CA-2017-133102,Acco Side-Punched Conventional Columnar Pads,Office Supplies,2.0,2.78,20.0,Central
2017-08-17,CA-2017-133102,Avery Fluorescent Highlighter Four-Color Set,Office Supplies,3.0,2.67,20.0,Central
2017-08-17,CA-2017-133102,SAFCO Optional Arm Kit for Workspace Cribbage Stacking Chair,Furniture,4.0,18.65,30.0,Central
2017-08-17,CA-2017-133102,36X48 HARDFLOOR CHAIRMAT,Furniture,2.0,8.39,60.0,Central
2017-08-17,CA-2017-133102,Belkin Premiere Surge Master II 8-outlet surge protector,Office Supplies,4.0,9.72,80.0,Central
2016-11-12,CA-2016-164399,Panasonic KX TS3282W Corded phone,Technology,3.0,67.99,20.0,West
2016-11-12,CA-2016-164399,Global Adaptabilities Conference Tables,Furniture,3.0,224.78,20.0,West
2016-10-01,CA-2016-116918,Avery Non-Stick Binders,Office Supplies,4.0,1.35,70.0,South
2016-10-01,CA-2016-116918,Staples in misc. colors,Office Supplies,8.0,3.87,20.0,South
2016-02-12,CA-2016-110492,Tennsco Double-Tier Lockers,Office Supplies,6.0,225.02,0.0,South
2016-02-12,CA-2016-110492,"Avery Durable Slant Ring Binders, No Labels",Office Supplies,4.0,3.98,0.0,South
2016-11-13,CA-2016-147683,DAX Solid Wood Frames,Furniture,2.0,9.77,0.0,West
2014-04-26,CA-2014-116785,Newell 347,Office Supplies,5.0,4.28,0.0,West
2014-04-26,CA-2014-116785,Avery 495,Office Supplies,2.0,6.3,0.0,West
2015-08-11,US-2015-156797,Newell 330,Office Supplies,2.0,5.98,0.0,East
2015-08-11,US-2015-156797,AT&T 841000 Phone,Technology,2.0,69.0,0.0,East
2016-11-27,CA-2016-104276,Wi-Ex zBoost YX540 Cellular Phone Signal Booster,Technology,1.0,116.76,20.0,South
2016-11-27,CA-2016-104276,KI Adjustable-Height Table,Furniture,7.0,47.29,45.0,South
2016-10-28,CA-2016-120369,"Tenex Chairmat w/ Average Lip, 45"" x 53""",Furniture,5.0,151.36,0.0,East
2014-12-29,CA-2014-118276,"Master Caster Door Stop, Large Brown",Furniture,3.0,2.91,60.0,Central
2015-09-10,CA-2015-136658,Manco Dry-Lighter Erasable Highlighter,Office Supplies,2.0,3.04,0.0,East
2017-10-02,CA-2017-137414,Dax Clear Box Frame,Furniture,2.0,8.73,0.0,West
2017-10-02,CA-2017-137414,Ricoh - Ink Collector Unit for GX3000 Series Printers,Technology,11.0,33.56,20.0,West
2016-09-11,CA-2016-143476,"Crayola Anti Dust Chalk, 12/Pack",Office Supplies,2.0,1.46,20.0,West
2016-09-11,CA-2016-143476,Xerox 1976,Office Supplies,4.0,5.18,20.0,West
2016-09-11,CA-2016-143476,Great White Multi-Use Recycled Paper (20Lb. and 84 Bright),Office Supplies,2.0,4.78,20.0,West
2016-06-02,US-2016-119046,Riverleaf Stik-Withit Designer Note Cubes,Office Supplies,3.0,10.06,0.0,West
2016-06-02,US-2016-119046,"Acco PRESSTEX Data Binder with Storage Hooks, Dark Blue, 14 7/8"" X 11""",Office Supplies,12.0,4.3,20.0,West
2016-06-02,US-2016-119046,Acco Translucent Poly Ring Binders,Office Supplies,3.0,3.74,20.0,West
2017-10-15,CA-2017-154949,Avery 478,Office Supplies,3.0,4.91,0.0,West
2015-09-27,CA-2015-103072,Newell 321,Office Supplies,5.0,3.28,0.0,Central
2015-09-27,CA-2015-103072,Xerox 1996,Office Supplies,4.0,6.48,0.0,Central
2015-05-03,CA-2015-150770,Newell 317,Office Supplies,3.0,2.94,0.0,West
2015-05-03,CA-2015-150770,Ibico Recycled Linen-Style Covers,Office Supplies,2.0,31.25,20.0,West
2015-05-03,CA-2015-150770,Logitech Gaming G510s - Keyboard,Technology,4.0,84.99,0.0,West
2015-05-03,CA-2015-150770,GBC Linen Binding Covers,Office Supplies,2.0,24.78,20.0,West
2017-01-09,CA-2017-154760,Ibico Hi-Tech Manual Binding System,Office Supplies,3.0,91.5,70.0,East
2017-01-27,US-2017-104437,Jensen SMPS-640 - speaker phone,Technology,3.0,45.98,0.0,East
2017-09-02,CA-2017-113075,Kingston Digital DataTraveler 32GB USB 2.0,Technology,3.0,13.56,20.0,Central
2016-07-14,CA-2016-109953,Panasonic Kx-TS550,Technology,3.0,36.79,20.0,West
2016-07-14,CA-2016-109953,Holmes 99% HEPA Air Purifier,Office Supplies,7.0,21.66,0.0,West
2016-07-14,CA-2016-109953,Deflect-O Glasstique Clear Desk Accessories,Furniture,4.0,7.7,0.0,West
2017-02-24,CA-2017-127397,Xerox 1988,Office Supplies,5.0,24.78,20.0,East
2017-02-24,CA-2017-127397,Plantronics CS510 - Over-the-Head monaural Wireless Headset System,Technology,5.0,263.96,20.0,East
2014-07-20,CA-2014-157546,Clear Mylar Reinforcing Strips,Office Supplies,6.0,14.95,20.0,West
2014-07-20,CA-2014-157546,"Wirebound Message Books, Two 4 1/4"" x 5"" Forms per Page",Office Supplies,3.0,7.61,0.0,West
2017-03-13,CA-2017-153843,GBC VeloBind Cover Sets,Office Supplies,2.0,15.44,0.0,East
2017-03-13,CA-2017-153843,Hoover Commercial Lightweight Upright Vacuum with E-Z Empty Dirt Cup,Office Supplies,2.0,232.58,0.0,East
2017-03-13,CA-2017-153843,Strathmore Photo Mount Cards,Office Supplies,4.0,6.78,0.0,East
2016-03-08,CA-2016-137337,Coloredge Poster Frame,Furniture,8.0,14.2,0.0,East
2016-03-08,CA-2016-137337,Xerox 1993,Office Supplies,2.0,6.48,0.0,East
2016-03-08,CA-2016-137337,Satellite Sectional Post Binders,Office Supplies,2.0,34.73,20.0,East
2014-12-07,CA-2014-138737,Newell 32,Office Supplies,3.0,2.88,0.0,West
2016-07-10,CA-2016-164924,"Brother MFC-9340CDW LED All-In-One Printer, Copier Scanner",Technology,3.0,114.0,70.0,East
2016-12-24,CA-2016-101651,"Eldon 200 Class Desk Accessories, Smoke",Furniture,7.0,6.28,0.0,West
2016-12-24,CA-2016-101651,Staple envelope,Office Supplies,7.0,5.68,0.0,West
2017-04-23,CA-2017-136651,"DAX Two-Tone Rosewood/Black Document Frame, Desktop, 5 x 7",Furniture,7.0,9.48,0.0,West
2017-04-23,CA-2017-136651,GBC Durable Plastic Covers,Office Supplies,6.0,15.48,20.0,West
2017-04-23,CA-2017-136651,Eldon 500 Class Desk Accessories,Furniture,2.0,12.07,0.0,West
2017-08-17,CA-2017-118892,HON 5400 Series Task Chairs for Big and Tall,Furniture,9.0,490.69,30.0,East
2017-05-22,US-2017-151127,SANFORD Major Accent Highlighters,Office Supplies,7.0,7.08,0.0,West
2017-02-09,CA-2017-145807,Sensible Storage WireTech Storage Systems,Office Supplies,5.0,70.98,0.0,West
2014-03-03,US-2014-127978,Avery 495,Office Supplies,3.0,5.04,20.0,East
2014-03-03,US-2014-127978,O'Sullivan 4-Shelf Bookcase in Odessa Pine,Furniture,5.0,60.49,50.0,East
2014-03-03,US-2014-127978,Eldon Shelf Savers Cubes and Bins,Office Supplies,8.0,5.58,20.0,East
2015-06-04,CA-2015-158491,Logitech Wireless Anywhere Mouse MX for PC and Mac,Technology,2.0,59.99,0.0,West
2015-06-04,CA-2015-158491,Logitech Z-906 Speaker sys - home theater - 5.1-CH,Technology,3.0,329.99,0.0,West
2016-08-27,CA-2016-116764,Avery 484,Office Supplies,4.0,2.3,20.0,South
2016-09-12,CA-2016-152457,Xerox 1991,Office Supplies,3.0,22.84,0.0,Central
2016-05-30,CA-2016-152730,"Acco 7-Outlet Masterpiece Power Center, Wihtout Fax/Phone Line Protection",Office Supplies,3.0,121.58,0.0,Central
2016-05-30,CA-2016-152730,"DAX Charcoal/Nickel-Tone Document Frame, 5 x 7",Furniture,5.0,9.48,0.0,Central
2016-05-30,CA-2016-152730,Eldon Simplefile Box Office,Office Supplies,4.0,12.44,0.0,Central
2016-05-30,CA-2016-152730,Newell 333,Office Supplies,2.0,2.78,0.0,Central
2016-05-30,CA-2016-152730,Xerox 1915,Office Supplies,6.0,104.85,0.0,Central
2016-05-30,CA-2016-152730,Newell 343,Office Supplies,5.0,2.94,0.0,Central
2016-05-30,CA-2016-152730,Xerox 217,Office Supplies,7.0,6.48,0.0,Central
2016-05-30,CA-2016-152730,VTech DS6151,Technology,1.0,125.99,0.0,Central
2017-06-10,CA-2017-137001,"Sanford EarthWrite Recycled Pencils, Medium Soft, #2",Office Supplies,7.0,2.1,0.0,West
2017-10-22,CA-2017-156363,"LF Elite 3D Dazzle Designer Hard Case Cover, Lf Stylus Pen and Wiper For Apple Iphone 5c Mini Lite",Technology,5.0,6.54,40.0,East
2017-10-22,CA-2017-156363,#6 3/4 Gummed Flap White Envelopes,Office Supplies,4.0,7.92,20.0,East
2017-06-13,CA-2017-122056,Boston 1799 Powerhouse Electric Pencil Sharpener,Office Supplies,7.0,25.98,0.0,South
2014-11-23,US-2014-143721,Office Star Flex Back Scooter Chair with White Frame,Furniture,2.0,77.69,30.0,Central
2017-08-16,CA-2017-122987,Recycled Easel Ring Binders,Office Supplies,3.0,4.48,70.0,South
2017-08-16,CA-2017-122987,Acco Perma 3000 Stacking Storage Drawers,Office Supplies,4.0,16.78,20.0,South
2016-01-14,CA-2016-133368,Xerox 1882,Office Supplies,2.0,44.78,20.0,South
2016-01-14,CA-2016-133368,Electrix Fluorescent Magnifier Lamps & Weighted Base,Furniture,8.0,39.47,20.0,South
2016-09-16,CA-2016-123337,"Sauder Forest Hills Library with Doors, Woodland Oak Finish",Furniture,2.0,136.83,15.0,West
2016-09-16,CA-2016-123337,"Eureka Sanitaire  Multi-Pro Heavy-Duty Upright, Disposable Bags",Office Supplies,4.0,4.37,0.0,West
2016-10-10,US-2016-150357,Martin-Yale Premier Letter Opener,Office Supplies,2.0,10.3,20.0,South
2016-10-10,US-2016-150357,Presstex Flexible Ring Binders,Office Supplies,3.0,1.37,70.0,South
2015-11-13,CA-2015-144519,Panasonic KX TS3282W Corded phone,Technology,5.0,67.99,20.0,West
2015-11-13,CA-2015-144519,"Eldon Stackable Tray, Side-Load, Legal, Smoke",Furniture,7.0,9.14,0.0,West
2014-11-02,CA-2014-120670,Razer Kraken 7.1 Surround Sound Over Ear USB Gaming Headset,Technology,10.0,79.99,20.0,South
2016-07-19,CA-2016-157217,Griffin GC36547 PowerJolt SE Lightning Charger,Technology,2.0,17.99,20.0,West
2016-07-19,CA-2016-157217,Logitech G35 7.1-Channel Surround Sound Headset,Technology,3.0,129.99,0.0,West
2016-05-14,CA-2016-108224,Imation 16GB Mini TravelDrive USB 2.0 Flash Drive,Technology,7.0,26.5,20.0,West
2015-02-21,CA-2015-162782,Fellowes PB500 Electric Punch Plastic Comb Binding Machine with Manual Bind,Office Supplies,2.0,1270.99,0.0,East
2017-10-16,CA-2017-159282,Swingline SM12-08 MicroCut Jam Free Shredder,Technology,5.0,120.0,70.0,West
2017-06-22,CA-2017-155936,Wilson Jones Standard D-Ring Binders,Office Supplies,3.0,1.01,80.0,Central
2017-09-09,CA-2017-169439,"BIC Brite Liner Highlighters, Chisel Tip",Office Supplies,5.0,5.18,20.0,East
2017-09-09,CA-2017-169439,"Deflect-o EconoMat Studded, No Bevel Mat for Low Pile Carpeting",Furniture,2.0,33.06,20.0,East
2017-10-14,CA-2017-151183,"Verbatim 25 GB 6x Blu-ray Single Layer Recordable Disc, 10/Pack",Technology,4.0,11.59,0.0,West
2016-06-20,CA-2016-149965,Imation 30456 USB Flash Drive 8GB,Technology,1.0,6.9,0.0,Central
2016-06-20,CA-2016-149965,"Executive Impressions 13"" Clairmont Wall Clock",Furniture,3.0,19.23,0.0,Central
2014-09-02,CA-2014-158281,Epson TM-T88V Direct Thermal Printer - Monochrome - Desktop,Technology,3.0,186.57,40.0,Central
2016-01-30,CA-2016-153661,"File Shuttle II and Handi-File, Black",Office Supplies,9.0,33.89,0.0,West
2016-01-30,CA-2016-153661,GBC Wire Binding Strips,Office Supplies,2.0,25.39,20.0,West
2016-01-30,CA-2016-153661,Avery 512,Office Supplies,9.0,2.89,0.0,West
2017-12-04,CA-2017-109183,Okidata C610n Printer,Technology,2.0,324.5,50.0,South
2016-01-23,CA-2016-113656,"DAX Cubicle Frames, 8-1/2 x 11",Furniture,7.0,8.57,0.0,West
2015-05-26,CA-2015-148964,"DAX Metal Frame, Desktop, Stepped-Edge",Furniture,1.0,20.24,0.0,West
2014-05-04,CA-2014-111899,Boston Home & Office Model 2000 Electric Pencil Sharpeners,Office Supplies,2.0,18.92,20.0,Central
2014-05-04,CA-2014-111899,OIC Thumb-Tacks,Office Supplies,6.0,0.91,20.0,Central
2015-02-10,CA-2015-101126,Eldon ProFile File 'N Store Portable File Tub Letter/Legal Size Black,Office Supplies,5.0,15.45,20.0,East
2014-11-18,CA-2014-163468,BPI Conference Tables,Furniture,4.0,73.03,50.0,Central
2014-11-18,CA-2014-163468,Dana Swing-Arm Lamps,Furniture,2.0,4.27,60.0,Central
2014-11-18,CA-2014-163468,Hon 4-Shelf Metal Bookcases,Furniture,6.0,70.69,30.0,Central
2014-11-18,CA-2014-163468,Wilson Jones Turn Tabs Binder Tool for Ring Binders,Office Supplies,3.0,0.96,80.0,Central
2014-11-18,CA-2014-163468,Fellowes Stor/Drawer Steel Plus Storage Drawers,Office Supplies,5.0,76.34,20.0,Central
2017-09-04,US-2017-117450,"Global Value Steno Chair, Gray",Furniture,2.0,48.59,20.0,South
2017-09-04,US-2017-117450,Xerox 213,Office Supplies,2.0,5.18,20.0,South
2014-03-29,CA-2014-137274,Bush Advantage Collection Racetrack Conference Table,Furniture,3.0,296.95,30.0,Central
2016-11-05,CA-2016-144092,KeyTronic E03601U1 - Keyboard - Beige,Technology,4.0,18.0,0.0,West
2016-11-05,CA-2016-144092,Harbour Creations 67200 Series Stacking Chairs,Furniture,2.0,56.94,20.0,West
2016-11-05,CA-2016-144092,"Strathmore #10 Envelopes, Ultimate White",Office Supplies,3.0,52.71,0.0,West
2017-06-10,CA-2017-112172,Plymouth Boxed Rubber Bands by Plymouth,Office Supplies,3.0,4.71,0.0,East
2015-08-10,CA-2015-121699,GBC Binding covers,Office Supplies,5.0,12.95,0.0,Central
2015-10-09,CA-2015-162761,Zipper Ring Binder Pockets,Office Supplies,2.0,0.94,70.0,South
2015-10-09,CA-2015-162761,Clear Mylar Reinforcing Strips,Office Supplies,2.0,5.61,70.0,South
2015-10-09,CA-2015-162761,Avery Hi-Liter Smear-Safe Highlighters,Office Supplies,8.0,4.67,20.0,South
2016-05-28,CA-2016-121377,Wilson Electronics DB Pro Signal Booster,Technology,1.0,286.4,20.0,Central
2017-05-11,CA-2017-115322,Panasonic KP-4ABK Battery-Operated Pencil Sharpener,Office Supplies,3.0,14.64,0.0,East
2016-10-16,CA-2016-132066,Chromcraft Rectangular Conference Tables,Furniture,1.0,142.18,40.0,East
2017-11-17,CA-2017-158120,"Wirebound Message Forms, Four 2 3/4 x 5 Forms per Page, Pink Paper",Office Supplies,3.0,6.54,20.0,West
2017-11-17,CA-2017-158120,Avery Reinforcements for Hole-Punch Pages,Office Supplies,7.0,0.59,70.0,West
2017-11-26,CA-2017-100097,Plantronics Calisto P620-M USB Wireless Speakerphone System,Technology,5.0,195.99,0.0,East
2017-11-26,CA-2017-100097,"DataProducts Ampli Magnifier Task Lamp, Black,",Furniture,5.0,27.06,0.0,East
2017-09-03,CA-2017-167626,"""While you Were Out"" Message Book, One Form per Page",Office Supplies,3.0,2.97,20.0,Central
2017-09-03,CA-2017-167626,Hypercom P1300 Pinpad,Technology,2.0,50.4,20.0,Central
2017-12-05,US-2017-126053,Magnifier Swing Arm Lamp,Furniture,2.0,20.98,0.0,East
2017-12-05,US-2017-126053,Self-Adhesive Removable Labels,Office Supplies,3.0,3.15,0.0,East
2017-11-10,US-2017-128447,"Eureka The Boss Lite 10-Amp Upright Vacuum, Blue",Office Supplies,5.0,80.16,0.0,West
2017-11-10,US-2017-128447,GBC VeloBinder Manual Binding System,Office Supplies,1.0,28.79,20.0,West
2014-03-18,US-2014-131275,Eldon Cleatmat Chair Mats for Medium Pile Carpets,Furniture,2.0,55.5,0.0,West
2014-03-18,US-2014-131275,Swingline SM12-08 MicroCut Jam Free Shredder,Technology,4.0,319.99,20.0,West
2014-03-18,US-2014-131275,Tennsco 6- and 18-Compartment Lockers,Office Supplies,7.0,265.17,0.0,West
2016-11-12,CA-2016-149349,"DAX Charcoal/Nickel-Tone Document Frame, 5 x 7",Furniture,6.0,3.79,60.0,Central
2017-10-26,CA-2017-115119,Cisco Small Business SPA 502G VoIP phone,Technology,1.0,61.54,40.0,East
2017-10-26,CA-2017-115119,"Premium Transparent Presentation Covers, No Pattern/Clear, 8 1/2"" x 11""",Office Supplies,7.0,11.63,70.0,East
2015-04-11,CA-2015-125563,Executive Impressions Supervisor Wall Clock,Furniture,2.0,33.68,20.0,South
2015-04-11,CA-2015-125563,"Executive Impressions 14"" Two-Color Numerals Wall Clock",Furniture,3.0,18.18,20.0,South
2015-12-25,CA-2015-113152,Plantronics Savi W720 Multi-Device Wireless Headset System,Technology,2.0,421.95,0.0,East
2015-12-25,CA-2015-113152,"Atlantic Metals Mobile 4-Shelf Bookcases, Custom Colors",Furniture,2.0,224.78,20.0,East
2017-09-21,CA-2017-165155,"Tenex Personal Filing Tote With Secure Closure Lid, Black/Frost",Office Supplies,1.0,15.51,0.0,West
2014-12-20,CA-2014-163412,Harbour Creations 67200 Series Stacking Chairs,Furniture,3.0,64.06,10.0,East
2015-07-18,CA-2015-159590,Newell 32,Office Supplies,2.0,2.88,0.0,East
2014-07-26,CA-2014-116190,"Metal Folding Chairs, Beige, 4/Carton",Furniture,2.0,33.94,0.0,South
2014-07-26,CA-2014-116190,Avery 485,Office Supplies,13.0,12.53,0.0,South
2014-07-26,CA-2014-116190,"DAX Cubicle Frames, 8-1/2 x 11",Furniture,3.0,8.57,0.0,South
2014-12-26,CA-2014-168473,Fellowes Bankers Box Stor/Drawer Steel Plus,Office Supplies,6.0,31.98,0.0,East
2017-12-11,CA-2017-168389,BoxOffice By Design Rectangular and Half-Moon Meeting Room Tables,Furniture,6.0,120.31,45.0,South
2017-12-11,CA-2017-168389,Motorola HK250 Universal Bluetooth Headset,Technology,4.0,18.39,20.0,South
2017-12-11,CA-2017-168389,Stanley Bostitch Contemporary Electric Pencil Sharpeners,Office Supplies,1.0,13.58,20.0,South
2017-12-11,CA-2017-168389,"Global Geo Office Task Chair, Gray",Furniture,1.0,64.78,20.0,South
2014-03-03,CA-2014-130421,3.6 Cubic Foot Counter Height Office Refrigerator,Office Supplies,3.0,58.92,80.0,Central
2017-10-21,CA-2017-142125,GBC Instant Report Kit,Office Supplies,6.0,6.47,0.0,Central
2017-10-21,CA-2017-142125,Acco 3-Hole Punch,Office Supplies,5.0,4.38,0.0,Central
2017-11-10,CA-2017-141138,Memorex Mini Travel Drive 16 GB USB 2.0 Flash Drive,Technology,7.0,15.97,0.0,West
2017-03-16,CA-2017-152135,Geemarc AmpliPOWER60,Technology,8.0,55.68,40.0,East
2016-09-22,CA-2016-151974,Avery 476,Office Supplies,5.0,3.3,20.0,East
2017-02-06,CA-2017-154102,Xerox 1947,Office Supplies,5.0,5.98,0.0,West
2015-12-31,CA-2015-139780,Fellowes Presentation Covers for Comb Binding Machines,Office Supplies,8.0,14.55,0.0,Central
2016-10-09,CA-2016-114748,Newell 310,Office Supplies,1.0,1.41,20.0,West
2016-10-09,CA-2016-114748,"Tenex 46"" x 60"" Computer Anti-Static Chairmat, Rectangular Shaped",Furniture,2.0,84.78,20.0,West
2014-12-30,US-2014-115189,ClearSounds CSC500 Amplified Spirit Phone Corded phone,Technology,6.0,41.99,40.0,East
2014-12-30,US-2014-115189,Hon 5100 Series Wood Tables,Furniture,3.0,174.59,40.0,East
2016-04-12,CA-2016-163594,Xerox 206,Office Supplies,3.0,6.48,0.0,West
2016-04-12,CA-2016-163594,"Global Geo Office Task Chair, Gray",Furniture,3.0,64.78,20.0,West
2016-04-12,CA-2016-163594,Aluminum Screw Posts,Office Supplies,3.0,12.21,20.0,West
2016-11-28,CA-2016-127243,Wireless Extenders zBoost YX545 SOHO Signal Booster,Technology,3.0,113.39,40.0,East
2016-11-28,CA-2016-127243,Translucent Push Pins by OIC,Office Supplies,8.0,1.58,20.0,East
2016-11-28,CA-2016-127243,GBC Plasticlear Binding Covers,Office Supplies,2.0,3.44,70.0,East
2016-11-28,CA-2016-127243,Tennsco Commercial Shelving,Office Supplies,2.0,16.27,20.0,East
2016-11-28,CA-2016-127243,"Situations Contoured Folding Chairs, 4/Set",Furniture,7.0,49.69,30.0,East
2017-04-15,CA-2017-161851,VariCap6 Expandable Binder,Office Supplies,3.0,5.19,70.0,South
2015-03-09,CA-2015-110345,Avery 514,Office Supplies,2.0,2.3,20.0,South
2014-10-28,CA-2014-107769,Digium D40 VoIP phone,Technology,2.0,128.99,0.0,Central
2017-01-07,US-2017-123862,Eldon Fold 'N Roll Cart System,Office Supplies,11.0,13.98,0.0,West
2017-01-07,US-2017-123862,Tennsco Commercial Shelving,Office Supplies,3.0,20.34,0.0,West
2017-01-07,US-2017-123862,Acme Galleria Hot Forged Steel Scissors with Colored Handles,Office Supplies,7.0,15.73,0.0,West
2017-01-07,US-2017-123862,Staples,Office Supplies,1.0,7.89,0.0,West
2017-08-13,CA-2017-100580,"GBC Prepunched Paper, 19-Hole, for Binding Systems, 24-lb",Office Supplies,3.0,12.01,20.0,West
2017-11-02,US-2017-145597,Stanley Bostitch Contemporary Electric Pencil Sharpeners,Office Supplies,4.0,13.58,20.0,Central
2014-09-19,CA-2014-132787,"Decoflex Hanging Personal Folder File, Blue",Office Supplies,6.0,15.42,0.0,West
2015-05-31,CA-2015-136224,Newell 347,Office Supplies,3.0,3.42,20.0,South
2016-09-13,CA-2016-105732,"Rogers Jumbo File, Granite",Office Supplies,3.0,13.58,0.0,Central
2016-09-13,CA-2016-105732,Avery 49,Office Supplies,5.0,2.88,0.0,Central
2016-09-13,CA-2016-105732,"BlueLounge Milo Smartphone Stand, White/Metallic",Technology,5.0,29.99,0.0,Central
2016-09-13,CA-2016-105732,"Elite 5"" Scissors",Office Supplies,2.0,8.45,0.0,Central
2016-09-13,CA-2016-105732,Things To Do Today Pad,Office Supplies,3.0,5.87,0.0,Central
2016-09-13,CA-2016-105732,Harmony Air Purifier,Office Supplies,2.0,189.0,0.0,Central
2016-09-13,CA-2016-105732,"Adams Telephone Message Book W/Dividers/Space For Phone Numbers, 5 1/4""X8 1/2"", 300/Messages",Office Supplies,3.0,5.88,0.0,Central
2016-09-13,CA-2016-105732,"Fellowes Mobile File Cart, Black",Office Supplies,6.0,62.18,0.0,Central
2016-09-13,CA-2016-105732,"Electrix Architect's Clamp-On Swing Arm Lamp, Black",Furniture,14.0,95.46,0.0,Central
2016-09-13,CA-2016-105732,Mediabridge Sport Armband iPhone 5s,Technology,3.0,9.99,0.0,Central
2017-11-29,CA-2017-108035,"Hon Deluxe Fabric Upholstered Stacking Chairs, Rounded Back",Furniture,2.0,195.18,20.0,South
2017-11-29,CA-2017-108035,"Executive Impressions 13"" Chairman Wall Clock",Furniture,5.0,20.3,20.0,South
2017-12-04,CA-2017-160031,"IBM Multi-Purpose Copy Paper, 8 1/2 x 11"", Case",Office Supplies,3.0,24.78,20.0,East
2017-05-02,CA-2017-147844,"Adams ""While You Were Out"" Message Pads",Office Supplies,5.0,3.14,0.0,West
2017-05-02,CA-2017-147844,Newell 34,Office Supplies,3.0,19.84,0.0,West
2017-05-02,CA-2017-147844,"Adams Phone Message Book, 200 Message Capacity, 8 1/16” x 11”",Office Supplies,5.0,6.88,0.0,West
2016-12-25,CA-2016-110975,"Bevis Oval Conference Table, Walnut",Furniture,2.0,156.59,40.0,East
2016-12-25,CA-2016-110975,Hon 4070 Series Pagoda Round Back Stacking Chairs,Furniture,3.0,288.88,10.0,East
2014-09-30,CA-2014-141649,Eureka Sanitaire  Commercial Upright,Office Supplies,6.0,132.57,20.0,East
2014-07-12,CA-2014-124807,Xerox 1949,Office Supplies,9.0,3.98,20.0,Central
2014-07-12,CA-2014-124807,"Verbatim 25 GB 6x Blu-ray Single Layer Recordable Disc, 1/Pack",Technology,4.0,5.96,20.0,Central
2016-09-08,CA-2016-110009,"Howard Miller 11-1/2"" Diameter Grantwood Wall Clock",Furniture,1.0,43.13,0.0,West
2016-09-08,CA-2016-110009,"Ampad Gold Fibre Wirebound Steno Books, 6"" x 9"", Gregg Ruled",Office Supplies,7.0,4.41,0.0,West
2017-08-06,CA-2017-168172,"Acme 10"" Easy Grip Assistive Scissors",Office Supplies,4.0,17.53,0.0,East
2015-05-14,CA-2015-100146,"Bush Andora Bookcase, Maple/Graphite Gray Finish",Furniture,5.0,101.99,15.0,West
2015-05-14,CA-2015-100146,Dana Halogen Swing-Arm Architect Lamp,Furniture,3.0,40.97,0.0,West
2015-05-14,CA-2015-100146,Novimex Fabric Task Chair,Furniture,2.0,48.78,20.0,West
2015-05-14,CA-2015-100146,"Global Leather and Oak Executive Chair, Black",Furniture,3.0,240.78,20.0,West
2017-01-20,CA-2017-152079,Avery File Folder Labels,Office Supplies,5.0,2.3,20.0,Central
2016-05-30,CA-2016-129728,36X48 HARDFLOOR CHAIRMAT,Furniture,8.0,20.98,0.0,West
2014-04-08,CA-2014-121769,Riverside Furniture Stanwyck Manor Table Series,Furniture,1.0,172.11,40.0,East
2014-07-23,CA-2014-103058,Case Logic 2.4GHz Wireless Keyboard,Technology,2.0,49.99,0.0,East
2017-05-30,CA-2017-121125,LG G3,Technology,1.0,156.79,20.0,West
2017-05-30,CA-2017-121125,SanDisk Ultra 32 GB MicroSDHC Class 10 Memory Card,Technology,2.0,17.68,20.0,West
2017-05-30,CA-2017-121125,Tensor Brushed Steel Torchiere Floor Lamp,Furniture,1.0,13.59,20.0,West
2016-03-13,US-2016-114013,SAFCO Arco Folding Chair,Furniture,2.0,193.34,30.0,East
2016-03-13,US-2016-114013,Kensington Expert Mouse Optical USB Trackball for PC or Mac,Technology,5.0,75.99,20.0,East
2016-03-13,US-2016-114013,Polycom CX600 IP Phone VoIP phone,Technology,3.0,179.97,40.0,East
2016-03-13,US-2016-114013,"Speediset Carbonless Redi-Letter 7"" x 8 1/2""",Office Supplies,5.0,8.25,20.0,East
2016-03-13,US-2016-114013,Ibico EB-19 Dual Function Manual Binding System,Office Supplies,1.0,51.9,70.0,East
2016-03-13,US-2016-114013,"SAFCO Commercial Wire Shelving, Black",Office Supplies,5.0,110.51,20.0,East
2016-03-13,US-2016-114013,GBC VeloBind Cover Sets,Office Supplies,5.0,4.63,70.0,East
2016-03-13,US-2016-114013,Space Solutions Industrial Galvanized Steel Shelving.,Office Supplies,2.0,63.04,20.0,East
2016-03-13,US-2016-114013,Okidata MB491 Multifunction Printer,Technology,3.0,149.7,70.0,East
2017-04-10,CA-2017-135069,Tripp Lite Isotel 6 Outlet Surge Protector with Fax/Modem Protection,Office Supplies,4.0,48.78,20.0,East
2017-04-10,CA-2017-135069,"Linden 10"" Round Wall Clock, Black",Furniture,3.0,12.22,20.0,East
2016-06-25,CA-2016-101693,"Global Value Mid-Back Manager's Chair, Gray",Furniture,2.0,42.62,30.0,Central
2016-06-25,CA-2016-101693,Eldon Executive Woodline II Cherry Finish Desk Accessories,Furniture,2.0,16.36,60.0,Central
2014-03-17,US-2014-164763,"Acco Pressboard Covers with Storage Hooks, 9 1/2"" x 11"", Executive Red",Office Supplies,3.0,3.81,0.0,South
2014-03-17,US-2014-164763,"GBC Twin Loop Wire Binding Elements, 9/16"" Spine, Black",Office Supplies,2.0,15.22,0.0,South
2014-03-17,US-2014-164763,Xerox 1957,Office Supplies,2.0,6.48,0.0,South
2014-03-17,US-2014-164763,EcoTones Memo Sheets,Office Supplies,4.0,4.0,0.0,South
2014-03-17,US-2014-164763,Belkin 6 Outlet Metallic Surge Strip,Office Supplies,3.0,10.89,0.0,South
2014-08-09,CA-2014-161249,"Super Bands, 12/Pack",Office Supplies,3.0,1.49,20.0,West
2014-08-09,CA-2014-161249,Avery Hole Reinforcements,Office Supplies,5.0,1.87,70.0,West
2015-07-26,CA-2015-148180,"Acco Pressboard Covers with Storage Hooks, 9 1/2"" x 11"", Executive Red",Office Supplies,3.0,3.05,20.0,West
2015-07-26,CA-2015-148180,Tuff Stuff Recycled Round Ring Binders,Office Supplies,6.0,3.86,20.0,West
2015-07-26,CA-2015-148180,Newell 334,Office Supplies,5.0,19.84,0.0,West
2014-02-15,CA-2014-165568,Pressboard Data Binders by Wilson Jones,Office Supplies,5.0,4.27,20.0,West
2015-03-24,CA-2015-145457,"Eldon Expressions Punched Metal & Wood Desk Accessories, Black & Cherry",Furniture,5.0,9.38,0.0,West
2017-09-02,US-2017-163657,Acco Translucent Poly Ring Binders,Office Supplies,5.0,3.74,20.0,West
2017-09-02,US-2017-163657,Hon 2111 Invitation Series Straight Table,Furniture,2.0,118.26,20.0,West
2015-11-16,CA-2015-120446,Avery 51,Office Supplies,3.0,6.3,0.0,West
2014-12-09,CA-2014-109932,Xerox 195,Office Supplies,2.0,5.34,20.0,Central
2014-12-09,CA-2014-109932,"Recycled Data-Pak for Archival Bound Computer Printouts, 12-1/2 x 12-1/2 x 16",Office Supplies,3.0,79.03,20.0,Central
2017-02-03,CA-2017-127474,Xerox 2,Office Supplies,1.0,5.18,20.0,Central
2017-02-03,CA-2017-127474,Xerox 1893,Office Supplies,2.0,32.79,20.0,Central
2017-02-03,CA-2017-127474,Eldon Cleatmat Chair Mats for Medium Pile Carpets,Furniture,1.0,22.2,60.0,Central
2017-02-03,CA-2017-127474,Xerox 189,Office Supplies,5.0,83.88,20.0,Central
2017-11-11,CA-2017-115448,"Executive Impressions 14"" Contract Wall Clock",Furniture,5.0,17.78,20.0,South
2017-09-17,CA-2017-105669,Newell Chalk Holder,Office Supplies,3.0,3.3,20.0,Central
2017-09-17,CA-2017-105669,"Global Wood Trimmed Manager's Task Chair, Khaki",Furniture,5.0,63.69,30.0,Central
2017-09-17,CA-2017-105669,Wilson Jones “Snap” Scratch Pad Binder Tool for Ring Binders,Office Supplies,5.0,1.16,80.0,Central
2017-09-17,CA-2017-105669,Polycom VoiceStation 500 Conference phone,Technology,6.0,235.96,20.0,Central
2017-06-25,CA-2017-134796,Geemarc AmpliPOWER60,Technology,2.0,74.24,20.0,Central
2016-07-30,CA-2016-137743,Avery 498,Office Supplies,4.0,2.31,20.0,Central
2016-07-30,CA-2016-137743,Tennsco 16-Compartment Lockers with Coat Rack,Office Supplies,2.0,518.31,20.0,Central
2015-04-16,CA-2015-137974,Konftel 250 Conference phone - Charcoal black,Technology,2.0,284.82,0.0,South
2015-04-16,CA-2015-137974,Cardinal EasyOpen D-Ring Binders,Office Supplies,1.0,9.14,0.0,South
2015-04-16,CA-2015-137974,Tenex Antistatic Computer Chair Mats,Furniture,7.0,170.98,0.0,South
2015-04-16,CA-2015-137974,O'Sullivan 3-Shelf Heavy-Duty Bookcases,Furniture,9.0,58.14,0.0,South
2015-04-11,US-2015-136987,Canon PC-428 Personal Copier,Technology,4.0,159.99,20.0,West
2015-04-11,US-2015-136987,Easy-staple paper,Office Supplies,2.0,26.38,0.0,West
2015-02-27,CA-2015-138485,Microsoft Natural Keyboard Elite,Technology,9.0,59.88,0.0,West
2016-09-08,CA-2016-103709,"Eberhard Faber 3 1/2"" Golf Pencils",Office Supplies,2.0,7.44,0.0,West
2016-09-08,CA-2016-103709,Xerox 1900,Office Supplies,8.0,4.28,0.0,West
2016-09-08,CA-2016-103709,"Mini 13-1/2 Capacity Data Binder Rack, Pearl",Office Supplies,2.0,130.87,0.0,West
2016-05-19,CA-2016-138282,Staple holder,Office Supplies,8.0,10.98,0.0,West
2017-11-11,CA-2017-148985,Dax Clear Box Frame,Furniture,4.0,8.73,0.0,West
2014-09-15,CA-2014-138100,Easy-staple paper,Office Supplies,3.0,4.98,0.0,East
2014-09-15,CA-2014-138100,"Master Caster Door Stop, Large Neon Orange",Furniture,2.0,7.28,0.0,East
2015-09-15,CA-2015-100734,Avery Hidden Tab Dividers for Binding Systems,Office Supplies,4.0,0.89,70.0,East
2015-09-15,CA-2015-100734,"Gould Plastics 18-Pocket Panel Bin, 34w x 5-1/4d x 20-1/2h",Office Supplies,2.0,73.59,20.0,East
2016-07-01,CA-2016-139997,Hewlett Packard 310 Color Digital Copier,Technology,5.0,299.99,0.0,West
2016-04-10,CA-2016-109652,"BIC Brite Liner Grip Highlighters, Assorted, 5/Pack",Office Supplies,4.0,3.39,20.0,Central
2014-01-06,CA-2014-167199,Global Deluxe High-Back Manager's Chair,Furniture,9.0,285.98,0.0,South
2014-01-06,CA-2014-167199,Ibico Hi-Tech Manual Binding System,Office Supplies,2.0,304.99,0.0,South
2014-01-06,CA-2014-167199,Rogers Handheld Barrel Pencil Sharpener,Office Supplies,2.0,2.74,0.0,South
2014-01-06,CA-2014-167199,GE 30524EE4,Technology,2.0,195.99,0.0,South
2014-01-06,CA-2014-167199,Wireless Extenders zBoost YX545 SOHO Signal Booster,Technology,4.0,188.99,0.0,South
2014-01-06,CA-2014-167199,"Alliance Super-Size Bands, Assorted Sizes",Office Supplies,4.0,7.78,0.0,South
2014-01-06,CA-2014-167199,Southworth 25% Cotton Granite Paper & Envelopes,Office Supplies,1.0,6.54,0.0,South
2016-09-01,CA-2016-124583,Globe Weis Peel & Seel First Class Envelopes,Office Supplies,1.0,12.78,0.0,West
2014-09-23,CA-2014-113964,Avery Binding System Hidden Tab Executive Style Index Sets,Office Supplies,4.0,4.62,20.0,East
2014-12-15,CA-2014-129938,"Global Wood Trimmed Manager's Task Chair, Khaki",Furniture,7.0,63.69,30.0,East
2017-12-28,CA-2017-135111,Staples in misc. colors,Office Supplies,1.0,2.48,0.0,Central
2017-12-28,CA-2017-135111,Wilson Jones Impact Binders,Office Supplies,5.0,5.18,0.0,Central
2015-12-19,US-2015-134558,Xerox 1903,Office Supplies,5.0,5.98,0.0,East
2015-12-19,US-2015-134558,Logitech diNovo Edge Keyboard,Technology,9.0,249.99,0.0,East
2015-12-19,US-2015-134558,Bretford Rectangular Conference Table Tops,Furniture,4.0,263.29,30.0,East
2017-11-05,CA-2017-157196,Xerox 1996,Office Supplies,2.0,6.48,0.0,West
2015-09-10,CA-2015-108672,"Seth Thomas 13 1/2"" Wall Clock",Furniture,6.0,17.78,0.0,West
2017-11-16,US-2017-118598,iOttie HLCRIO102 Car Mount,Technology,6.0,19.99,0.0,East
2017-09-11,US-2017-160836,Xerox 1953,Office Supplies,3.0,3.42,20.0,Central
2017-09-11,US-2017-160836,Bevis Round Conference Table Top & Single Column Base,Furniture,5.0,102.44,30.0,Central
2017-09-11,US-2017-160836,"Commercial WindTunnel Clean Air Upright Vacuum, Replacement Belts, Filtration Bags",Office Supplies,2.0,0.78,80.0,Central
2017-07-14,CA-2017-121048,Acco Suede Grain Vinyl Round Ring Binder,Office Supplies,2.0,2.22,20.0,West
2017-07-14,CA-2017-121048,"Deflect-o RollaMat Studded, Beveled Mat for Medium Pile Carpeting",Furniture,3.0,92.23,0.0,West
2017-07-14,CA-2017-121048,"OIC Binder Clips, Mini, 1/4"" Capacity, Black",Office Supplies,4.0,1.24,0.0,West
2017-07-14,CA-2017-121048,"BOSTON Model 1800 Electric Pencil Sharpeners, Putty/Woodgrain",Office Supplies,4.0,17.98,0.0,West
2017-07-14,CA-2017-121048,"Eldon 200 Class Desk Accessories, Burgundy",Furniture,3.0,6.28,0.0,West
2017-07-14,CA-2017-121048,Sony Micro Vault Click 8 GB USB 2.0 Flash Drive,Technology,3.0,46.99,0.0,West
2017-07-14,CA-2017-121048,GE 30524EE4,Technology,3.0,156.79,20.0,West
2017-03-30,US-2017-120147,Manco Dry-Lighter Erasable Highlighter,Office Supplies,2.0,3.04,0.0,West
2017-03-30,US-2017-120147,AT&T CL83451 4-Handset Telephone,Technology,1.0,164.79,20.0,West
2016-01-31,CA-2016-158043,Staple envelope,Office Supplies,2.0,11.68,0.0,East
2017-06-08,US-2017-106579,"GBC Twin Loop Wire Binding Elements, 9/16"" Spine, Black",Office Supplies,4.0,3.04,80.0,Central
2014-11-02,CA-2014-115889,AT&T CL82213,Technology,2.0,23.19,20.0,West
2014-11-02,CA-2014-115889,Adjustable Depth Letter/Legal Cart,Office Supplies,2.0,181.46,0.0,West
2017-07-14,US-2017-161935,Xerox 1950,Office Supplies,2.0,4.62,20.0,East
2017-07-14,US-2017-161935,Samsung Galaxy S III - 16GB - pebble blue (T-Mobile),Technology,9.0,209.99,40.0,East
2017-07-14,US-2017-161935,"Tenex File Box, Personal Filing Tote with Lid, Black",Office Supplies,5.0,12.41,20.0,East
2017-07-14,US-2017-161935,"GE 48"" Fluorescent Tube, Cool White Energy Saver, 34 Watts, 30/Box",Furniture,5.0,79.38,20.0,East
2017-07-14,US-2017-161935,"SAFCO Mobile Desk Side File, Wire Frame",Office Supplies,7.0,34.21,20.0,East
2017-07-14,US-2017-161935,Crayola Colored Pencils,Office Supplies,5.0,2.62,20.0,East
2017-12-09,US-2017-167920,"XtraLife ClearVue Slant-D Ring Binder, White, 3""",Office Supplies,2.0,14.68,0.0,South
2017-12-09,US-2017-167920,Belkin F9M820V08 8 Outlet Surge,Office Supplies,5.0,42.98,0.0,South
2017-12-09,US-2017-167920,"Avery Durable Slant Ring Binders, No Labels",Office Supplies,4.0,3.98,0.0,South
2017-12-09,US-2017-167920,Logitech ClearChat Comfort/USB Headset H390,Technology,5.0,29.29,0.0,South
2017-12-09,US-2017-167920,Eldon Gobal File Keepers,Office Supplies,1.0,15.14,0.0,South
2017-12-09,US-2017-167920,Avery 492,Office Supplies,2.0,2.88,0.0,South
2017-12-09,US-2017-167920,Canon Imageclass D680 Copier / Fax,Technology,2.0,699.99,0.0,South
2016-09-05,CA-2016-162383,Recycled Easel Ring Binders,Office Supplies,2.0,4.48,70.0,East
2016-09-05,CA-2016-162383,Pressboard Hanging Data Binders for Unburst Sheets,Office Supplies,6.0,1.48,70.0,East
2016-09-05,CA-2016-162383,"Global Push Button Manager's Chair, Indigo",Furniture,2.0,42.62,30.0,East
2014-09-10,CA-2014-125731,Peel & Seel Envelopes,Office Supplies,7.0,3.1,20.0,West
2014-09-10,CA-2014-125731,GuestStacker Chair with Chrome Finish Legs,Furniture,5.0,297.41,20.0,West
2017-09-26,US-2017-106145,Staple envelope,Office Supplies,6.0,11.98,0.0,West
2017-09-26,US-2017-106145,Stackable Trays,Furniture,3.0,3.08,0.0,West
2017-09-26,US-2017-106145,Xerox 1895,Office Supplies,6.0,5.98,0.0,West
2017-09-26,US-2017-106145,"Wilson Jones Hanging View Binder, White, 1""",Office Supplies,3.0,5.68,20.0,West
2017-09-26,US-2017-106145,Fellowes PB300 Plastic Comb Binding Machine,Office Supplies,3.0,310.39,20.0,West
2016-06-17,CA-2016-107146,"Rubbermaid ClusterMat Chairmats, Mat Size- 66"" x 60"", Lip 20"" x 11"" -90 Degree Angle",Furniture,3.0,88.78,20.0,West
2016-06-17,CA-2016-107146,"Global Manager's Adjustable Task Chair, Storm",Furniture,4.0,120.78,20.0,West
2017-02-25,US-2017-134642,"Global High-Back Leather Tilter, Burgundy",Furniture,2.0,98.39,20.0,South
2017-02-25,US-2017-134642,"Bush Westfield Collection Bookcases, Medium Cherry Finish",Furniture,5.0,46.38,20.0,South
2017-03-31,US-2017-160143,Acme Tagit Stainless Steel Antibacterial Scissors,Office Supplies,3.0,9.9,0.0,West
2017-12-03,CA-2017-103415,Tensor Brushed Steel Torchiere Floor Lamp,Furniture,2.0,6.8,60.0,Central
2016-02-19,CA-2016-106460,Xerox 1880,Office Supplies,2.0,35.44,0.0,West
2017-12-02,US-2017-112347,Letter Size Cart,Office Supplies,1.0,114.29,20.0,West
2017-12-02,US-2017-112347,Aluminum Screw Posts,Office Supplies,8.0,4.58,70.0,West
2017-12-02,US-2017-112347,Hon 4-Shelf Metal Bookcases,Furniture,8.0,30.29,70.0,West
2017-12-02,US-2017-112347,Seidio BD2-HK3IPH5-BK DILEX Case and Holster Combo for Apple iPhone 5/5s - Black,Technology,2.0,24.81,20.0,West
2017-12-02,US-2017-112347,"Tenex 46"" x 60"" Computer Anti-Static Chairmat, Rectangular Shaped",Furniture,6.0,84.78,20.0,West
2017-12-02,US-2017-112347,Macally Suction Cup Mount,Technology,6.0,9.56,20.0,West
2017-12-02,US-2017-112347,Hon GuestStacker Chair,Furniture,5.0,181.34,20.0,West
2014-10-10,CA-2014-103492,Motorola Droid Maxx,Technology,6.0,119.99,20.0,Central
2014-10-10,CA-2014-103492,Cisco 8x8 Inc. 6753i IP Business Phone System,Technology,7.0,107.99,20.0,Central
2014-10-10,CA-2014-103492,GBC Personal VeloBind Strips,Office Supplies,5.0,2.4,80.0,Central
2014-10-10,CA-2014-103492,Avery Non-Stick Binders,Office Supplies,1.0,0.9,80.0,Central
2016-09-05,CA-2016-136595,"Executive Impressions 12"" Wall Clock",Furniture,3.0,7.07,60.0,Central
2014-11-20,CA-2014-140396,"Peel & Seel Recycled Catalog Envelopes, Brown",Office Supplies,3.0,11.58,0.0,East
2014-11-20,CA-2014-140396,Toshiba IPT2010-SD IP Telephone,Technology,6.0,138.99,0.0,East
2014-11-20,CA-2014-140396,3M Organizer Strips,Office Supplies,3.0,4.32,20.0,East
2014-11-20,CA-2014-140396,Xerox 2000,Office Supplies,4.0,6.48,0.0,East
2014-05-10,CA-2014-114181,Bestar Classic Bookcase,Furniture,7.0,50.0,50.0,East
2014-05-10,CA-2014-114181,DIXON Ticonderoga Erasable Checking Pencils,Office Supplies,5.0,4.46,20.0,East
2017-11-27,CA-2017-159506,Xerox 1909,Office Supplies,6.0,26.38,0.0,Central
2017-11-27,CA-2017-159506,GBC DocuBind P100 Manual Binding Machine,Office Supplies,3.0,165.98,0.0,Central
2014-11-01,US-2014-137155,Kensington 7 Outlet MasterPiece Power Center,Office Supplies,3.0,177.98,0.0,East
2014-11-01,US-2014-137155,Xerox 1934,Office Supplies,3.0,55.98,0.0,East
2014-11-01,US-2014-137155,"Master Big Foot Doorstop, Beige",Furniture,6.0,5.28,0.0,East
2016-12-30,CA-2016-105746,"Hon Deluxe Fabric Upholstered Stacking Chairs, Rounded Back",Furniture,1.0,170.79,30.0,East
2016-09-03,US-2016-104815,"Safco Value Mate Steel Bookcase, Baked Enamel Finish on Steel, Black",Furniture,4.0,49.69,30.0,Central
2017-10-05,CA-2017-157672,Logitech MX Performance Wireless Mouse,Technology,2.0,31.91,20.0,West
2016-01-30,US-2016-166660,Global Deluxe High-Back Office Chair in Storm,Furniture,4.0,108.79,20.0,West
2016-01-30,US-2016-166660,O'Sullivan 2-Shelf Heavy-Duty Bookcases,Furniture,1.0,48.58,0.0,West
2017-04-21,CA-2017-140802,Logitech LS21 Speaker System - PC Multimedia - 2.1-CH - Wired,Technology,3.0,15.99,20.0,Central
2017-04-21,CA-2017-140802,Xerox 230,Office Supplies,4.0,5.18,20.0,Central
2014-12-05,CA-2014-133830,Prang Colored Pencils,Office Supplies,9.0,2.94,0.0,West
2014-12-05,CA-2014-133830,Xerox 1933,Office Supplies,4.0,12.28,0.0,West
2014-12-05,CA-2014-133830,Advantus Plastic Paper Clips,Office Supplies,3.0,5.0,0.0,West
2014-10-21,CA-2014-100916,"Eldon Base for stackable storage shelf, platinum",Office Supplies,5.0,38.94,0.0,South
2014-10-21,CA-2014-100916,Hon 2111 Invitation Series Straight Table,Furniture,4.0,147.83,0.0,South
2014-10-21,CA-2014-100916,SANFORD Liquid Accent Tank-Style Highlighters,Office Supplies,1.0,2.84,0.0,South
2015-12-08,CA-2015-129532,"Stur-D-Stor Shelving, Vertical 5-Shelf: 72""H x 36""W x 18 1/2""D",Office Supplies,2.0,110.98,0.0,West
2015-12-08,CA-2015-129532,WD My Passport Ultra 500GB Portable External Hard Drive,Technology,4.0,59.0,0.0,West
2014-11-02,CA-2014-134726,"Maxell 74 Minute CD-R Spindle, 50/Pack",Technology,2.0,20.97,0.0,West
2014-11-02,CA-2014-134726,Samsung Rugby III,Technology,1.0,52.79,20.0,West
2016-12-18,CA-2016-138597,Hon Every-Day Series Multi-Task Chairs,Furniture,3.0,187.98,0.0,Central
2015-11-23,CA-2015-123113,"Sanyo Counter Height Refrigerator with Crisper, 3.6 Cubic Foot, Stainless Steel/Black",Office Supplies,8.0,328.14,0.0,East
2015-11-23,CA-2015-123113,Newell 315,Office Supplies,3.0,5.98,0.0,East
2015-08-13,CA-2015-169656,Fellowes High-Stak Drawer Files,Office Supplies,3.0,140.95,20.0,East
2015-04-16,CA-2015-142734,Novimex Turbo Task Chair,Furniture,2.0,63.88,10.0,East
2014-03-21,CA-2014-163223,Samsung Galaxy S4 Active,Technology,7.0,499.99,0.0,South
2014-03-21,CA-2014-163223,Avery 492,Office Supplies,5.0,2.88,0.0,South
2014-03-21,CA-2014-163223,Xerox 1919,Office Supplies,3.0,40.99,0.0,South
2014-03-21,CA-2014-163223,American Pencil,Office Supplies,4.0,2.33,0.0,South
2014-03-21,CA-2014-163223,"Wilson Jones Ledger-Size, Piano-Hinge Binder, 2"", Blue",Office Supplies,3.0,40.98,0.0,South
2017-11-16,CA-2017-122945,DAX Cubicle Frames - 8x10,Furniture,3.0,5.77,0.0,West
2015-09-25,CA-2015-139738,Boston KS Multi-Size Manual Pencil Sharpener,Office Supplies,7.0,18.39,20.0,Central
2016-09-05,CA-2016-158778,"6"" Cubicle Wall Clock, Black",Furniture,9.0,6.47,20.0,East
2016-09-05,CA-2016-158778,"Global Task Chair, Black",Furniture,2.0,35.62,30.0,East
2016-09-05,CA-2016-158778,Newell 329,Office Supplies,3.0,2.62,20.0,East
2016-09-05,CA-2016-158778,Global Comet Stacking Arm Chair,Furniture,3.0,295.76,30.0,East
2017-04-20,CA-2017-119655,Premium Transparent Presentation Covers by GBC,Office Supplies,7.0,20.98,0.0,Central
2017-04-20,CA-2017-119655,Cardinal EasyOpen D-Ring Binders,Office Supplies,4.0,9.14,0.0,Central
2015-06-15,CA-2015-164567,Jabra SPEAK 410,Technology,3.0,75.19,20.0,West
2014-09-17,CA-2014-131947,Newell 313,Office Supplies,2.0,2.62,20.0,West
2014-09-17,CA-2014-131947,Boston 16701 Slimline Battery Pencil Sharpener,Office Supplies,3.0,12.75,20.0,West
2014-09-17,CA-2014-131947,Riverleaf Stik-Withit Designer Note Cubes,Office Supplies,5.0,8.05,20.0,West
2014-09-17,CA-2014-131947,Plantronics Single Ear Headset,Technology,5.0,5.98,70.0,West
2014-09-17,CA-2014-131947,Xerox 1960,Office Supplies,6.0,24.78,20.0,West
2014-09-17,CA-2014-131947,"Verbatim 25 GB 6x Blu-ray Single Layer Recordable Disc, 3/Pack",Technology,10.0,5.59,20.0,West
2016-07-08,CA-2016-152520,Xerox 213,Office Supplies,2.0,6.48,0.0,East
2016-05-27,CA-2016-101791,36X48 HARDFLOOR CHAIRMAT,Furniture,3.0,8.39,60.0,Central
2016-05-27,CA-2016-101791,G.E. Halogen Desk Lamp Bulbs,Furniture,2.0,2.79,60.0,Central
2016-05-27,CA-2016-101791,Standard Rollaway File with Lock,Office Supplies,9.0,144.15,20.0,Central
2017-12-24,CA-2017-121195,Economy Rollaway Files,Office Supplies,2.0,132.16,20.0,Central
2017-05-03,CA-2017-163209,Xerox 2,Office Supplies,4.0,6.48,0.0,West
2017-05-03,CA-2017-163209,Newell 350,Office Supplies,7.0,3.28,0.0,West
2014-02-22,CA-2014-133354,Xerox 220,Office Supplies,3.0,6.48,0.0,West
2015-02-08,US-2015-130491,"Wirebound Message Books, Four 2 3/4 x 5 Forms per Page, 200 Sets per Book",Office Supplies,2.0,4.77,0.0,Central
2015-02-08,US-2015-130491,"Advantus Push Pins, Aluminum Head",Office Supplies,1.0,5.81,0.0,Central
2015-02-08,US-2015-130491,"Sanford Colorific Colored Pencils, 12/Box",Office Supplies,2.0,2.88,0.0,Central
2015-08-24,CA-2015-113740,"DAX Value U-Channel Document Frames, Easel Back",Furniture,3.0,4.97,0.0,East
2014-11-30,CA-2014-148425,"Avery Triangle Shaped Sheet Lifters, Black, 2/Pack",Office Supplies,9.0,0.74,70.0,South
2016-12-10,CA-2016-144309,"Wirebound Message Books, Four 2 3/4"" x 5"" Forms per Page, 600 Sets per Book",Office Supplies,2.0,9.27,0.0,East
2016-12-10,CA-2016-144309,Fellowes PB200 Plastic Comb Binding Machine,Office Supplies,5.0,135.99,20.0,East
2017-10-27,CA-2017-151225,Chromcraft Rectangular Conference Tables,Furniture,1.0,189.58,20.0,West
2017-10-27,CA-2017-151225,Griffin GC17055 Auxiliary Audio Cable,Technology,5.0,14.39,20.0,West
2014-11-25,US-2014-144078,Logitech Mobile Speakerphone P710e - speaker phone,Technology,5.0,107.98,20.0,West
2014-11-25,US-2014-144078,Hon GuestStacker Chair,Furniture,4.0,181.34,20.0,West
2014-11-25,US-2014-144078,Staples in misc. colors,Office Supplies,3.0,2.48,0.0,West
2014-07-14,CA-2014-124464,Belkin 7 Outlet SurgeMaster II,Office Supplies,1.0,39.48,0.0,East
2015-05-23,CA-2015-136805,Harmony Air Purifier,Office Supplies,5.0,170.1,10.0,Central
2015-05-23,CA-2015-136805,Westinghouse Clip-On Gooseneck Lamps,Furniture,9.0,8.37,0.0,Central
2015-11-21,US-2015-159499,Fellowes Command Center 5-outlet power strip,Office Supplies,6.0,54.27,20.0,West
2015-11-21,US-2015-159499,Belkin Standard 104 key USB Keyboard,Technology,2.0,11.67,20.0,West
2015-11-21,US-2015-159499,Avery 506,Office Supplies,5.0,3.3,20.0,West
2014-03-30,CA-2014-162089,Airmail Envelopes,Office Supplies,5.0,67.14,20.0,Central
2014-03-30,CA-2014-162089,Innergie mMini Combo Duo USB Travel Charging Kit,Technology,7.0,35.99,20.0,Central
2014-03-30,CA-2014-162089,"Global Stack Chair without Arms, Black",Furniture,7.0,18.19,30.0,Central
2017-12-29,US-2017-158526,DMI Arturo Collection Mission-style Design Wood Chair,Furniture,8.0,150.98,0.0,South
2017-12-29,US-2017-158526,GBC ProClick Spines for 32-Hole Punch,Office Supplies,1.0,12.53,0.0,South
2017-12-29,US-2017-158526,Panasonic KP-350BK Electric Pencil Sharpener with Auto Stop,Office Supplies,1.0,34.58,0.0,South
2017-12-29,US-2017-158526,"Global Leather and Oak Executive Chair, Black",Furniture,1.0,300.98,0.0,South
2017-12-29,US-2017-158526,Harbour Creations Steel Folding Chair,Furniture,3.0,86.25,0.0,South
2017-03-02,CA-2017-104885,Newell 34,Office Supplies,3.0,19.84,0.0,East
2017-03-02,CA-2017-104885,Staple envelope,Office Supplies,7.0,8.28,0.0,East
2017-03-02,CA-2017-104885,"Bush Cubix Collection Bookcases, Fully Assembled",Furniture,2.0,220.98,0.0,East
2017-03-02,CA-2017-104885,Easy-staple paper,Office Supplies,6.0,11.34,0.0,East
2016-10-06,US-2016-157490,Zebra GK420t Direct Thermal/Thermal Transfer Printer,Technology,6.0,117.29,70.0,West
2016-10-06,US-2016-157490,Recycled Easel Ring Binders,Office Supplies,4.0,4.48,70.0,West
2016-10-06,US-2016-157490,"Avery Framed View Binder, EZD Ring (Locking), Navy, 1 1/2""",Office Supplies,4.0,2.99,70.0,West
2016-10-06,US-2016-157490,"Memorex 25GB 6X Branded Blu-Ray Recordable Disc, 15/Pack",Technology,5.0,13.59,20.0,West
2015-04-05,CA-2015-161452,GuestStacker Chair with Chrome Finish Legs,Furniture,3.0,297.41,20.0,West
2014-09-09,US-2014-115196,"3D Systems Cube Printer, 2nd Generation, White",Technology,2.0,650.0,50.0,South
2016-03-15,CA-2016-138968,Avery Round Ring Poly Binders,Office Supplies,2.0,2.27,20.0,West
2016-03-15,CA-2016-138968,Global Comet Stacking Arm Chair,Furniture,4.0,338.01,20.0,West
2015-12-27,CA-2015-101889,"Riverside Furniture Oval Coffee Table, Oval End Table, End Table with Drawer",Furniture,9.0,172.11,40.0,East
2015-12-27,CA-2015-101889,Staple envelope,Office Supplies,3.0,6.62,20.0,East
2017-08-07,CA-2017-110821,Logitech K350 2.4Ghz Wireless Keyboard,Technology,3.0,39.82,20.0,Central
2017-08-07,CA-2017-110821,Safco Industrial Shelving,Office Supplies,2.0,59.08,20.0,Central
2015-03-22,CA-2015-121552,Newell 316,Office Supplies,4.0,4.89,0.0,South
2015-11-30,CA-2015-107685,"DAX Contemporary Wood Frame with Silver Metal Mat, Desktop, 11 x 14 Size",Furniture,4.0,20.24,0.0,West
2015-11-30,CA-2015-107685,Xerox 1997,Office Supplies,4.0,6.48,0.0,West
2014-04-15,US-2014-120740,Belkin F9G930V10-GRY 9 Outlet Surge,Office Supplies,2.0,53.48,0.0,West
2014-04-15,US-2014-120740,"Howard Miller 13"" Diameter Goldtone Round Wall Clock",Furniture,4.0,46.94,0.0,West
2017-07-30,CA-2017-155740,GBC ProClick Punch Binding System,Office Supplies,4.0,19.19,70.0,East
2017-06-01,CA-2017-146493,"GBC Standard Recycled Report Covers, Clear Plastic Sheets",Office Supplies,5.0,10.78,0.0,Central
2014-01-07,CA-2014-105417,"Howard Miller 14-1/2"" Diameter Chrome Round Wall Clock",Furniture,3.0,25.58,60.0,Central
2014-01-07,CA-2014-105417,"Acco Four Pocket Poly Ring Binder with Label Holder, Smoke, 1""",Office Supplies,7.0,1.49,80.0,Central
2017-09-29,US-2017-141509,Newell 334,Office Supplies,5.0,19.84,0.0,West
2017-09-13,CA-2017-139493,Fluorescent Highlighters by Dixon,Office Supplies,5.0,3.18,20.0,South
2014-10-22,CA-2014-151967,Tenex Chairmats For Use with Hard Floors,Furniture,4.0,32.48,0.0,South
2016-10-04,US-2016-140158,Ibico Plastic Spiral Binding Combs,Office Supplies,1.0,30.4,0.0,East
2016-10-04,US-2016-140158,Hewlett Packard LaserJet 3310 Copier,Technology,9.0,599.99,0.0,East
2016-10-04,US-2016-140158,Letter Size File,Office Supplies,3.0,39.7,0.0,East
2015-11-27,CA-2015-130974,Xerox 1977,Office Supplies,6.0,6.68,0.0,East
2015-11-27,CA-2015-130974,Xerox 1884,Office Supplies,3.0,19.98,0.0,East
2015-11-27,CA-2015-130974,Logitech G35 7.1-Channel Surround Sound Headset,Technology,2.0,129.99,0.0,East
2015-11-27,CA-2015-130974,"Rush Hierlooms Collection 1"" Thick Stackable Bookcases",Furniture,1.0,170.98,0.0,East
2015-11-27,CA-2015-130974,"Tensor ""Hersey Kiss"" Styled Floor Lamp",Furniture,3.0,12.99,0.0,East
2015-11-27,CA-2015-130974,Xerox 197,Office Supplies,5.0,30.98,0.0,East
2015-11-27,CA-2015-130974,Hon Non-Folding Utility Tables,Furniture,4.0,111.52,30.0,East
2017-05-06,CA-2017-133487,Eureka The Boss Cordless Rechargeable Stick Vac,Office Supplies,3.0,50.98,0.0,West
2014-10-08,CA-2014-142951,"Maxell 74 Minute CDR, 10/Pack",Technology,3.0,7.82,20.0,South
2014-12-31,CA-2014-133592,Xerox 1917,Office Supplies,4.0,48.91,0.0,East
2014-12-31,CA-2014-133592,Xerox 1970,Office Supplies,3.0,4.98,0.0,East
2014-12-31,CA-2014-133592,Plantronics Savi W720 Multi-Device Wireless Headset System,Technology,4.0,421.95,0.0,East
2014-12-31,CA-2014-133592,Sauder Inglewood Library Bookcases,Furniture,2.0,170.98,0.0,East
2014-12-31,CA-2014-133592,"Global Fabric Manager's Chair, Dark Gray",Furniture,6.0,100.98,0.0,East
2015-04-28,CA-2015-120782,Kensington 7 Outlet MasterPiece Power Center with Fax/Phone Line Protection,Office Supplies,1.0,186.73,10.0,Central
2015-04-28,CA-2015-120782,Fellowes PB500 Electric Punch Plastic Comb Binding Machine with Manual Bind,Office Supplies,3.0,1270.99,0.0,Central
2015-02-14,CA-2015-116876,"Black Avery Memo-Size 3-Ring Binder, 5 1/2"" x 8 1/2""",Office Supplies,9.0,2.94,20.0,East
2015-02-14,CA-2015-116876,Samsung Galaxy S4,Technology,1.0,625.99,0.0,East
2016-11-25,CA-2016-169838,Chromcraft Round Conference Tables,Furniture,9.0,174.29,0.0,Central
2016-11-25,CA-2016-169838,Wilson Jones International Size A4 Ring Binders,Office Supplies,1.0,17.3,0.0,Central
2016-11-25,CA-2016-169838,Memorex Mini Travel Drive 32 GB USB 2.0 Flash Drive,Technology,8.0,20.0,0.0,Central
2017-07-15,US-2017-128951,Belkin 8 Outlet SurgeMaster II Gold Surge Protector,Office Supplies,3.0,59.98,0.0,South
2017-07-15,US-2017-128951,Hon 5100 Series Wood Tables,Furniture,3.0,290.98,0.0,South
2017-07-15,US-2017-128951,Xerox 1999,Office Supplies,2.0,6.48,0.0,South
2014-12-29,CA-2014-102330,Alphabetical Labels for Top Tab Filing,Office Supplies,6.0,14.8,0.0,West
2014-12-29,CA-2014-102330,HTC One,Technology,4.0,79.99,20.0,West
2016-03-22,CA-2016-118899,"Global Stack Chair with Arms, Black",Furniture,7.0,23.98,20.0,West
2017-07-02,CA-2017-107958,"White Dual Perf Computer Printout Paper, 2700 Sheets, 1 Part, Heavyweight, 20 lbs., 14 7/8 x 11",Office Supplies,5.0,32.79,20.0,Central
2017-07-02,CA-2017-107958,Wilson Jones Four-Pocket Poly Binders,Office Supplies,4.0,1.31,80.0,Central
2017-12-14,CA-2017-151799,Canon PC1080F Personal Copier,Technology,2.0,599.99,0.0,East
2017-12-14,CA-2017-151799,Safco Industrial Shelving,Office Supplies,1.0,73.85,0.0,East
2017-12-14,CA-2017-151799,Acme Office Executive Series Stainless Steel Trimmers,Office Supplies,3.0,8.57,0.0,East
2017-12-14,CA-2017-151799,"Acco Banker's Clasps, 5 3/4""-Long",Office Supplies,6.0,2.88,0.0,East
2017-12-14,CA-2017-151799,Bretford Rectangular Conference Table Tops,Furniture,2.0,263.29,30.0,East
2016-08-26,CA-2016-114601,Xerox 1950,Office Supplies,2.0,5.78,0.0,Central
2016-08-26,CA-2016-114601,ClearSounds CSC500 Amplified Spirit Phone Corded phone,Technology,3.0,69.99,0.0,Central
2016-08-26,CA-2016-114601,Hon 4060 Series Tables,Furniture,4.0,111.96,0.0,Central
2016-08-26,CA-2016-114601,NETGEAR AC1750 Dual Band Gigabit Smart WiFi Router,Technology,3.0,159.99,0.0,Central
2016-08-26,CA-2016-114601,Newell 335,Office Supplies,3.0,2.88,0.0,Central
2017-10-15,CA-2017-100237,Avery Hi-Liter Smear-Safe Highlighters,Office Supplies,2.0,5.84,0.0,West
2014-10-25,CA-2014-139542,"Memorex 25GB 6X Branded Blu-Ray Recordable Disc, 15/Pack",Technology,3.0,13.59,20.0,East
2014-10-25,CA-2014-139542,"GBC Twin Loop Wire Binding Elements, 9/16"" Spine, Black",Office Supplies,3.0,4.57,70.0,East
2015-04-02,US-2015-142811,Samsung HM1900 Bluetooth Headset,Technology,5.0,17.56,20.0,West
2017-10-28,CA-2017-139353,"Computer Room Manger, 14""",Furniture,3.0,25.98,20.0,South
2017-10-28,CA-2017-139353,"Gould Plastics 18-Pocket Panel Bin, 34w x 5-1/4d x 20-1/2h",Office Supplies,2.0,73.59,20.0,South
2017-10-28,CA-2017-139353,Xerox 1936,Office Supplies,3.0,15.98,20.0,South
2014-12-05,CA-2014-150203,Fellowes 8 Outlet Superior Workstation Surge Protector,Office Supplies,6.0,41.71,0.0,West
2017-11-03,US-2017-101518,"Memorex 25GB 6X Branded Blu-Ray Recordable Disc, 15/Pack",Technology,3.0,13.59,20.0,East
2015-01-06,CA-2015-149636,"It's Hot Message Books with Stickers, 2 3/4"" x 5""",Office Supplies,5.0,5.92,20.0,West
2015-01-06,CA-2015-149636,Recycled Pressboard Report Cover with Reinforced Top Hinge,Office Supplies,2.0,0.97,70.0,West
2017-09-09,US-2017-146213,Microsoft Wireless Mobile Mouse 4000,Technology,4.0,39.99,0.0,West
2015-01-05,CA-2015-108588,Newell 34,Office Supplies,3.0,19.84,0.0,East
2015-01-05,CA-2015-108588,"#10- 4 1/8"" x 9 1/2"" Recycled Envelopes",Office Supplies,2.0,8.74,0.0,East
2015-01-05,CA-2015-108588,Wilson Jones data.warehouse D-Ring Binders with DublLock,Office Supplies,2.0,6.58,20.0,East
2017-04-16,US-2017-138086,Hoover Commercial SteamVac,Office Supplies,3.0,13.58,0.0,West
2015-09-10,CA-2015-139374,Global Commerce Series Low-Back Swivel/Tilt Chairs,Furniture,1.0,179.89,30.0,Central
2016-09-25,CA-2016-113978,Hoover Shoulder Vac Commercial Portable Vacuum,Office Supplies,1.0,286.26,20.0,East
2016-09-25,CA-2016-113978,Eldon Gobal File Keepers,Office Supplies,2.0,12.11,20.0,East
2016-09-25,CA-2016-113978,"SAFCO Commercial Wire Shelving, Black",Office Supplies,3.0,110.51,20.0,East
2015-03-16,US-2015-150231,Avery Hi-Liter Smear-Safe Highlighters,Office Supplies,3.0,5.84,0.0,East
2016-11-26,CA-2016-106915,DIXON Ticonderoga Erasable Checking Pencils,Office Supplies,4.0,4.46,20.0,Central
2016-09-26,US-2016-109260,Logitech VX Revolution Cordless Laser Mouse for Notebooks (Black),Technology,3.0,143.99,20.0,South
2017-06-13,CA-2017-104850,"Global Wood Trimmed Manager's Task Chair, Khaki",Furniture,4.0,72.78,20.0,West
2017-09-18,CA-2017-140508,Jet-Pak Recycled Peel 'N' Seal Padded Mailers,Office Supplies,4.0,28.71,20.0,Central
2017-06-02,CA-2017-143294,Xerox 1977,Office Supplies,2.0,5.34,20.0,Central
2016-05-15,CA-2016-165673,"TOPS Voice Message Log Book, Flash Format",Office Supplies,4.0,3.81,20.0,East
2017-09-15,CA-2017-134418,BIC Brite Liner Highlighters,Office Supplies,3.0,4.14,0.0,West
2016-08-22,US-2016-106313,Xerox 202,Office Supplies,3.0,6.48,0.0,West
2014-05-30,CA-2014-105872,Wilson Jones Legal Size Ring Binders,Office Supplies,4.0,17.59,20.0,East
2017-12-18,CA-2017-108287,Newell 310,Office Supplies,9.0,1.41,20.0,South
2017-07-30,CA-2017-141103,invisibleSHIELD by ZAGG Smudge-Free Screen Protector,Technology,5.0,17.99,0.0,East
2014-11-21,CA-2014-154781,Tops Wirebound Message Log Books,Office Supplies,2.0,3.29,0.0,West
2014-11-21,CA-2014-154781,Kensington Expert Mouse Optical USB Trackball for PC or Mac,Technology,1.0,94.99,0.0,West
2015-09-24,CA-2015-147816,Samsung HM1900 Bluetooth Headset,Technology,2.0,17.56,20.0,West
2017-08-20,CA-2017-105326,Xerox 203,Office Supplies,4.0,6.48,0.0,West
2016-06-17,CA-2016-133613,Ibico Presentation Index for Binding Systems,Office Supplies,2.0,3.98,0.0,East
2016-06-17,CA-2016-133613,Wireless Extenders zBoost YX545 SOHO Signal Booster,Technology,3.0,188.99,0.0,East
2016-06-17,CA-2016-133613,Newell 35,Office Supplies,3.0,3.28,0.0,East
2015-12-19,CA-2015-109113,Maxell 4.7GB DVD+RW 3/Pack,Technology,2.0,12.74,20.0,Central
2015-05-31,CA-2015-156153,Bagged Rubber Bands,Office Supplies,6.0,1.26,0.0,East
2015-06-18,CA-2015-133242,"Seth Thomas 8 1/2"" Cubicle Clock",Furniture,3.0,20.28,0.0,South
2015-06-18,CA-2015-133242,Tennsco Double-Tier Lockers,Office Supplies,2.0,225.02,0.0,South
2015-06-18,CA-2015-133242,Wilson Jones International Size A4 Ring Binders,Office Supplies,2.0,17.3,0.0,South
2015-06-18,CA-2015-133242,Cisco SPA301,Technology,3.0,155.99,0.0,South
2015-06-18,CA-2015-133242,JM Magazine Binder,Office Supplies,2.0,16.51,0.0,South
2015-11-30,CA-2015-158323,Dana Swing-Arm Lamps,Furniture,2.0,8.54,20.0,South
2015-12-21,CA-2015-161795,"OIC #2 Pencils, Medium Soft",Office Supplies,2.0,1.5,20.0,East
2017-11-17,CA-2017-100902,Xerox 1938,Office Supplies,7.0,38.32,20.0,South
2017-11-17,CA-2017-100902,Plantronics S12 Corded Telephone Headset System,Technology,5.0,86.23,20.0,South
2017-11-13,CA-2017-112844,"LF Elite 3D Dazzle Designer Hard Case Cover, Lf Stylus Pen and Wiper For Apple Iphone 5c Mini Lite",Technology,4.0,10.9,0.0,East
2017-11-13,CA-2017-112844,"Deflect-o EconoMat Nonstudded, No Bevel Mat",Furniture,3.0,51.65,0.0,East
2016-10-24,CA-2016-158925,"Eureka Recycled Copy Paper 8 1/2"" x 11"", Ream",Office Supplies,3.0,5.18,20.0,Central
2014-12-06,CA-2014-155390,Xerox 1909,Office Supplies,2.0,21.1,20.0,South
2017-12-03,CA-2017-123071,Xerox 1998,Office Supplies,2.0,5.18,20.0,Central
2017-09-26,CA-2017-156391,Prang Drawing Pencil Set,Office Supplies,1.0,2.22,20.0,West
2015-02-03,CA-2015-103093,Staple envelope,Office Supplies,9.0,8.28,0.0,South
2017-08-12,US-2017-118941,Newell 312,Office Supplies,3.0,5.84,0.0,East
2017-08-12,US-2017-118941,Hon 4700 Series Mobuis Mid-Back Task Chairs with Adjustable Arms,Furniture,5.0,355.98,0.0,East
2017-08-12,US-2017-118941,Boston 1645 Deluxe Heavier-Duty Electric Pencil Sharpener,Office Supplies,5.0,43.98,0.0,East
2015-08-24,CA-2015-169299,"Premium Writing Pencils, Soft, #2 by Central Association for the Blind",Office Supplies,3.0,2.38,20.0,West
2017-11-12,CA-2017-154088,Xerox 1968,Office Supplies,5.0,5.34,20.0,South
2016-08-01,CA-2016-155978,Apple iPhone 5,Technology,2.0,519.86,20.0,West
2016-08-01,CA-2016-155978,Belkin F5C206VTEL 6 Outlet Surge,Office Supplies,2.0,22.98,0.0,West
2016-11-25,CA-2016-108196,GBC Ibimaster 500 Manual ProClick Binding System,Office Supplies,2.0,228.29,70.0,East
2016-11-25,CA-2016-108196,Cubify CubeX 3D Printer Double Head Print,Technology,5.0,900.0,70.0,East
2016-11-25,CA-2016-108196,NETGEAR RangeMax WNR1000 Wireless Router,Technology,3.0,19.99,20.0,East
2016-04-13,CA-2016-152800,Poly String Tie Envelopes,Office Supplies,3.0,2.04,0.0,West
2014-12-27,CA-2014-166961,Staple holder,Office Supplies,1.0,10.98,0.0,West
2014-12-27,CA-2014-166961,Staples,Office Supplies,3.0,2.62,0.0,West
2014-12-27,CA-2014-166961,Advantus Rolling Storage Box,Office Supplies,3.0,17.15,0.0,West
2014-12-27,CA-2014-166961,GBC VeloBind Cover Sets,Office Supplies,3.0,12.35,20.0,West
2016-04-18,CA-2016-139381,Eureka The Boss Cordless Rechargeable Stick Vac,Office Supplies,4.0,50.98,0.0,South
2016-04-18,CA-2016-139381,"SKILCRAFT Telephone Shoulder Rest, 2"" x 6.5"" x 2.5"", Black",Technology,4.0,7.39,0.0,South
2015-03-08,CA-2015-132136,Avery Premier Heavy-Duty Binder with Round Locking Rings,Office Supplies,3.0,2.86,80.0,Central
2016-11-04,CA-2016-162236,Eldon Portable Mobile Manager,Office Supplies,2.0,22.62,20.0,South
2016-11-04,CA-2016-162236,BPI Conference Tables,Furniture,10.0,87.63,40.0,South
2016-11-04,CA-2016-162236,Premier Electric Letter Opener,Office Supplies,2.0,92.69,20.0,South
2014-11-29,US-2014-111353,Avery 485,Office Supplies,2.0,12.53,0.0,East
2016-05-17,US-2016-117037,"Acco Recycled 2"" Capacity Laser Printer Hanging Data Binders",Office Supplies,1.0,2.89,80.0,Central
2016-05-17,US-2016-117037,Acco Hot Clips Clips to Go,Office Supplies,3.0,2.63,20.0,Central
2016-05-17,US-2016-117037,Flat Face Poster Frame,Furniture,3.0,7.54,60.0,Central
2016-05-17,US-2016-117037,"Wirebound Message Books, Four 2 3/4 x 5 Forms per Page, 200 Sets per Book",Office Supplies,8.0,3.82,20.0,Central
2017-09-19,CA-2017-160801,"Acco PRESSTEX Data Binder with Storage Hooks, Dark Blue, 9 1/2"" X 11""",Office Supplies,3.0,1.61,70.0,East
2016-12-19,CA-2016-108364,Wilson Jones Easy Flow II Sheet Lifters,Office Supplies,5.0,0.36,80.0,Central
2017-10-12,CA-2017-169362,Logitech Wireless Touch Keyboard K400,Technology,2.0,19.99,20.0,Central
2015-12-12,CA-2015-127481,Xerox 1930,Office Supplies,5.0,6.48,0.0,West
2015-12-12,CA-2015-127481,Xerox 1916,Office Supplies,2.0,48.94,0.0,West
2015-07-12,CA-2015-112711,Vtech CS6719,Technology,4.0,76.79,20.0,Central
2015-10-02,US-2015-145121,"Acco PRESSTEX Data Binder with Storage Hooks, Dark Blue, 14 7/8"" X 11""",Office Supplies,5.0,5.38,0.0,East
2017-03-24,CA-2017-166184,"#10 White Business Envelopes,4 1/8 x 9 1/2",Office Supplies,3.0,15.67,0.0,East
2017-03-24,CA-2017-166184,Samsung Galaxy S4 Mini,Technology,1.0,469.99,0.0,East
2017-03-24,CA-2017-166184,Global Deluxe Steno Chair,Furniture,3.0,69.28,10.0,East
2017-06-01,CA-2017-157413,"Tennsco Stur-D-Stor Boltless Shelving, 5 Shelves, 24"" Deep, Sand",Office Supplies,3.0,108.25,20.0,East
2014-03-24,CA-2014-143637,"DAX Contemporary Wood Frame with Silver Metal Mat, Desktop, 11 x 14 Size",Furniture,2.0,20.24,0.0,West
2015-09-22,CA-2015-102260,Avery 510,Office Supplies,4.0,3.0,20.0,South
2015-09-22,CA-2015-102260,Tennsco Double-Tier Lockers,Office Supplies,4.0,180.02,20.0,South
2015-09-22,CA-2015-102260,"Safco Wire Cube Shelving System, For Use as 4 or 5 14"" Cubes, Black",Office Supplies,1.0,25.42,20.0,South
2015-09-22,CA-2015-102260,Newell 310,Office Supplies,2.0,1.41,20.0,South
2015-09-22,CA-2015-102260,"Pressboard Data Binder, Crimson, 12"" X 8 1/2""",Office Supplies,2.0,1.6,70.0,South
2016-01-08,US-2016-137295,"XtraLife ClearVue Slant-D Ring Binder, White, 3""",Office Supplies,7.0,4.4,70.0,South
2016-01-08,US-2016-137295,Newell 319,Office Supplies,3.0,15.87,20.0,South
2016-01-08,US-2016-137295,Avaya 5410 Digital phone,Technology,2.0,54.39,20.0,South
2016-02-14,CA-2016-134334,"Wirebound Message Books, Four 2 3/4 x 5 Forms per Page, 200 Sets per Book",Office Supplies,1.0,4.77,0.0,East
2016-02-14,CA-2016-134334,Economy #2 Pencils,Office Supplies,3.0,2.66,0.0,East
2016-02-14,CA-2016-134334,Bevis Boat-Shaped Conference Table,Furniture,3.0,183.48,30.0,East
2016-02-14,CA-2016-134334,Regeneration Desk Collection,Furniture,6.0,1.76,0.0,East
2017-06-08,US-2017-109316,"Riverside Palais Royal Lawyers Bookcase, Royale Cherry Finish",Furniture,2.0,748.83,15.0,West
2017-06-08,US-2017-109316,Shocksock Galaxy S4 Armband,Technology,2.0,8.76,20.0,West
2016-10-21,CA-2016-138478,Panasonic KP-150 Electric Pencil Sharpener,Office Supplies,3.0,37.74,0.0,West
2016-10-21,CA-2016-138478,Xerox 193,Office Supplies,6.0,5.98,0.0,West
2016-10-21,CA-2016-138478,Ibico EPK-21 Electric Binding System,Office Supplies,3.0,1511.99,20.0,West
2017-01-26,CA-2017-150469,Binder Clips by OIC,Office Supplies,8.0,1.48,0.0,West
2017-12-08,CA-2017-152436,"Recycled Data-Pak for Archival Bound Computer Printouts, 12-1/2 x 12-1/2 x 16",Office Supplies,6.0,98.79,0.0,East
2016-10-21,CA-2016-169334,"Tenex Personal Filing Tote With Secure Closure Lid, Black/Frost",Office Supplies,9.0,12.41,20.0,South
2014-08-26,US-2014-115413,Newell 340,Office Supplies,3.0,2.88,0.0,East
2014-08-26,US-2014-115413,Plantronics Audio 478 Stereo USB Headset,Technology,3.0,49.99,0.0,East
2014-05-16,CA-2014-125150,"Iceberg Nesting Folding Chair, 19w x 6d x 43h",Furniture,5.0,46.58,20.0,West
2015-02-03,CA-2015-127327,"Global Fabric Manager's Chair, Dark Gray",Furniture,1.0,90.88,10.0,East
2017-10-31,CA-2017-117114,ClearOne Communications CHAT 70 OC Speaker Phone,Technology,4.0,127.19,20.0,Central
2017-10-31,CA-2017-117114,"#10 Gummed Flap White Envelopes, 100/Box",Office Supplies,3.0,3.3,20.0,Central
2015-04-26,CA-2015-137302,SAFCO Optional Arm Kit for Workspace Cribbage Stacking Chair,Furniture,3.0,21.31,20.0,West
2015-04-26,CA-2015-137302,Newell 345,Office Supplies,3.0,19.84,0.0,West
2015-04-26,CA-2015-137302,RCA ViSYS 25825 Wireless digital phone,Technology,3.0,103.99,20.0,West
2015-04-26,CA-2015-137302,GBC Premium Transparent Covers with Diagonal Lined Pattern,Office Supplies,3.0,16.78,20.0,West
2016-05-09,CA-2016-112382,I Need's 3d Hello Kitty Hybrid Silicone Case Cover for HTC One X 4g with 3d Hello Kitty Stylus Pen Green/pink,Technology,2.0,9.57,20.0,Central
2015-01-24,CA-2015-128958,Crayola Colored Pencils,Office Supplies,5.0,2.62,20.0,South
2015-04-13,CA-2015-106257,"Iceberg OfficeWorks 42"" Round Tables",Furniture,2.0,120.78,20.0,West
2015-04-13,CA-2015-106257,Polycom CX600 IP Phone VoIP phone,Technology,2.0,239.96,20.0,West
2015-09-25,CA-2015-149083,Global Super Steno Chair,Furniture,4.0,76.78,20.0,West
2015-09-25,CA-2015-149083,"Permanent Self-Adhesive File Folder Labels for Typewriters, 1 1/8 x 3 1/2, White",Office Supplies,2.0,6.3,0.0,West
2015-09-25,CA-2015-149083,Logitech G602 Wireless Gaming Mouse,Technology,2.0,79.99,0.0,West
2014-03-28,US-2014-137869,Poly String Tie Envelopes,Office Supplies,3.0,2.04,0.0,Central
2014-03-28,US-2014-137869,Hon 94000 Series Round Tables,Furniture,4.0,296.18,0.0,Central
2016-07-17,CA-2016-116603,Belkin F5C206VTEL 6 Outlet Surge,Office Supplies,2.0,22.98,0.0,East
2014-04-19,CA-2014-158470,GBC Durable Plastic Covers,Office Supplies,3.0,19.35,0.0,South
2014-04-19,CA-2014-158470,Xerox 232,Office Supplies,11.0,6.48,0.0,South
2017-07-21,US-2017-123834,Hon 61000 Series Interactive Training Tables,Furniture,4.0,31.1,30.0,Central
2015-09-27,CA-2015-125976,Xerox 1988,Office Supplies,5.0,30.98,0.0,South
2015-09-27,CA-2015-125976,Cisco SPA301,Technology,12.0,155.99,0.0,South
2016-02-27,CA-2016-128706,DAX Two-Tone Silver Metal Document Frame,Furniture,2.0,8.1,60.0,Central
2016-05-02,CA-2016-104311,Akro Stacking Bins,Office Supplies,3.0,6.31,20.0,Central
2016-05-02,CA-2016-104311,Sterilite Show Offs Storage Containers,Office Supplies,3.0,4.22,20.0,Central
2016-05-02,CA-2016-104311,Avery 502,Office Supplies,2.0,2.52,20.0,Central
2014-12-09,CA-2014-169649,Astroparche Fine Business Paper,Office Supplies,2.0,4.22,20.0,Central
2014-12-09,CA-2014-169649,Tripp Lite TLP810NET Broadband Surge for Modem/Fax,Office Supplies,2.0,10.19,80.0,Central
2015-12-25,CA-2015-144890,Xerox 1949,Office Supplies,2.0,4.98,0.0,West
2017-12-07,CA-2017-135587,"Eureka The Boss Lite 10-Amp Upright Vacuum, Blue",Office Supplies,4.0,80.16,0.0,South
2017-12-07,CA-2017-135587,Memorex Micro Travel Drive 8 GB,Technology,4.0,13.0,0.0,South
2014-05-30,CA-2014-103429,"GBC Pre-Punched Binding Paper, Plastic, White, 8-1/2"" x 11""",Office Supplies,2.0,12.79,20.0,East
2014-05-30,CA-2014-103429,Geemarc AmpliPOWER60,Technology,5.0,92.8,0.0,East
2014-05-30,CA-2014-103429,Honeywell Quietcare HEPA Air Cleaner,Office Supplies,3.0,78.65,0.0,East
2014-05-30,CA-2014-103429,Xerox 1948,Office Supplies,4.0,9.99,0.0,East
2017-03-02,CA-2017-152261,GBC VeloBind Cover Sets,Office Supplies,4.0,4.63,70.0,East
2015-10-12,CA-2015-142993,Kingston Digital DataTraveler 16GB USB 2.0,Technology,2.0,8.95,0.0,West
2015-10-12,CA-2015-142993,"Contico 72""H Heavy-Duty Storage System",Office Supplies,2.0,40.98,0.0,West
2015-07-14,CA-2015-143364,SAFCO Boltless Steel Shelving,Office Supplies,3.0,90.91,20.0,West
2015-07-14,CA-2015-143364,Xerox 1899,Office Supplies,4.0,4.62,20.0,West
2015-07-14,CA-2015-143364,SAFCO Arco Folding Chair,Furniture,2.0,220.96,20.0,West
2015-07-14,CA-2015-143364,"Hon Metal Bookcases, Black",Furniture,6.0,21.29,70.0,West
2014-11-19,CA-2014-100972,Xerox 1888,Office Supplies,3.0,55.48,0.0,West
2016-05-27,CA-2016-136994,"Wirebound Message Books, Four 2 3/4 x 5 White Forms per Page",Office Supplies,2.0,6.69,0.0,West
2017-07-03,US-2017-166233,Imation 8gb Micro Traveldrive Usb 2.0 Flash Drive,Technology,2.0,12.0,20.0,South
2017-09-25,CA-2017-122112,Security-Tint Envelopes,Office Supplies,4.0,6.11,20.0,East
2016-10-03,CA-2016-101672,Smead Alpha-Z Color-Coded Second Alphabetical Labels and Starter Set,Office Supplies,2.0,3.08,0.0,West
2016-10-03,CA-2016-101672,Global Deluxe High-Back Manager's Chair,Furniture,4.0,228.78,20.0,West
2016-10-03,CA-2016-101672,Xerox 1900,Office Supplies,2.0,4.28,0.0,West
2016-10-03,CA-2016-101672,Xerox 1891,Office Supplies,2.0,48.91,0.0,West
2017-09-09,CA-2017-168403,Xerox 1930,Office Supplies,6.0,5.18,20.0,West
2017-09-09,CA-2017-168403,Belkin 7-Outlet SurgeMaster Home Series,Office Supplies,1.0,11.18,20.0,West
2015-03-12,CA-2015-148705,Avery 518,Office Supplies,2.0,2.52,20.0,South
2016-11-29,CA-2016-160241,"Tenex Chairmat w/ Average Lip, 45"" x 53""",Furniture,4.0,60.54,60.0,Central
2016-06-14,CA-2016-155747,Global Adaptabilities Conference Tables,Furniture,2.0,168.59,40.0,East
2017-12-03,CA-2017-118017,Newell 344,Office Supplies,6.0,2.22,20.0,West
2017-12-03,CA-2017-118017,Memorex Micro Travel Drive 16 GB,Technology,6.0,12.79,20.0,West
2017-12-03,CA-2017-118017,Memorex Micro Travel Drive 16 GB,Technology,8.0,12.79,20.0,West
2017-12-03,CA-2017-118017,"Wirebound Four 2-3/4 x 5 Forms per Page, 400 Sets per Book",Office Supplies,2.0,5.16,20.0,West
2017-12-03,CA-2017-118017,"Elite 5"" Scissors",Office Supplies,7.0,6.76,20.0,West
2017-12-03,CA-2017-118017,Staple-based wall hangings,Furniture,3.0,7.79,20.0,West
2017-12-03,CA-2017-118017,"Eldon Image Series Desk Accessories, Burgundy",Furniture,5.0,3.34,20.0,West
2017-12-03,CA-2017-118017,DAX Two-Tone Silver Metal Document Frame,Furniture,1.0,16.19,20.0,West
2016-08-16,CA-2016-113117,Xerox 1931,Office Supplies,5.0,6.48,0.0,West
2016-12-25,CA-2016-148684,Newell 327,Office Supplies,9.0,2.21,0.0,South
2016-12-25,CA-2016-148684,Razer Tiamat Over Ear 7.1 Surround Sound PC Gaming Headset,Technology,2.0,199.99,0.0,South
2016-12-25,CA-2016-148684,"Howard Miller 13-1/2"" Diameter Rosebrook Wall Clock",Furniture,5.0,68.77,0.0,South
2016-12-25,CA-2016-148684,Xerox 1906,Office Supplies,3.0,35.44,0.0,South
2017-07-23,CA-2017-125367,Wilson Jones “Snap” Scratch Pad Binder Tool for Ring Binders,Office Supplies,3.0,4.64,20.0,East
2017-06-21,CA-2017-124744,Ibico Standard Transparent Covers,Office Supplies,5.0,16.48,0.0,East
2017-06-21,CA-2017-124744,Zipper Ring Binder Pockets,Office Supplies,2.0,3.12,0.0,East
2017-06-21,CA-2017-124744,Xerox 1908,Office Supplies,8.0,55.98,0.0,East
2017-08-13,CA-2017-128363,Belkin Premiere Surge Master II 8-outlet surge protector,Office Supplies,7.0,38.86,20.0,South
2017-08-13,CA-2017-128363,GBC DocuBind TL300 Electric Binding System,Office Supplies,6.0,269.1,70.0,South
2017-08-13,CA-2017-128363,Staples,Office Supplies,5.0,4.86,20.0,South
2017-08-13,CA-2017-128363,Maxell 4.7GB DVD-R 5/Pack,Technology,2.0,0.79,20.0,South
2017-08-13,CA-2017-128363,Eldon Radial Chair Mat for Low to Medium Pile Carpets,Furniture,1.0,31.98,20.0,South
2017-08-13,CA-2017-128363,Colored Envelopes,Office Supplies,5.0,2.95,20.0,South
2017-08-13,CA-2017-128363,Hon Olson Stacker Chairs,Furniture,2.0,211.82,20.0,South
2015-11-07,CA-2015-126669,Xerox 1886,Office Supplies,2.0,38.32,20.0,Central
2015-10-15,US-2015-118766,Staple envelope,Office Supplies,1.0,4.46,20.0,Central
2015-10-15,US-2015-118766,Avery Reinforcements for Hole-Punch Pages,Office Supplies,10.0,0.4,80.0,Central
2016-07-30,CA-2016-112585,Hoover Shoulder Vac Commercial Portable Vacuum,Office Supplies,2.0,357.82,0.0,West
2016-12-03,CA-2016-149762,Hon 4060 Series Tables,Furniture,3.0,89.57,20.0,West
2016-12-03,CA-2016-149762,Rogers Handheld Barrel Pencil Sharpener,Office Supplies,8.0,2.74,0.0,West
2016-12-03,CA-2016-149762,Acco Perma 4000 Stacking Storage Drawers,Office Supplies,3.0,16.24,0.0,West
2016-12-03,CA-2016-149762,O'Sullivan Living Dimensions 2-Shelf Bookcases,Furniture,2.0,102.83,15.0,West
2016-04-28,CA-2016-167605,"Eldon Delta Triangular Chair Mat, 52"" x 58"", Clear",Furniture,2.0,15.17,60.0,Central
2017-08-25,US-2017-105697,"Letter/Legal File Tote with Clear Snap-On Lid, Black Granite",Office Supplies,2.0,12.85,20.0,East
2017-06-17,CA-2017-165323,Hewlett-Packard Desktjet 6988DT Refurbished Printer,Technology,5.0,680.9,0.0,East
2017-06-17,CA-2017-165323,Kingston Digital DataTraveler 64GB USB 2.0,Technology,3.0,33.78,0.0,East
2015-11-20,CA-2015-110891,"Global High-Back Leather Tilter, Burgundy",Furniture,4.0,86.09,30.0,East
2017-09-04,CA-2017-100783,"Hunt PowerHouse Electric Pencil Sharpener, Blue",Office Supplies,1.0,30.38,20.0,Central
2015-07-04,CA-2015-152513,Avery Premier Heavy-Duty Binder with Round Locking Rings,Office Supplies,2.0,11.42,20.0,West
2017-09-15,CA-2017-139822,Eldon ProFile File 'N Store Portable File Tub Letter/Legal Size Black,Office Supplies,2.0,19.31,0.0,East
2017-09-15,CA-2017-139822,Micro Innovations Wireless Classic Keyboard with Mouse,Technology,2.0,29.99,0.0,East
2017-03-13,CA-2017-107713,Avery Arch Ring Binders,Office Supplies,3.0,58.1,0.0,East
2017-09-24,CA-2017-134096,Vtech CS6719,Technology,5.0,76.79,20.0,South
2017-09-24,CA-2017-134096,Wilson Jones International Size A4 Ring Binders,Office Supplies,3.0,5.19,70.0,South
2016-08-13,CA-2016-125843,Avery Heavy-Duty EZD  Binder With Locking Rings,Office Supplies,4.0,5.58,0.0,South
2016-08-13,CA-2016-125843,Alphabetical Labels for Top Tab Filing,Office Supplies,7.0,14.8,0.0,South
2017-11-20,CA-2017-120404,Maxell 4.7GB DVD+R 5/Pack,Technology,3.0,0.99,0.0,East
2017-11-20,CA-2017-120404,Apple iPhone 5S,Technology,1.0,569.99,0.0,East
2017-11-20,CA-2017-120404,Tensor Brushed Steel Torchiere Floor Lamp,Furniture,3.0,16.99,0.0,East
2017-07-25,CA-2017-167549,Safco Drafting Table,Furniture,6.0,49.69,30.0,Central
2016-03-25,CA-2016-120082,Newell 319,Office Supplies,3.0,19.84,0.0,East
2016-07-15,US-2016-168095,Bevis Steel Folding Chairs,Furniture,3.0,76.76,20.0,West
2016-07-15,US-2016-168095,Xerox 1909,Office Supplies,5.0,21.1,20.0,West
2017-08-17,CA-2017-166093,Staple envelope,Office Supplies,2.0,11.68,0.0,West
2017-08-17,CA-2017-166093,OtterBox Defender Series Case - Samsung Galaxy S4,Technology,3.0,23.99,20.0,West
2017-08-17,CA-2017-166093,Xerox 1962,Office Supplies,2.0,4.28,0.0,West
2017-08-17,CA-2017-166093,"Wilson Jones Clip & Carry Folder Binder Tool for Ring Binders, Clear",Office Supplies,3.0,4.64,20.0,West
2017-08-17,CA-2017-166093,Sanyo 2.5 Cubic Foot Mid-Size Office Refrigerators,Office Supplies,9.0,279.81,0.0,West
2017-08-17,CA-2017-166093,Standard Rollaway File with Lock,Office Supplies,3.0,180.19,0.0,West
2017-08-17,CA-2017-166093,GBC Recycled Grain Textured Covers,Office Supplies,8.0,27.63,20.0,West
2016-12-14,CA-2016-146325,"Global Task Chair, Black",Furniture,2.0,40.71,20.0,West
2016-12-14,CA-2016-146325,"Tenex Personal Project File with Scoop Front Design, Black",Office Supplies,10.0,13.48,0.0,West
2017-12-25,CA-2017-134194,Wilson Jones Legal Size Ring Binders,Office Supplies,9.0,4.4,80.0,Central
2017-12-25,CA-2017-134194,Staple remover,Office Supplies,7.0,6.38,20.0,Central
2017-12-25,CA-2017-134194,Newell 34,Office Supplies,2.0,15.87,20.0,Central
2017-12-25,CA-2017-134194,"Wilson Jones Ledger-Size, Piano-Hinge Binder, 2"", Blue",Office Supplies,5.0,8.2,80.0,Central
2017-12-25,CA-2017-134194,"Wilson Jones 1"" Hanging DublLock Ring Binders",Office Supplies,3.0,1.06,80.0,Central
2014-03-01,CA-2014-131009,Plymouth Boxed Rubber Bands by Plymouth,Office Supplies,5.0,3.77,20.0,Central
2014-03-01,CA-2014-131009,Harbour Creations Steel Folding Chair,Furniture,6.0,60.38,30.0,Central
2014-03-01,CA-2014-131009,DAX Black Cherry Wood-Tone Poster Frame,Furniture,6.0,10.59,60.0,Central
2014-03-01,CA-2014-131009,Fellowes Bankers Box Recycled Super Stor/Drawer,Office Supplies,3.0,43.18,20.0,Central
2015-11-19,CA-2015-145814,Accohide Poly Flexible Ring Binders,Office Supplies,2.0,2.99,20.0,East
2015-11-19,CA-2015-145814,Aastra 6757i CT Wireless VoIP phone,Technology,4.0,215.44,0.0,East
2014-04-01,CA-2014-138359,Rogers Profile Extra Capacity Storage Tub,Office Supplies,4.0,16.74,0.0,East
2014-04-01,CA-2014-138359,Zipper Ring Binder Pockets,Office Supplies,2.0,3.12,0.0,East
2017-10-05,CA-2017-131807,Global Deluxe High-Back Office Chair in Storm,Furniture,4.0,108.79,20.0,West
2017-10-05,CA-2017-131807,Staples,Office Supplies,5.0,2.98,0.0,West
2017-10-05,CA-2017-131807,"Hoover Replacement Belts For Soft Guard & Commercial Ltweight Upright Vacs, 2/Pk",Office Supplies,4.0,3.95,0.0,West
2017-10-05,CA-2017-131807,DAX Clear Channel Poster Frame,Furniture,5.0,14.58,0.0,West
2017-10-05,CA-2017-131807,KI Adjustable-Height Table,Furniture,3.0,68.78,20.0,West
2017-10-05,CA-2017-131807,"Square Credit Card Reader, 4 1/2"" x 4 1/2"" x 1"", White",Technology,1.0,7.99,20.0,West
2017-11-18,CA-2017-104864,Tennsco Commercial Shelving,Office Supplies,5.0,16.27,20.0,South
2017-11-18,CA-2017-104864,Ibico Plastic and Wire Spiral Binding Combs,Office Supplies,8.0,2.53,70.0,South
2017-11-18,CA-2017-104864,"Acco 7-Outlet Masterpiece Power Center, Wihtout Fax/Phone Line Protection",Office Supplies,4.0,97.26,20.0,South
2017-11-18,CA-2017-104864,Xerox 221,Office Supplies,4.0,5.18,20.0,South
2017-11-18,CA-2017-104864,Xerox 211,Office Supplies,8.0,5.18,20.0,South
2015-03-23,CA-2015-138219,"REDIFORM Incoming/Outgoing Call Register, 11"" X 8 1/2"", 100 Messages",Office Supplies,4.0,8.34,0.0,West
2016-10-10,CA-2016-157707,"Bush Westfield Collection Bookcases, Dark Cherry Finish, Fully Assembled",Furniture,3.0,30.29,70.0,West
2016-10-10,CA-2016-157707,iOttie HLCRIO102 Car Mount,Technology,1.0,15.99,20.0,West
2016-10-10,CA-2016-157707,"Global Manager's Adjustable Task Chair, Storm",Furniture,1.0,120.78,20.0,West
2015-08-16,US-2015-126753,Cisco IP Phone 7961G-GE VoIP phone,Technology,4.0,129.95,40.0,East
2015-08-16,US-2015-126753,SanDisk Ultra 16 GB MicroSDHC Class 10 Memory Card,Technology,3.0,10.39,20.0,East
2015-08-16,US-2015-126753,Xerox 227,Office Supplies,2.0,5.18,20.0,East
2015-08-16,US-2015-126753,"Avery Durable Plastic 1"" Binders",Office Supplies,2.0,1.36,70.0,East
2015-08-16,US-2015-126753,"Tenex 46"" x 60"" Computer Anti-Static Chairmat, Rectangular Shaped",Furniture,3.0,84.78,20.0,East
2015-08-16,US-2015-126753,Avery Durable Slant Ring Binders With Label Holder,Office Supplies,3.0,1.25,70.0,East
2015-08-16,US-2015-126753,Xerox 199,Office Supplies,3.0,3.42,20.0,East
2014-05-31,CA-2014-166051,Samsung Galaxy Note 3,Technology,3.0,219.99,0.0,South
2014-05-31,CA-2014-166051,Grandstream GXP1160 VoIP phone,Technology,3.0,37.91,0.0,South
2015-08-27,CA-2015-113040,Avery Heavy-Duty EZD View Binder with Locking Rings,Office Supplies,1.0,5.1,20.0,West
2014-01-03,CA-2014-103800,"Message Book, Wirebound, Four 5 1/2"" X 4"" Forms/Pg., 200 Dupl. Sets/Book",Office Supplies,2.0,8.22,20.0,Central
2014-09-10,CA-2014-113383,Kensington 6 Outlet Guardian Standard Surge Protector,Office Supplies,4.0,20.48,0.0,East
2014-09-10,CA-2014-113383,"Dana Fluorescent Magnifying Lamp, White, 36""",Furniture,5.0,50.98,0.0,East
2017-01-22,CA-2017-152499,Staples,Office Supplies,5.0,3.02,20.0,Central
2017-01-22,CA-2017-152499,Newell 348,Office Supplies,3.0,2.62,20.0,Central
2016-04-21,CA-2016-151498,Round Ring Binders,Office Supplies,5.0,1.66,20.0,West
2016-07-20,CA-2016-137939,invisibleSHIELD by ZAGG Smudge-Free Screen Protector,Technology,5.0,17.99,0.0,East
2016-08-23,US-2016-117793,"Permanent Self-Adhesive File Folder Labels for Typewriters, 1 1/8 x 3 1/2, White",Office Supplies,4.0,6.3,0.0,Central
2016-08-23,US-2016-117793,Avery 515,Office Supplies,3.0,12.53,0.0,Central
2016-08-23,US-2016-117793,Pizazz Global Quick File,Office Supplies,1.0,14.97,0.0,Central
2016-08-23,US-2016-117793,Maxell 4.7GB DVD+R 5/Pack,Technology,2.0,0.99,0.0,Central
2016-06-14,CA-2016-133872,GBC Twin Loop Wire Binding Elements,Office Supplies,4.0,9.98,70.0,South
2016-06-14,CA-2016-133872,"Verbatim Slim CD and DVD Storage Cases, 50/Pack",Technology,2.0,9.23,20.0,South
2015-11-20,US-2015-165743,Wilson Jones Custom Binder Spines & Labels,Office Supplies,3.0,1.63,70.0,West
2015-11-20,US-2015-165743,Sauder Barrister Bookcases,Furniture,6.0,24.29,70.0,West
2015-11-20,US-2015-165743,Wilson Jones 14 Line Acrylic Coated Pressboard Data Binders,Office Supplies,6.0,1.6,70.0,West
2017-11-03,US-2017-105998,Microsoft Sculpt Comfort Mouse,Technology,5.0,39.95,0.0,West
2017-11-03,US-2017-105998,Chromcraft Round Conference Tables,Furniture,12.0,139.43,20.0,West
2014-05-04,US-2014-148194,"Eldon Regeneration Recycled Desk Accessories, Smoke",Furniture,7.0,1.74,0.0,West
2014-05-04,US-2014-148194,Holmes Odor Grabber,Office Supplies,4.0,14.42,0.0,West
2015-11-08,US-2015-151407,Cisco SPA508G,Technology,4.0,65.99,0.0,Central
2015-12-12,CA-2015-110870,Logitech Wireless Marathon Mouse M705,Technology,6.0,49.99,0.0,West
2015-12-12,CA-2015-110870,Staple remover,Office Supplies,7.0,3.68,0.0,West
2014-12-01,CA-2014-143210,Cisco IP Phone 7961G VoIP phone - Dark gray,Technology,2.0,135.95,0.0,East
2014-12-01,CA-2014-143210,"Linden 10"" Round Wall Clock, Black",Furniture,3.0,15.28,0.0,East
2014-12-01,CA-2014-143210,Ultra Door Push Plate,Furniture,2.0,4.91,0.0,East
2016-10-07,CA-2016-139808,"Alliance Super-Size Bands, Assorted Sizes",Office Supplies,12.0,7.78,0.0,West
2015-11-17,CA-2015-110863,"Tennsco Stur-D-Stor Boltless Shelving, 5 Shelves, 24"" Deep, Sand",Office Supplies,4.0,135.31,0.0,Central
2015-11-17,CA-2015-110863,Easy-staple paper,Office Supplies,3.0,35.44,0.0,Central
2015-11-17,CA-2015-110863,Hon Olson Stacker Chairs,Furniture,5.0,264.78,0.0,Central
2014-03-17,CA-2014-127859,Xerox 1909,Office Supplies,6.0,21.1,20.0,East
2015-06-20,US-2015-136427,Griffin GC36547 PowerJolt SE Lightning Charger,Technology,7.0,17.99,20.0,West
2017-05-25,CA-2017-120168,GBC DocuBind P100 Manual Binding Machine,Office Supplies,5.0,132.78,20.0,East
2017-05-25,CA-2017-120168,Imation 8gb Micro Traveldrive Usb 2.0 Flash Drive,Technology,8.0,15.0,0.0,East
2017-05-25,CA-2017-120168,Acco Hot Clips Clips to Go,Office Supplies,1.0,3.29,0.0,East
2017-05-25,CA-2017-120168,Eldon 200 Class Desk Accessories,Furniture,3.0,6.28,0.0,East
2014-09-09,US-2014-131870,Nu-Dell Executive Frame,Furniture,6.0,10.11,20.0,East
2014-09-09,US-2014-131870,Newell 320,Office Supplies,9.0,3.42,20.0,East
2017-10-17,CA-2017-114804,Panasonic KX-TG6844B Expandable Digital Cordless Telephone,Technology,1.0,52.79,20.0,West
2017-11-02,CA-2017-167227,Black & Decker Filter for Double Action Dustbuster Cordless Vac BLDV7210,Office Supplies,10.0,8.39,0.0,Central
2017-11-02,CA-2017-167227,"Adams Telephone Message Book W/Dividers/Space For Phone Numbers, 5 1/4""X8 1/2"", 300/Messages",Office Supplies,2.0,5.88,0.0,Central
2014-07-21,CA-2014-129189,Acco 6 Outlet Guardian Basic Surge Suppressor,Office Supplies,3.0,1.66,80.0,Central
2014-07-21,CA-2014-129189,"Inter-Office Recycled Envelopes, Brown Kraft, Button-String,10"" x 13"" , 100/Box",Office Supplies,5.0,17.58,20.0,Central
2014-07-21,CA-2014-129189,Hon Every-Day Series Multi-Task Chairs,Furniture,5.0,131.59,30.0,Central
2014-07-21,CA-2014-129189,Acco Economy Flexible Poly Round Ring Binder,Office Supplies,1.0,1.04,80.0,Central
2015-09-11,CA-2015-132465,Deflect-o DuraMat Antistatic Studded Beveled Mat for Medium Pile Carpeting,Furniture,2.0,105.34,0.0,East
2015-09-11,CA-2015-132465,Space Solutions Industrial Galvanized Steel Shelving.,Office Supplies,1.0,78.8,0.0,East
2015-09-11,CA-2015-132465,Logitech LS21 Speaker System - PC Multimedia - 2.1-CH - Wired,Technology,1.0,19.99,0.0,East
2015-09-11,CA-2015-132465,Fellowes Staxonsteel Drawer Files,Office Supplies,4.0,193.17,0.0,East
2016-10-21,CA-2016-166373,SanDisk Ultra 32 GB MicroSDHC Class 10 Memory Card,Technology,6.0,17.68,20.0,Central
2016-01-07,CA-2016-158806,"Executive Impressions 13"" Clairmont Wall Clock",Furniture,3.0,7.69,60.0,Central
2016-01-07,CA-2016-158806,Xerox 212,Office Supplies,5.0,5.18,20.0,Central
2015-06-25,CA-2015-119690,Xerox 1884,Office Supplies,3.0,15.98,20.0,Central
2015-06-25,CA-2015-119690,"Avery Triangle Shaped Sheet Lifters, Black, 2/Pack",Office Supplies,2.0,0.49,80.0,Central
2015-06-25,CA-2015-119690,"GE General Use Halogen Bulbs, 100 Watts, 1 Bulb per Pack",Furniture,9.0,8.38,60.0,Central
2015-06-25,CA-2015-119690,Avery File Folder Labels,Office Supplies,2.0,2.3,20.0,Central
2015-09-20,CA-2015-153738,GBC Standard Plastic Binding Systems' Combs,Office Supplies,6.0,6.28,0.0,East
2017-07-10,CA-2017-169012,Belkin 7-Outlet SurgeMaster Home Series,Office Supplies,3.0,13.97,0.0,South
2017-06-30,CA-2017-109393,"Sauder Facets Collection Library, Sky Alder Finish",Furniture,3.0,145.33,15.0,West
2017-08-21,CA-2017-121489,"Padded Folding Chairs, Black, 4/Carton",Furniture,6.0,64.78,20.0,West
2017-08-21,CA-2017-121489,Fellowes Stor/Drawer Steel Plus Storage Drawers,Office Supplies,6.0,95.43,0.0,West
2017-08-21,CA-2017-121489,Kensington K72356US Mouse-in-a-Box USB Desktop Mouse,Technology,2.0,16.59,0.0,West
2017-03-11,US-2017-133081,Memorex Mini Travel Drive 16 GB USB 2.0 Flash Drive,Technology,4.0,15.97,0.0,East
2017-03-11,US-2017-133081,"Executive Impressions 16-1/2"" Circular Wall Clock",Furniture,1.0,26.72,0.0,East
2017-09-15,CA-2017-165008,"Avery Trapezoid Ring Binder, 3"" Capacity, Black, 1040 sheets",Office Supplies,9.0,32.78,20.0,West
2016-09-20,CA-2016-145611,Honeywell Quietcare HEPA Air Cleaner,Office Supplies,5.0,78.65,0.0,East
2016-12-15,CA-2016-113600,"Avery Triangle Shaped Sheet Lifters, Black, 2/Pack",Office Supplies,3.0,0.74,70.0,East
2017-11-03,CA-2017-130834,Strathmore Photo Mount Cards,Office Supplies,3.0,5.42,20.0,South
2016-07-03,CA-2016-168543,Avanti 1.7 Cu. Ft. Refrigerator,Office Supplies,7.0,100.98,0.0,East
2014-09-26,CA-2014-144974,"Avery Durable Slant Ring Binders, No Labels",Office Supplies,5.0,1.19,70.0,East
2014-09-26,CA-2014-144974,DAX Black Cherry Wood-Tone Poster Frame,Furniture,1.0,21.18,20.0,East
2014-09-26,CA-2014-144974,"Acco Six-Outlet Power Strip, 4' Cord Length",Office Supplies,6.0,6.9,20.0,East
2014-07-14,CA-2014-109904,Newell 315,Office Supplies,3.0,5.98,0.0,East
2017-09-28,CA-2017-152205,GBC Standard Plastic Binding Systems Combs,Office Supplies,1.0,2.66,70.0,East
2015-08-28,CA-2015-121188,"Hot File 7-Pocket, Floor Stand",Office Supplies,5.0,178.47,0.0,West
2015-08-28,CA-2015-121188,O'Sullivan 2-Door Barrister Bookcase in Odessa Pine,Furniture,2.0,153.83,15.0,West
2015-08-28,CA-2015-121188,Carina Double Wide Media Storage Towers in Natural & Black,Office Supplies,9.0,80.98,0.0,West
2015-08-28,CA-2015-121188,GBC Wire Binding Combs,Office Supplies,5.0,8.27,20.0,West
2015-08-28,CA-2015-121188,invisibleSHIELD by ZAGG Smudge-Free Screen Protector,Technology,3.0,14.39,20.0,West
2015-08-28,CA-2015-121188,Eldon Wave Desk Accessories,Furniture,2.0,2.08,0.0,West
2015-09-20,CA-2015-156013,Xerox 1881,Office Supplies,5.0,12.28,0.0,East
2015-09-20,CA-2015-156013,Recycled Premium Regency Composition Covers,Office Supplies,2.0,12.22,20.0,East
2016-11-07,CA-2016-132997,AT&T SB67148 SynJ,Technology,4.0,65.99,0.0,East
2016-11-07,CA-2016-132997,Jabra Supreme Plus Driver Edition Headset,Technology,3.0,119.99,0.0,East
2016-11-07,CA-2016-132997,Xerox 23,Office Supplies,2.0,6.48,0.0,East
2016-11-07,CA-2016-132997,"Eldon Base for stackable storage shelf, platinum",Office Supplies,3.0,38.94,0.0,East
2016-11-07,CA-2016-132997,Ibico EB-19 Dual Function Manual Binding System,Office Supplies,2.0,138.39,20.0,East
2015-10-20,US-2015-160563,Logitech G602 Wireless Gaming Mouse,Technology,3.0,79.99,0.0,West
2015-10-20,US-2015-160563,Acrylic Self-Standing Desk Frames,Furniture,6.0,2.67,0.0,West
2017-01-01,CA-2017-151750,SAFCO Boltless Steel Shelving,Office Supplies,5.0,90.91,20.0,Central
2017-01-01,CA-2017-151750,"Tenex Carpeted, Granite-Look or Clear Contemporary Contour Shape Chair Mats",Furniture,5.0,28.28,60.0,Central
2017-01-01,CA-2017-151750,Office Star - Contemporary Task Swivel Chair,Furniture,4.0,77.69,30.0,Central
2017-01-01,CA-2017-151750,Fluorescent Highlighters by Dixon,Office Supplies,4.0,3.18,20.0,Central
2017-01-01,CA-2017-151750,GBC Instant Report Kit,Office Supplies,5.0,1.29,80.0,Central
2017-01-01,CA-2017-151750,"Pressboard Covers with Storage Hooks, 9 1/2"" x 11"", Light Blue",Office Supplies,14.0,0.98,80.0,Central
2017-01-01,CA-2017-151750,Fellowes Superior 10 Outlet Split Surge Protector,Office Supplies,2.0,7.61,80.0,Central
2015-06-23,CA-2015-106187,"Eldon Stackable Tray, Side-Load, Legal, Smoke",Furniture,3.0,9.14,0.0,South
2015-06-23,CA-2015-106187,GBC DocuBind P100 Manual Binding Machine,Office Supplies,1.0,165.98,0.0,South
2015-06-23,CA-2015-106187,Dell Slim USB Multimedia Keyboard,Technology,3.0,25.0,0.0,South
2016-11-22,US-2016-164945,GBC Premium Transparent Covers with Diagonal Lined Pattern,Office Supplies,8.0,16.78,20.0,East
2015-10-26,CA-2015-150714,Avery 477,Office Supplies,6.0,24.42,20.0,West
2015-10-26,CA-2015-150714,Xerox 1914,Office Supplies,3.0,43.97,20.0,West
2015-10-26,CA-2015-150714,Tripp Lite TLP810NET Broadband Surge for Modem/Fax,Office Supplies,5.0,40.78,20.0,West
2015-10-26,CA-2015-150714,Avery Self-Adhesive Photo Pockets for Polaroid Photos,Office Supplies,7.0,2.04,70.0,West
2015-10-26,CA-2015-150714,Fellowes Officeware Wire Shelving,Office Supplies,10.0,71.86,20.0,West
2016-10-20,CA-2016-105753,Aluminum Document Frame,Furniture,5.0,12.22,0.0,South
2017-04-28,CA-2017-120894,Harmony HEPA Quiet Air Purifiers,Office Supplies,3.0,9.36,20.0,South
2016-09-29,CA-2016-106621,Newell 351,Office Supplies,4.0,2.62,20.0,West
2015-07-10,CA-2015-107020,Large Capacity Hanging Post Binders,Office Supplies,2.0,19.96,20.0,West
2015-08-07,US-2015-117492,"Acco Six-Outlet Power Strip, 4' Cord Length",Office Supplies,9.0,8.62,0.0,East
2014-12-07,CA-2014-101392,Advantus Rolling Drawer Organizers,Office Supplies,7.0,38.48,0.0,West
2015-12-10,CA-2015-127502,Avery File Folder Labels,Office Supplies,2.0,2.88,0.0,West
2017-11-08,CA-2017-143658,Panasonic KP-310 Heavy-Duty Electric Pencil Sharpener,Office Supplies,5.0,21.98,0.0,East
2017-07-27,CA-2017-133046,Staple-based wall hangings,Furniture,3.0,7.96,0.0,West
2017-07-27,CA-2017-133046,"Message Book, Phone, Wirebound Standard Line Memo, 2 3/4"" X 5""",Office Supplies,4.0,6.55,0.0,West
2017-07-27,CA-2017-133046,Xerox 227,Office Supplies,2.0,6.48,0.0,West
2017-07-27,CA-2017-133046,Sony Micro Vault Click 8 GB USB 2.0 Flash Drive,Technology,5.0,46.99,0.0,West
2017-12-28,CA-2017-122798,Eldon Mobile Mega Data Cart  Mega Stackable  Add-On Trays,Office Supplies,5.0,23.65,0.0,West
2017-12-28,CA-2017-122798,Xerox 1953,Office Supplies,1.0,4.28,0.0,West
2016-03-10,CA-2016-169663,Kingston Digital DataTraveler 16GB USB 2.0,Technology,3.0,8.95,0.0,West
2016-03-10,CA-2016-169663,Okidata MB760 Printer,Technology,3.0,1119.2,20.0,West
2015-05-22,CA-2015-149846,Avery 476,Office Supplies,2.0,4.13,0.0,West
2015-05-22,CA-2015-149846,Zebra GX420t Direct Thermal/Thermal Transfer Printer,Technology,7.0,424.76,20.0,West
2015-05-22,CA-2015-149846,Pizazz Global Quick File,Office Supplies,7.0,14.97,0.0,West
2015-05-22,CA-2015-149846,Aastra 57i VoIP phone,Technology,6.0,129.29,20.0,West
2017-02-17,CA-2017-159149,"Sauder Mission Library with Doors, Fruitwood Finish",Furniture,1.0,89.07,32.0,Central
2017-02-17,CA-2017-159149,"Dixon Ticonderoga Core-Lock Colored Pencils, 48-Color Set",Office Supplies,6.0,29.24,20.0,Central
2017-02-17,CA-2017-159149,Jawbone MINI JAMBOX Wireless Bluetooth Speaker,Technology,4.0,109.58,20.0,Central
2017-12-08,US-2017-167570,Global Deluxe Steno Chair,Furniture,4.0,53.89,30.0,East
2017-11-18,CA-2017-160122,"Peel & Seel Recycled Catalog Envelopes, Brown",Office Supplies,6.0,9.26,20.0,Central
2017-11-18,CA-2017-160122,Global Highback Leather Tilter in Burgundy,Furniture,2.0,63.69,30.0,Central
2016-12-01,CA-2016-130393,"Situations Contoured Folding Chairs, 4/Set",Furniture,5.0,49.69,30.0,Central
2016-12-01,CA-2016-130393,Acco 6 Outlet Guardian Premium Surge Suppressor,Office Supplies,4.0,2.91,80.0,Central
2016-12-01,CA-2016-130393,"Global Push Button Manager's Chair, Indigo",Furniture,2.0,42.62,30.0,Central
2017-10-03,CA-2017-144820,Colorific Watercolor Pencils,Office Supplies,5.0,4.13,20.0,Central
2017-08-29,CA-2017-101014,Electrix Fluorescent Magnifier Lamps & Weighted Base,Furniture,3.0,49.34,0.0,West
2017-11-24,CA-2017-105543,Fellowes Bases and Tops For Staxonsteel/High-Stak Systems,Office Supplies,1.0,33.29,0.0,Central
2017-06-30,US-2017-113201,Xerox 1919,Office Supplies,5.0,40.99,0.0,West
2017-07-22,US-2017-106551,Hon Every-Day Series Multi-Task Chairs,Furniture,4.0,131.59,30.0,Central
2016-11-11,CA-2016-116722,Magnifier Swing Arm Lamp,Furniture,2.0,20.98,0.0,West
2016-11-11,CA-2016-116722,Hon Every-Day Series Multi-Task Chairs,Furniture,3.0,150.38,20.0,West
2016-11-11,CA-2016-116722,Avery Poly Binder Pockets,Office Supplies,11.0,2.86,20.0,West
2014-12-09,CA-2014-138128,Globe Weis Peel & Seel First Class Envelopes,Office Supplies,3.0,10.22,20.0,East
2014-12-09,CA-2014-138128,Canon PC940 Copier,Technology,4.0,269.99,40.0,East
2017-09-07,US-2017-150070,Global Low Back Tilter Chair,Furniture,2.0,80.78,20.0,West
2015-02-06,CA-2015-137064,UniKeep View Case Binders,Office Supplies,3.0,0.98,80.0,Central
2015-02-06,CA-2015-137064,Memorex Mini Travel Drive 8 GB USB 2.0 Flash Drive,Technology,2.0,9.26,20.0,Central
2015-02-06,CA-2015-137064,"Tennsco Snap-Together Open Shelving Units, Starter Sets and Add-On Units",Office Supplies,3.0,223.58,20.0,Central
2017-08-26,CA-2017-157350,"Seth Thomas 16"" Steel Case Clock",Furniture,5.0,12.99,60.0,Central
2014-07-20,CA-2014-127866,"Maxell 74 Minute CD-R Spindle, 50/Pack",Technology,2.0,20.97,0.0,West
2014-07-20,CA-2014-127866,Xerox 1965,Office Supplies,2.0,5.98,0.0,West
2014-07-20,CA-2014-127866,Newell 348,Office Supplies,4.0,3.28,0.0,West
2014-07-20,CA-2014-127866,"Hot File 7-Pocket, Floor Stand",Office Supplies,3.0,178.47,0.0,West
2015-10-08,CA-2015-131352,"Tenex Traditional Chairmats for Medium Pile Carpet, Standard Lip, 36"" x 48""",Furniture,3.0,24.26,60.0,Central
2015-02-16,CA-2015-121776,Xerox 1881,Office Supplies,3.0,12.28,0.0,West
2015-02-16,CA-2015-121776,Avery 485,Office Supplies,7.0,12.53,0.0,West
2016-08-12,CA-2016-118073,BPI Conference Tables,Furniture,7.0,80.33,45.0,South
2014-11-09,CA-2014-103219,"Eldon 200 Class Desk Accessories, Black",Furniture,9.0,6.28,0.0,East
2016-07-18,CA-2016-102561,Newell 326,Office Supplies,8.0,1.41,20.0,East
2016-07-18,CA-2016-102561,Steel Personal Filing/Posting Tote,Office Supplies,10.0,28.41,20.0,East
2016-07-18,CA-2016-102561,Xerox 196,Office Supplies,4.0,4.62,20.0,East
2016-02-05,CA-2016-100993,Avery 508,Office Supplies,3.0,4.91,0.0,West
2016-02-05,CA-2016-100993,"Fellowes Mobile File Cart, Black",Office Supplies,3.0,62.18,0.0,West
2016-02-05,CA-2016-100993,Chromcraft Round Conference Tables,Furniture,4.0,139.43,20.0,West
2016-02-05,CA-2016-100993,Anker Astro 15000mAh USB Portable Charger,Technology,4.0,39.99,20.0,West
2014-06-20,US-2014-112949,Honeywell Quietcare HEPA Air Cleaner,Office Supplies,6.0,78.65,0.0,Central
2014-06-20,US-2014-112949,Nontoxic Chalk,Office Supplies,2.0,1.76,0.0,Central
2017-06-09,US-2017-146822,Easy-staple paper,Office Supplies,4.0,12.28,0.0,South
2016-12-27,US-2016-131058,Avery File Folder Labels,Office Supplies,7.0,2.88,0.0,West
2014-01-26,CA-2014-167997,Wilson Jones 14 Line Acrylic Coated Pressboard Data Binders,Office Supplies,2.0,5.34,0.0,Central
2014-01-26,CA-2014-167997,"Safco Value Mate Series Steel Bookcases, Baked Enamel Finish on Steel, Gray",Furniture,2.0,70.98,0.0,Central
2017-03-23,CA-2017-140151,Acco Perma 4000 Stacking Storage Drawers,Office Supplies,2.0,16.24,0.0,West
2017-03-23,CA-2017-140151,Xerox 1898,Office Supplies,3.0,6.68,0.0,West
2017-03-23,CA-2017-140151,Canon imageCLASS 2200 Advanced Copier,Technology,4.0,3499.99,0.0,West
2017-03-20,US-2017-143770,WD My Passport Ultra 2TB Portable External Hard Drive,Technology,2.0,119.0,0.0,East
2017-03-20,US-2017-143770,Xerox 1988,Office Supplies,2.0,30.98,0.0,East
2016-10-04,CA-2016-131296,"Bush Andora Conference Table, Maple/Graphite Gray Finish",Furniture,2.0,119.69,30.0,East
2016-11-18,CA-2016-103464,WD My Passport Ultra 2TB Portable External Hard Drive,Technology,5.0,119.0,0.0,West
2017-12-26,CA-2017-136238,Xerox 1959,Office Supplies,3.0,5.34,20.0,Central
2016-03-09,CA-2016-120803,Microsoft Sculpt Comfort Mouse,Technology,5.0,39.95,0.0,East
2016-02-16,CA-2016-134138,Hon Comfortask Task/Swivel Chairs,Furniture,2.0,113.98,0.0,East
2015-09-28,CA-2015-120915,"Fellowes Premier Superior Surge Suppressor, 10-Outlet, With Phone and Remote",Office Supplies,6.0,48.92,0.0,East
2015-09-28,CA-2015-120915,Nortel Meridian M3904 Professional Digital phone,Technology,2.0,153.99,0.0,East
2015-11-02,CA-2015-168207,Contemporary Wood/Metal Frame,Furniture,6.0,16.16,0.0,West
2015-11-02,CA-2015-168207,GBC Premium Transparent Covers with Diagonal Lined Pattern,Office Supplies,7.0,16.78,20.0,West
2015-11-02,CA-2015-168207,Cardinal Holdit Business Card Pockets,Office Supplies,3.0,3.98,20.0,West
2015-11-02,CA-2015-168207,O'Sullivan Living Dimensions 3-Shelf Bookcases,Furniture,3.0,170.83,15.0,West
2016-07-31,CA-2016-144148,Laminate Occasional Tables,Furniture,7.0,123.3,20.0,West
2017-11-06,CA-2017-107174,Hon 5100 Series Wood Tables,Furniture,7.0,290.98,0.0,West
2017-11-06,CA-2017-107174,Hon 2090 “Pillow Soft” Series Mid Back Swivel/Tilt Chairs,Furniture,2.0,224.78,20.0,West
2017-11-06,CA-2017-107174,SanDisk Cruzer 64 GB USB Flash Drive,Technology,3.0,36.32,0.0,West
2016-02-14,CA-2016-146150,Panasonic KP-150 Electric Pencil Sharpener,Office Supplies,7.0,37.74,0.0,South
2014-07-09,CA-2014-114125,Avery 49,Office Supplies,1.0,2.88,0.0,West
2014-07-09,CA-2014-114125,Wilson Jones Leather-Like Binders with DublLock Round Rings,Office Supplies,6.0,6.98,20.0,West
2014-07-09,CA-2014-114125,"Perma STOR-ALL Hanging File Box, 13 1/8""W x 12 1/4""D x 10 1/2""H",Office Supplies,4.0,5.98,0.0,West
2016-01-30,CA-2016-114944,Xerox 1943,Office Supplies,4.0,39.13,20.0,Central
2016-09-22,CA-2016-135965,"Sortfiler Multipurpose Personal File Organizer, Black",Office Supplies,6.0,21.39,0.0,East
2017-12-22,CA-2017-149699,Kensington Expert Mouse Optical USB Trackball for PC or Mac,Technology,5.0,94.99,0.0,West
2016-09-02,CA-2016-166429,Hewlett Packard 610 Color Digital Copier / Printer,Technology,2.0,499.99,0.0,West
2015-08-02,CA-2015-112767,Balt Split Level Computer Training Table,Furniture,4.0,69.38,50.0,West
2015-11-21,CA-2015-119879,"Bevis Oval Conference Table, Walnut",Furniture,8.0,156.59,40.0,East
2015-11-21,CA-2015-119879,"Logitech B530 USB Headset - headset - Full size, Binaural",Technology,5.0,22.19,40.0,East
2017-05-18,CA-2017-155642,Flat Face Poster Frame,Furniture,3.0,7.54,60.0,Central
2017-05-18,CA-2017-155642,C-Line Cubicle Keepers Polyproplyene Holder With Velcro Backings,Furniture,1.0,1.89,60.0,Central
2017-07-23,US-2017-101721,Xerox 1909,Office Supplies,3.0,21.1,20.0,Central
2015-09-13,CA-2015-136728,Staple envelope,Office Supplies,1.0,7.82,20.0,Central
2015-09-13,CA-2015-136728,"Global Value Steno Chair, Gray",Furniture,4.0,42.52,30.0,Central
2016-12-10,CA-2016-127194,"Adams Phone Message Book, Professional, 400 Message Capacity, 5 3/6” x 11”",Office Supplies,9.0,6.98,0.0,East
2015-10-02,CA-2015-140375,Xerox 202,Office Supplies,3.0,6.48,0.0,East
2015-10-02,CA-2015-140375,GBC Plastic Binding Combs,Office Supplies,1.0,7.38,0.0,East
2017-11-17,US-2017-155866,Xerox 1905,Office Supplies,6.0,6.48,0.0,East
2017-11-17,US-2017-155866,"Howard Miller 13"" Diameter Goldtone Round Wall Clock",Furniture,4.0,46.94,0.0,East
2015-11-30,CA-2015-141327,Avery Durable Binders,Office Supplies,7.0,0.86,70.0,South
2015-11-30,CA-2015-141327,Belkin 8 Outlet Surge Protector,Office Supplies,3.0,32.78,20.0,South
2015-11-30,CA-2015-141327,Luxo Professional Fluorescent Magnifier Lamp with Clamp-Mount Base,Furniture,2.0,167.87,20.0,South
2015-12-06,CA-2015-136700,Spiral Phone Message Books with Labels by Adams,Office Supplies,2.0,4.48,0.0,West
2017-09-05,CA-2017-102736,Maxell LTO Ultrium - 800 GB,Technology,4.0,22.39,20.0,South
2017-09-05,CA-2017-102736,Model L Table or Wall-Mount Pencil Sharpener,Office Supplies,5.0,14.39,20.0,South
2017-09-05,CA-2017-102736,Xerox 220,Office Supplies,3.0,5.18,20.0,South
2017-04-24,CA-2017-125269,"Acco Data Flex Cable Posts For Top & Bottom Load Binders, 6"" Capacity",Office Supplies,5.0,2.09,80.0,Central
2017-04-24,CA-2017-125269,Safco Industrial Wire Shelving System,Office Supplies,1.0,72.78,20.0,Central
2015-11-08,CA-2015-114811,Fellowes Desktop Hanging File Manager,Office Supplies,5.0,13.43,0.0,East
2015-11-08,CA-2015-114811,Mitel MiVoice 5330e IP Phone,Technology,2.0,274.99,0.0,East
2015-11-08,CA-2015-114811,Nu-Dell EZ-Mount Plastic Wall Frames,Furniture,3.0,3.94,0.0,East
2015-11-08,CA-2015-114811,Zebra ZM400 Thermal Label Printer,Technology,4.0,1160.95,0.0,East
2015-11-08,CA-2015-114811,Hon 4070 Series Pagoda Round Back Stacking Chairs,Furniture,2.0,288.88,10.0,East
2015-04-26,CA-2015-122266,Bretford CR4500 Series Slim Rectangular Table,Furniture,1.0,191.52,45.0,South
2015-04-26,CA-2015-122266,Crayola Colored Pencils,Office Supplies,1.0,2.62,20.0,South
2015-09-20,CA-2015-141565,GBC Ibimaster 500 Manual ProClick Binding System,Office Supplies,6.0,228.29,70.0,South
2015-09-20,CA-2015-141565,"Gould Plastics 18-Pocket Panel Bin, 34w x 5-1/4d x 20-1/2h",Office Supplies,4.0,73.59,20.0,South
2017-09-07,CA-2017-128769,Eureka The Boss Cordless Rechargeable Stick Vac,Office Supplies,2.0,40.78,20.0,South
2016-11-07,CA-2016-116337,"Executive Impressions 14"" Contract Wall Clock with Quartz Movement",Furniture,5.0,8.89,60.0,Central
2016-11-07,CA-2016-116337,"Mini 13-1/2 Capacity Data Binder Rack, Pearl",Office Supplies,3.0,104.7,20.0,Central
2015-09-25,CA-2015-120845,"Wilson Jones 1"" Hanging DublLock Ring Binders",Office Supplies,4.0,1.58,70.0,South
2015-09-25,CA-2015-120845,Advantus Motivational Note Cards,Office Supplies,1.0,10.48,20.0,South
2015-09-25,CA-2015-120845,Wilson Jones data.warehouse D-Ring Binders with DublLock,Office Supplies,1.0,2.47,70.0,South
2015-09-25,CA-2015-120845,Wilson Jones Custom Binder Spines & Labels,Office Supplies,2.0,1.63,70.0,South
2014-10-03,CA-2014-120775,Colored Push Pins,Office Supplies,3.0,1.45,20.0,Central
2014-10-03,CA-2014-120775,DAX Natural Wood-Tone Poster Frame,Furniture,3.0,10.59,60.0,Central
2014-10-03,CA-2014-120775,Smead Alpha-Z Color-Coded Second Alphabetical Labels and Starter Set,Office Supplies,2.0,2.46,20.0,Central
2014-10-03,CA-2014-120775,Avery Hidden Tab Dividers for Binding Systems,Office Supplies,3.0,0.6,80.0,Central
2014-10-03,CA-2014-120775,Sterling Rubber Bands by Alliance,Office Supplies,4.0,3.77,20.0,Central
2014-02-18,CA-2014-152905,Akro Stacking Bins,Office Supplies,2.0,6.31,20.0,Central
2016-06-12,CA-2016-104633,"IBM Multi-Purpose Copy Paper, 8 1/2 x 11"", Case",Office Supplies,6.0,30.98,0.0,West
2016-06-12,CA-2016-104633,Xerox 228,Office Supplies,2.0,6.48,0.0,West
2017-11-01,CA-2017-104136,Xerox 1939,Office Supplies,10.0,18.97,0.0,East
2017-11-01,CA-2017-104136,Xerox 1893,Office Supplies,1.0,40.99,0.0,East
2016-04-04,CA-2016-123050,"Deflect-o EconoMat Studded, No Bevel Mat for Low Pile Carpeting",Furniture,2.0,41.32,0.0,East
2016-04-04,CA-2016-123050,"Tenex File Box, Personal Filing Tote with Lid, Black",Office Supplies,2.0,15.51,0.0,East
2016-04-04,CA-2016-123050,Logitech Trackman Marble Mouse,Technology,3.0,29.99,0.0,East
2016-06-30,CA-2016-162355,Bulldog Vacuum Base Pencil Sharpener,Office Supplies,3.0,11.99,0.0,South
2016-06-30,CA-2016-162355,O'Sullivan 2-Door Barrister Bookcase in Odessa Pine,Furniture,7.0,180.98,0.0,South
2014-09-22,CA-2014-158225,"File Shuttle II and Handi-File, Black",Office Supplies,5.0,33.89,0.0,West
2014-09-22,CA-2014-158225,Tennsco Commercial Shelving,Office Supplies,2.0,20.34,0.0,West
2017-05-01,CA-2017-102204,Kleencut Forged Office Shears by Acme United Corporation,Office Supplies,2.0,1.66,20.0,South
2017-05-01,CA-2017-102204,Bush Advantage Collection Racetrack Conference Table,Furniture,4.0,233.32,45.0,South
2017-05-01,CA-2017-102204,HON 5400 Series Task Chairs for Big and Tall,Furniture,5.0,560.78,20.0,South
2017-10-20,CA-2017-103065,Woodgrain Magazine Files by Perma,Office Supplies,2.0,2.38,20.0,South
2017-10-20,CA-2017-103065,"REDIFORM Incoming/Outgoing Call Register, 11"" X 8 1/2"", 100 Messages",Office Supplies,1.0,6.67,20.0,South
2017-10-20,CA-2017-103065,Prang Drawing Pencil Set,Office Supplies,2.0,2.22,20.0,South
2017-10-20,CA-2017-103065,DAX Wood Document Frame.,Furniture,4.0,10.98,20.0,South
2014-09-01,CA-2014-109855,Wilson Jones Hanging Recycled Pressboard Data Binders,Office Supplies,2.0,11.87,20.0,East
2014-09-01,CA-2014-109855,WD My Passport Ultra 2TB Portable External Hard Drive,Technology,3.0,119.0,0.0,East
2014-08-12,CA-2014-109897,BlackBerry Q10,Technology,8.0,100.79,20.0,West
2014-08-12,CA-2014-109897,"Seth Thomas 14"" Day/Date Wall Clock",Furniture,3.0,28.48,0.0,West
2014-08-19,US-2014-143581,Space Solutions HD Industrial Steel Shelving.,Office Supplies,3.0,114.97,0.0,South
2015-05-10,CA-2015-129217,Tripp Lite Isotel 8 Ultra 8 Outlet Metal Surge,Office Supplies,5.0,14.19,80.0,Central
2015-05-10,CA-2015-129217,Boston KS Multi-Size Manual Pencil Sharpener,Office Supplies,2.0,18.39,20.0,Central
2016-05-10,CA-2016-133816,ClearOne CHATAttach 160 - speaker phone,Technology,2.0,371.99,40.0,East
2015-03-05,CA-2015-140221,"Performers Binder/Pad Holder, Black",Office Supplies,2.0,5.61,80.0,Central
2015-03-05,CA-2015-140221,Eldon Wave Desk Accessories,Furniture,2.0,2.36,60.0,Central
2015-03-05,CA-2015-140221,Avanti 4.4 Cu. Ft. Refrigerator,Office Supplies,5.0,36.2,80.0,Central
2015-03-05,CA-2015-140221,"Companion Letter/Legal File, Black",Office Supplies,2.0,30.21,20.0,Central
2017-08-12,CA-2017-152310,Hewlett Packard 310 Color Digital Copier,Technology,1.0,299.99,0.0,West
2017-08-12,CA-2017-152310,Xerox 1937,Office Supplies,4.0,48.04,0.0,West
2017-08-12,CA-2017-152310,Grandstream GXP1160 VoIP phone,Technology,8.0,30.33,20.0,West
2017-08-12,CA-2017-152310,Personal File Boxes with Fold-Down Carry Handle,Office Supplies,3.0,15.58,0.0,West
2017-08-12,CA-2017-152310,"Perixx PERIBOARD-512B, Ergonomic Split Keyboard",Technology,5.0,34.99,0.0,West
2017-08-12,CA-2017-152310,Avery Legal 4-Ring Binder,Office Supplies,6.0,16.78,20.0,West
2016-06-26,CA-2016-118101,"White Dual Perf Computer Printout Paper, 2700 Sheets, 1 Part, Heavyweight, 20 lbs., 14 7/8 x 11",Office Supplies,9.0,40.99,0.0,Central
2016-06-26,CA-2016-118101,Insertable Tab Post Binder Dividers,Office Supplies,1.0,8.02,0.0,Central
2016-06-26,CA-2016-118101,"SAFCO Mobile Desk Side File, Wire Frame",Office Supplies,4.0,42.76,0.0,Central
2016-12-15,CA-2016-100307,Xerox 1958,Office Supplies,3.0,6.48,0.0,South
2015-09-13,CA-2015-138457,Heavy-Duty E-Z-D Binders,Office Supplies,4.0,3.27,70.0,South
2014-12-30,CA-2014-131800,Kensington 6 Outlet SmartSocket Surge Protector,Office Supplies,3.0,40.98,0.0,East
2014-12-30,CA-2014-131800,"Cardinal HOLDit! Binder Insert Strips,Extra Strips",Office Supplies,7.0,5.06,20.0,East
2014-04-29,CA-2014-118304,Square Credit Card Reader,Technology,2.0,9.99,0.0,East
2017-01-30,CA-2017-121790,Balt Split Level Computer Training Table,Furniture,1.0,69.38,50.0,Central
2017-01-30,CA-2017-121790,Acme Tagit Stainless Steel Antibacterial Scissors,Office Supplies,4.0,7.92,20.0,Central
2017-01-30,CA-2017-121790,Samsung Galaxy S4,Technology,4.0,500.79,20.0,Central
2017-01-30,CA-2017-121790,"Quartet Omega Colored Chalk, 12/Pack",Office Supplies,2.0,4.67,20.0,Central
2016-12-25,CA-2016-169670,Hon 4700 Series Mobuis Mid-Back Task Chairs with Adjustable Arms,Furniture,8.0,320.38,10.0,East
2016-10-20,CA-2016-139549,Hon Every-Day Chair Series Swivel Task Chairs,Furniture,4.0,96.78,20.0,West
2015-06-13,CA-2015-104059,Newell 320,Office Supplies,1.0,3.42,20.0,East
2017-06-30,CA-2017-164112,"Dual Level, Single-Width Filing Carts",Office Supplies,7.0,155.06,0.0,East
2015-06-26,CA-2015-143882,Universal Premium White Copier/Laser Paper (20Lb. and 87 Bright),Office Supplies,9.0,4.78,20.0,East
2016-02-21,US-2016-139262,Avery Durable Slant Ring Binders With Label Holder,Office Supplies,3.0,1.25,70.0,South
2016-02-21,US-2016-139262,Avery Arch Ring Binders,Office Supplies,2.0,17.43,70.0,South
2016-02-21,US-2016-139262,Standard Rollaway File with Lock,Office Supplies,3.0,144.15,20.0,South
2017-04-22,CA-2017-146192,Tennsco Double-Tier Lockers,Office Supplies,3.0,225.02,0.0,South
2017-05-09,CA-2017-134810,"Tyvek  Top-Opening Peel & Seel Envelopes, Plain White",Office Supplies,3.0,21.74,20.0,South
2017-05-09,CA-2017-134810,Harbour Creations Steel Folding Chair,Furniture,3.0,69.0,20.0,South
2015-12-21,CA-2015-154284,Star Micronics TSP800 TSP847IIU Receipt Printer,Technology,2.0,300.26,30.0,Central
2015-12-21,CA-2015-154284,"Sanford Prismacolor Professional Thick Lead Art Pencils, 36-Color Set",Office Supplies,2.0,29.95,20.0,Central
2015-12-21,CA-2015-154284,Enermax Acrylux Wireless Keyboard,Technology,8.0,79.68,20.0,Central
2015-12-21,CA-2015-154284,"Howard Miller 11-1/2"" Diameter Grantwood Wall Clock",Furniture,3.0,17.25,60.0,Central
2014-08-12,CA-2014-156244,Xerox 229,Office Supplies,6.0,5.18,20.0,South
2014-08-12,CA-2014-156244,Bulldog Vacuum Base Pencil Sharpener,Office Supplies,5.0,9.59,20.0,South
2014-08-12,CA-2014-156244,Maxell 4.7GB DVD-R,Technology,7.0,22.7,20.0,South
2014-08-12,CA-2014-156244,Acco Smartsocket Color-Coded Six-Outlet AC Adapter Model Surge Protectors,Office Supplies,6.0,35.21,20.0,South
2014-08-12,CA-2014-156244,Acco Side-Punched Conventional Columnar Pads,Office Supplies,2.0,2.78,20.0,South
2014-08-12,CA-2014-156244,Avery 501,Office Supplies,1.0,2.95,20.0,South
2015-12-11,CA-2015-106362,GBC Plasticlear Binding Covers,Office Supplies,3.0,3.44,70.0,East
2017-11-03,US-2017-168802,Binder Posts,Office Supplies,4.0,4.59,20.0,West
2017-03-13,US-2017-146906,Panasonic KX T7736-B Digital phone,Technology,2.0,149.95,0.0,East
2016-05-30,CA-2016-166380,"Redi-Strip #10 Envelopes, 4 1/8 x 9 1/2",Office Supplies,9.0,2.95,0.0,South
2016-05-30,CA-2016-166380,Sony Micro Vault Click 16 GB USB 2.0 Flash Drive,Technology,2.0,55.99,0.0,South
2015-07-05,US-2015-158911,Stackable Trays,Furniture,2.0,2.46,20.0,South
2015-07-05,US-2015-158911,Avery 508,Office Supplies,3.0,3.93,20.0,South
2014-03-11,US-2014-103338,Economy #2 Pencils,Office Supplies,3.0,2.66,0.0,West
2015-04-20,CA-2015-109169,Tyvek Side-Opening Peel & Seel Expanding Envelopes,Office Supplies,2.0,90.48,0.0,Central
2017-07-26,US-2017-167318,Logitech Z-906 Speaker sys - home theater - 5.1-CH,Technology,5.0,329.99,0.0,West
2017-07-26,US-2017-167318,"Global Airflow Leather Mesh Back Chair, Black",Furniture,3.0,120.78,20.0,West
2014-10-31,US-2014-120313,Motorola L804,Technology,2.0,36.79,20.0,West
2017-11-03,CA-2017-135419,"SAFCO PlanMaster Boards, 60w x 37-1/2d, White Melamine",Furniture,4.0,121.59,20.0,West
2016-08-11,CA-2016-128671,Xerox 202,Office Supplies,5.0,6.48,0.0,Central
2016-08-11,CA-2016-128671,Avery Hanging File Binders,Office Supplies,7.0,5.98,0.0,Central
2016-08-11,CA-2016-128671,"Premium Transparent Presentation Covers, No Pattern/Clear, 8 1/2"" x 11""",Office Supplies,2.0,38.78,0.0,Central
2016-07-25,CA-2016-149335,Newell 325,Office Supplies,9.0,4.13,0.0,West
2014-03-01,CA-2014-168312,Recycled Steel Personal File for Hanging File Folders,Office Supplies,3.0,45.78,20.0,Central
2014-03-01,CA-2014-168312,Bevis Round Conference Room Tables and Bases,Furniture,3.0,125.5,30.0,Central
2017-01-26,US-2017-105935,Artistic Insta-Plaque,Furniture,4.0,15.68,0.0,South
2017-01-26,US-2017-105935,Samsung Galaxy Mega 6.3,Technology,7.0,419.99,0.0,South
2014-07-12,CA-2014-161508,Hon Deluxe Fabric Upholstered Stacking Chairs,Furniture,3.0,170.79,30.0,Central
2014-07-12,CA-2014-161508,Stockwell Push Pins,Office Supplies,2.0,1.74,20.0,Central
2014-07-12,CA-2014-161508,Fluorescent Highlighters by Dixon,Office Supplies,7.0,3.18,20.0,Central
2014-07-12,CA-2014-161508,Xerox 195,Office Supplies,3.0,5.34,20.0,Central
2017-04-11,CA-2017-130904,Pencil and Crayon Sharpener,Office Supplies,1.0,1.75,20.0,South
2017-04-11,CA-2017-130904,Newell 321,Office Supplies,8.0,2.62,20.0,South
2017-11-13,CA-2017-133620,"Personal Folder Holder, Ebony",Office Supplies,1.0,11.21,0.0,East
2015-12-05,CA-2015-142937,"Boston Electric Pencil Sharpener, Model 1818, Charcoal Black",Office Supplies,2.0,22.52,20.0,Central
2016-09-26,US-2016-149790,Ibico Recycled Linen-Style Covers,Office Supplies,2.0,7.81,80.0,Central
2016-11-19,CA-2016-130778,Disposable Triple-Filter Dust Bags,Office Supplies,2.0,4.37,0.0,East
2016-11-19,CA-2016-130778,"Recycled Desk Saver Line ""While You Were Out"" Book, 5 1/2"" X 4""",Office Supplies,5.0,8.95,0.0,East
2017-09-08,CA-2017-144456,"Decoflex Hanging Personal Folder File, Blue",Office Supplies,5.0,12.34,20.0,South
2017-09-08,CA-2017-144456,Samsung Rugby III,Technology,3.0,52.79,20.0,South
2017-07-21,CA-2017-103478,Avery Poly Binder Pockets,Office Supplies,4.0,0.72,80.0,Central
2017-07-21,CA-2017-103478,Catalog Binders with Expanding Posts,Office Supplies,7.0,13.46,80.0,Central
2017-10-06,CA-2017-118577,Xerox 1886,Office Supplies,3.0,47.9,0.0,East
2017-10-06,CA-2017-118577,Xerox 217,Office Supplies,1.0,6.48,0.0,East
2017-11-07,CA-2017-113572,Maxell CD-R Discs,Technology,4.0,1.97,0.0,East
2016-03-09,CA-2016-153269,"Personal Folder Holder, Ebony",Office Supplies,1.0,11.21,0.0,East
2016-03-09,CA-2016-153269,"Situations Contoured Folding Chairs, 4/Set",Furniture,5.0,70.98,0.0,East
2016-03-09,CA-2016-153269,Xerox 193,Office Supplies,3.0,5.98,0.0,East
2016-03-09,CA-2016-153269,GBC Binding covers,Office Supplies,4.0,12.95,0.0,East
2017-05-13,CA-2017-161655,GBC Twin Loop Wire Binding Elements,Office Supplies,9.0,33.28,0.0,East
2016-07-02,CA-2016-101469,Avery Hi-Liter Pen Style Six-Color Fluorescent Set,Office Supplies,2.0,3.85,0.0,South
2014-12-27,CA-2014-153087,Xerox 1983,Office Supplies,4.0,5.98,0.0,South
2014-12-27,CA-2014-153087,Enermax Acrylux Wireless Keyboard,Technology,5.0,99.6,0.0,South
2017-04-13,CA-2017-135076,"Global Wood Trimmed Manager's Task Chair, Khaki",Furniture,6.0,72.78,20.0,West
2014-11-14,CA-2014-161634,Xerox 192,Office Supplies,5.0,6.48,0.0,South
2017-06-11,CA-2017-141481,Kensington 6 Outlet Guardian Standard Surge Protector,Office Supplies,3.0,20.48,0.0,West
2016-11-25,CA-2016-132549,Sterilite Officeware Hinged File Box,Office Supplies,7.0,10.48,0.0,South
2014-03-21,US-2014-155544,Avery 505,Office Supplies,5.0,11.84,20.0,South
2014-03-21,US-2014-155544,DAX Wood Document Frame,Furniture,3.0,10.98,20.0,South
2014-03-21,US-2014-155544,Global Highback Leather Tilter in Burgundy,Furniture,3.0,72.79,20.0,South
2015-04-30,US-2015-115238,"Eldon 200 Class Desk Accessories, Burgundy",Furniture,5.0,6.28,0.0,East
2015-04-30,US-2015-115238,"DAX Two-Tone Rosewood/Black Document Frame, Desktop, 5 x 7",Furniture,1.0,9.48,0.0,East
2015-04-30,US-2015-115238,"iKross Bluetooth Portable Keyboard + Cell Phone Stand Holder + Brush for Apple iPhone 5S 5C 5, 4S 4",Technology,10.0,20.95,0.0,East
2015-04-30,US-2015-115238,"Eldon Imàge Series Desk Accessories, Clear",Furniture,5.0,4.86,0.0,East
2015-04-30,US-2015-115238,Weyerhaeuser First Choice Laser/Copy Paper (20Lb. and 88 Bright),Office Supplies,1.0,6.48,0.0,East
2017-05-03,CA-2017-132199,"Career Cubicle Clock, 8 1/4"", Black",Furniture,2.0,16.22,20.0,East
2017-05-03,CA-2017-132199,Wilson Jones Legal Size Ring Binders,Office Supplies,4.0,6.6,70.0,East
2017-05-03,CA-2017-132199,Bevis 36 x 72 Conference Tables,Furniture,5.0,74.69,40.0,East
2017-05-03,CA-2017-132199,"Wilson Jones Elliptical Ring 3 1/2"" Capacity Binders, 800 sheets",Office Supplies,5.0,12.84,70.0,East
2017-05-03,CA-2017-132199,Advantus Plastic Paper Clips,Office Supplies,2.0,4.0,20.0,East
2016-08-26,CA-2016-163174,Deflect-o Glass Clear Studded Chair Mats,Furniture,3.0,62.18,0.0,South
2014-04-11,CA-2014-110555,Eldon Simplefile Box Office,Office Supplies,7.0,12.44,0.0,West
2014-04-11,CA-2014-110555,AT&T SB67148 SynJ,Technology,2.0,52.79,20.0,West
2014-04-11,CA-2014-110555,Memorex Mini Travel Drive 64 GB USB 2.0 Flash Drive,Technology,6.0,36.24,0.0,West
2017-01-02,CA-2017-147207,Newell 319,Office Supplies,2.0,15.87,20.0,Central
2017-01-02,CA-2017-147207,Hoover Commercial SteamVac,Office Supplies,2.0,2.72,80.0,Central
2017-01-02,CA-2017-147207,"Bevis Oval Conference Table, Walnut",Furniture,5.0,182.69,30.0,Central
2017-01-02,CA-2017-147207,"Dual Level, Single-Width Filing Carts",Office Supplies,3.0,124.05,20.0,Central
2017-04-28,CA-2017-137631,Samsung Galaxy S4 Mini,Technology,2.0,375.99,20.0,South
2017-01-30,CA-2017-157273,Mitel 5320 IP Phone VoIP phone,Technology,4.0,151.19,20.0,West
2014-09-07,CA-2014-109918,"Acme Design Line 8"" Stainless Steel Bent Scissors w/Champagne Handles, 3-1/8"" Cut",Office Supplies,4.0,6.84,0.0,West
2014-09-07,CA-2014-109918,"Message Book, Wirebound, Four 5 1/2"" X 4"" Forms/Pg., 200 Dupl. Sets/Book",Office Supplies,2.0,10.28,0.0,West
2014-09-07,CA-2014-109918,Avery Legal 4-Ring Binder,Office Supplies,5.0,16.78,20.0,West
2016-06-11,CA-2016-118745,Bretford Rectangular Conference Table Tops,Furniture,3.0,300.9,20.0,West
2016-10-17,CA-2016-163972,"Safco Value Mate Steel Bookcase, Baked Enamel Finish on Steel, Black",Furniture,2.0,60.33,15.0,West
2014-12-27,CA-2014-165393,GBC Standard Therm-A-Bind Covers,Office Supplies,1.0,4.98,80.0,Central
2016-11-24,CA-2016-113726,Howard Miller Distant Time Traveler Alarm Clock,Furniture,3.0,27.42,0.0,West
2016-11-10,CA-2016-152940,Acco Perma 2700 Stacking Storage Drawers,Office Supplies,1.0,29.74,0.0,West
2015-01-05,CA-2015-158701,Acco 6 Outlet Guardian Premium Surge Suppressor,Office Supplies,6.0,14.56,0.0,West
2015-01-05,CA-2015-158701,Fellowes Binding Cases,Office Supplies,6.0,9.36,20.0,West
2017-03-21,CA-2017-156272,APC 7 Outlet Network SurgeArrest Surge Protector,Office Supplies,1.0,64.38,20.0,South
2015-11-12,CA-2015-162964,"Carina 42""Hx23 3/4""W Media Storage Unit",Office Supplies,1.0,64.78,20.0,Central
2015-11-12,CA-2015-162964,Xerox 1957,Office Supplies,3.0,5.18,20.0,Central
2015-11-12,CA-2015-162964,"Blue String-Tie & Button Interoffice Envelopes, 10 x 13",Office Supplies,7.0,31.98,20.0,Central
2014-09-09,CA-2014-103527,"Ampad Poly Cover Wirebound Steno Book, 6"" x 9"" Assorted Colors, Gregg Ruled",Office Supplies,3.0,3.63,20.0,Central
2016-03-17,CA-2016-134544,i.Sound Portable Power - 8000 mAh,Technology,2.0,42.39,20.0,West
2016-02-08,CA-2016-163048,Harbour Creations Steel Folding Chair,Furniture,4.0,60.38,30.0,Central
2016-11-26,CA-2016-145135,Micropad Numeric Keypads,Technology,3.0,19.99,0.0,East
2016-11-26,CA-2016-145135,Xerox 1959,Office Supplies,2.0,6.68,0.0,East
2017-09-04,CA-2017-137582,Pressboard Hanging Data Binders for Unburst Sheets,Office Supplies,3.0,3.94,20.0,West
2015-05-28,CA-2015-149601,Acco Perma 4000 Stacking Storage Drawers,Office Supplies,1.0,16.24,0.0,East
2015-05-28,CA-2015-149601,"Personal Filing Tote with Lid, Black/Gray",Office Supplies,5.0,15.51,0.0,East
2014-11-01,CA-2014-139423,Fellowes Superior 10 Outlet Split Surge Protector,Office Supplies,2.0,38.06,0.0,East
2016-12-27,CA-2016-102596,"OIC Colored Binder Clips, Assorted Sizes",Office Supplies,6.0,2.86,20.0,East
2017-12-04,CA-2017-153227,"Adams Telephone Message Book W/Dividers/Space For Phone Numbers, 5 1/4""X8 1/2"", 300/Messages",Office Supplies,2.0,5.88,0.0,West
2017-12-23,CA-2017-110625,DAX Wood Document Frame,Furniture,2.0,13.73,0.0,East
2016-12-01,CA-2016-142594,Jensen SMPS-640 - speaker phone,Technology,3.0,45.98,0.0,East
2016-12-01,CA-2016-142594,"Executive Impressions 14""",Furniture,5.0,22.23,0.0,East
2016-12-01,CA-2016-142594,Honeywell Enviracaire Portable HEPA Air Cleaner for 17' x 22' Room,Office Supplies,3.0,300.65,0.0,East
2016-12-01,CA-2016-142594,Chromcraft Round Conference Tables,Furniture,3.0,122.0,30.0,East
2014-06-30,CA-2014-152254,Xerox 1913,Office Supplies,7.0,44.38,20.0,South
2014-09-03,US-2014-120236,GBC VeloBinder Strips,Office Supplies,5.0,1.54,80.0,Central
2017-11-02,CA-2017-120061,Office Star Flex Back Scooter Chair with White Frame,Furniture,2.0,77.69,30.0,East
2015-04-13,CA-2015-133837,"Neat Ideas Personal Hanging Folder Files, Black",Office Supplies,1.0,10.74,20.0,West
2015-12-05,CA-2015-110814,Avery Arch Ring Binders,Office Supplies,5.0,46.48,20.0,East
2015-12-05,CA-2015-110814,"Global Armless Task Chair, Royal Blue",Furniture,3.0,54.88,10.0,East
2015-12-05,CA-2015-110814,Xerox 188,Office Supplies,2.0,11.34,0.0,East
2016-02-01,CA-2016-154067,Xerox 1883,Office Supplies,4.0,26.38,0.0,West
2017-07-08,CA-2017-140480,36X48 HARDFLOOR CHAIRMAT,Furniture,4.0,20.98,0.0,East
2017-07-08,CA-2017-140480,Maxell 4.7GB DVD-R,Technology,5.0,28.38,0.0,East
2017-07-08,CA-2017-140480,Tensor Track Tree Floor Lamp,Furniture,2.0,19.99,0.0,East
2017-07-08,CA-2017-140480,Newell 325,Office Supplies,7.0,4.13,0.0,East
2017-07-08,CA-2017-140480,Hunt Boston Vacuum Mount KS Pencil Sharpener,Office Supplies,5.0,34.99,0.0,East
2015-12-11,CA-2015-134082,GBC Recycled Grain Textured Covers,Office Supplies,4.0,27.63,20.0,West
2016-11-15,CA-2016-130820,Hon Racetrack Conference Tables,Furniture,4.0,157.51,40.0,South
2016-05-09,CA-2016-159765,4009 Highlighters by Sanford,Office Supplies,7.0,3.98,0.0,South
2017-03-10,CA-2017-132290,"Bevis Traditional Conference Table Top, Plinth Base",Furniture,4.0,233.35,30.0,Central
2016-12-17,CA-2016-147109,Xerox 214,Office Supplies,10.0,5.18,20.0,Central
2016-12-17,CA-2016-147109,WD My Passport Ultra 1TB Portable External Hard Drive,Technology,3.0,55.2,20.0,Central
2017-04-06,CA-2017-107265,Easy-staple paper,Office Supplies,3.0,35.44,0.0,Central
2017-05-09,CA-2017-118199,"GBC Velobind Prepunched Cover Sets, Regency Series",Office Supplies,5.0,29.58,20.0,West
2017-05-09,CA-2017-118199,Home/Office Personal File Carts,Office Supplies,3.0,34.76,0.0,West
2017-05-09,CA-2017-118199,"Riverside Furniture Oval Coffee Table, Oval End Table, End Table with Drawer",Furniture,1.0,286.85,0.0,West
2017-05-09,CA-2017-118199,Rogers Profile Extra Capacity Storage Tub,Office Supplies,4.0,16.74,0.0,West
2017-05-09,CA-2017-118199,Razer Kraken 7.1 Surround Sound Over Ear USB Gaming Headset,Technology,2.0,99.99,0.0,West
2017-10-12,CA-2017-150091,Imation 8gb Micro Traveldrive Usb 2.0 Flash Drive,Technology,3.0,15.0,0.0,East
2017-10-12,CA-2017-150091,"OIC Colored Binder Clips, Assorted Sizes",Office Supplies,5.0,3.58,0.0,East
2017-10-12,CA-2017-150091,DAX Two-Tone Silver Metal Document Frame,Furniture,2.0,20.24,0.0,East
2017-10-12,CA-2017-150091,"Global Adaptabilites Bookcase, Cherry/Storm Gray Finish",Furniture,5.0,430.98,0.0,East
2016-08-28,CA-2016-137652,GBC VeloBinder Strips,Office Supplies,8.0,2.3,70.0,East
2015-10-02,CA-2015-128356,"Acme Design Line 8"" Stainless Steel Bent Scissors w/Champagne Handles, 3-1/8"" Cut",Office Supplies,2.0,5.47,20.0,West
2017-11-23,CA-2017-167017,Staple remover,Office Supplies,2.0,2.18,0.0,Central
2017-11-12,US-2017-132220,SanDisk Ultra 16 GB MicroSDHC Class 10 Memory Card,Technology,6.0,10.39,20.0,West
2016-12-19,CA-2016-118129,"Eldon ""L"" Workstation Diamond Chairmat",Furniture,5.0,60.78,20.0,East
2014-03-30,US-2014-113124,Space Solutions Commercial Steel Shelving,Office Supplies,2.0,64.65,0.0,Central
2017-11-08,CA-2017-155621,Howard Miller Distant Time Traveler Alarm Clock,Furniture,10.0,27.42,0.0,East
2014-09-14,US-2014-127635,Revere Boxed Rubber Bands by Revere,Office Supplies,4.0,1.51,20.0,Central
2014-09-14,US-2014-127635,Xerox 1900,Office Supplies,2.0,3.42,20.0,Central
2014-09-14,US-2014-127635,Stacking Trays by OIC,Furniture,5.0,1.99,60.0,Central
2014-09-14,US-2014-127635,Trimflex Flexible Post Binders,Office Supplies,2.0,4.28,80.0,Central
2015-09-20,CA-2015-151470,Wilson Jones Impact Binders,Office Supplies,11.0,4.14,20.0,West
2015-12-10,CA-2015-112823,Maxell 4.7GB DVD-RW 3/Pack,Technology,2.0,12.74,20.0,East
2014-05-28,CA-2014-108861,"Green Canvas Binder for 8-1/2"" x 14"" Sheets",Office Supplies,4.0,34.24,20.0,West
2017-03-14,CA-2017-114370,Seidio BD2-HK3IPH5-BK DILEX Case and Holster Combo for Apple iPhone 5/5s - Black,Technology,2.0,24.81,20.0,Central
2016-12-08,CA-2016-158302,"Ampad Gold Fibre Wirebound Steno Books, 6"" x 9"", Gregg Ruled",Office Supplies,3.0,3.53,20.0,East
2017-05-06,CA-2017-145779,Xerox 1883,Office Supplies,4.0,21.1,20.0,West
2016-03-06,US-2016-155173,Wilson SignalBoost 841262 DB PRO Amplifier Kit,Technology,2.0,215.97,40.0,East
2016-03-06,US-2016-155173,Avery Self-Adhesive Photo Pockets for Polaroid Photos,Office Supplies,1.0,2.04,70.0,East
2016-03-06,US-2016-155173,Grandstream GXP1160 VoIP phone,Technology,3.0,22.75,40.0,East
2017-10-23,CA-2017-125451,KI Adjustable-Height Table,Furniture,4.0,60.19,30.0,East
2017-10-23,CA-2017-125451,"Eldon 400 Class Desk Accessories, Black Carbon",Furniture,4.0,8.75,0.0,East
2017-10-23,CA-2017-125451,Deflect-o DuraMat Antistatic Studded Beveled Mat for Medium Pile Carpeting,Furniture,2.0,105.34,0.0,East
2017-10-23,CA-2017-125451,"Office Impressions End Table, 20-1/2""H x 24""W x 20""D",Furniture,3.0,212.63,30.0,East
2017-10-23,CA-2017-125451,"Wirebound Message Book, 4 per Page",Office Supplies,8.0,5.43,0.0,East
2017-10-23,CA-2017-125451,Hoover Replacement Belt for Commercial Guardsman Heavy-Duty Upright Vacuum,Office Supplies,1.0,2.22,0.0,East
2014-04-28,CA-2014-131387,Samsung Galaxy Mega 6.3,Technology,5.0,335.99,20.0,West
2016-04-18,CA-2016-125087,"Global High-Back Leather Tilter, Burgundy",Furniture,4.0,86.09,30.0,Central
2016-04-18,CA-2016-125087,Tennsco 16-Compartment Lockers with Coat Rack,Office Supplies,3.0,518.31,20.0,Central
2016-04-18,CA-2016-125087,"Howard Miller 16"" Diameter Gallery Wall Clock",Furniture,5.0,25.58,60.0,Central
2016-05-22,CA-2016-154081,Nortel Business Series Terminal T7208 Digital phone,Technology,2.0,111.19,20.0,West
2017-05-28,US-2017-118556,"Global Task Chair, Black",Furniture,3.0,35.62,30.0,Central
2017-05-28,US-2017-118556,Storex Dura Pro Binders,Office Supplies,3.0,1.19,80.0,Central
2014-08-25,CA-2014-126200,"Wilson Jones Elliptical Ring 3 1/2"" Capacity Binders, 800 sheets",Office Supplies,3.0,8.56,80.0,Central
2014-08-25,CA-2014-126200,"Square Ring Data Binders, Rigid 75 Pt. Covers, 11"" x 14-7/8""",Office Supplies,3.0,4.13,80.0,Central
2014-08-30,CA-2014-146500,Wilson Jones Standard D-Ring Binders,Office Supplies,5.0,5.06,0.0,East
2014-08-30,CA-2014-146500,Fellowes Bankers Box Stor/Drawer Steel Plus,Office Supplies,3.0,31.98,0.0,East
2015-09-03,CA-2015-169537,Smead Alpha-Z Color-Coded Name Labels First Letter Starter Set,Office Supplies,2.0,3.75,0.0,Central
2014-03-28,CA-2014-100881,AT&T TR1909W,Technology,3.0,100.79,20.0,West
2015-05-10,CA-2015-144043,Belkin Standard 104 key USB Keyboard,Technology,4.0,11.67,20.0,West
2015-04-09,CA-2015-116512,"Perma STOR-ALL Hanging File Box, 13 1/8""W x 12 1/4""D x 10 1/2""H",Office Supplies,3.0,5.98,0.0,East
2015-04-09,CA-2015-101000,Honeywell Enviracaire Portable HEPA Air Cleaner for up to 10 x 16 Room,Office Supplies,3.0,123.38,0.0,East
2016-09-19,CA-2016-168557,Avery Heavy-Duty EZD  Binder With Locking Rings,Office Supplies,2.0,4.46,20.0,West
2016-11-11,US-2016-164196,Balt Solid Wood Round Tables,Furniture,6.0,446.49,0.0,Central
2017-04-23,US-2017-132031,O'Sullivan 4-Shelf Bookcase in Odessa Pine,Furniture,4.0,96.78,20.0,South
2017-04-23,US-2017-132031,Maxell 4.7GB DVD-R,Technology,2.0,22.7,20.0,South
2017-04-23,US-2017-132031,Tenex Chairmats For Use with Hard Floors,Furniture,3.0,25.98,20.0,South
2017-04-23,US-2017-132031,Avery 496,Office Supplies,1.0,3.0,20.0,South
2015-10-22,CA-2015-169733,Eldon Simplefile Box Office,Office Supplies,1.0,9.95,20.0,South
2017-04-09,CA-2017-169404,Tuf-Vin Binders,Office Supplies,4.0,9.47,70.0,East
2017-04-09,CA-2017-169404,Xerox 1893,Office Supplies,2.0,32.79,20.0,East
2017-10-27,CA-2017-134880,Xerox 1882,Office Supplies,1.0,44.78,20.0,West
2015-10-30,CA-2015-145758,Star Micronics TSP100 TSP143LAN Receipt Printer,Technology,4.0,258.95,0.0,East
2017-12-18,CA-2017-158736,Newell 335,Office Supplies,2.0,2.88,0.0,West
2016-03-12,US-2016-119270,Hammermill Color Copier Paper (28Lb. and 96 Bright),Office Supplies,2.0,9.99,0.0,West
2014-07-21,CA-2014-109890,Griffin GC17055 Auxiliary Audio Cable,Technology,2.0,17.99,0.0,Central
2016-05-24,CA-2016-138583,BIC Liqua Brite Liner,Office Supplies,3.0,5.55,20.0,East
2017-02-11,US-2017-118535,Avery 473,Office Supplies,2.0,10.35,0.0,East
2016-09-20,CA-2016-126284,GBC Poly Designer Binding Covers,Office Supplies,5.0,16.74,0.0,Central
2017-09-24,CA-2017-142391,12-1/2 Diameter Round Wall Clock,Furniture,10.0,19.98,0.0,West
2017-03-27,CA-2017-124716,Xerox 1982,Office Supplies,2.0,22.84,0.0,West
2017-03-27,CA-2017-124716,Xerox 1913,Office Supplies,2.0,55.48,0.0,West
2017-03-27,CA-2017-124716,Unpadded Memo Slips,Office Supplies,3.0,3.98,0.0,West
2016-02-02,CA-2016-158841,"HP Designjet T520 Inkjet Large Format Printer - 24"" Color",Technology,5.0,1749.99,0.0,South
2016-02-02,CA-2016-158841,Presstex Flexible Ring Binders,Office Supplies,8.0,4.55,0.0,South
2016-02-02,CA-2016-158841,Acrylic Self-Standing Desk Frames,Furniture,7.0,2.67,0.0,South
2017-07-07,CA-2017-106824,"Brites Rubber Bands, 1 1/2 oz. Box",Office Supplies,3.0,1.98,0.0,West
2015-10-23,CA-2015-109190,"TOPS 4 x 6 Fluorescent Color Memo Sheets, 500 Sheets per Pack",Office Supplies,8.0,7.59,20.0,Central
2015-10-23,CA-2015-109190,Canon PC-428 Personal Copier,Technology,3.0,159.99,20.0,Central
2015-10-23,CA-2015-109190,Ibico Plastic Spiral Binding Combs,Office Supplies,1.0,6.08,80.0,Central
2016-12-02,CA-2016-143154,WD My Passport Ultra 1TB Portable External Hard Drive,Technology,3.0,55.2,20.0,West
2014-03-05,CA-2014-169061,Newell 345,Office Supplies,3.0,19.84,0.0,East
2014-03-05,CA-2014-169061,Logitech Wireless Gaming Headset G930,Technology,3.0,159.99,0.0,East
2014-03-05,CA-2014-169061,Acme Forged Steel Scissors with Black Enamel Handles,Office Supplies,2.0,9.31,0.0,East
2014-03-05,CA-2014-169061,GBC Wire Binding Combs,Office Supplies,6.0,8.27,20.0,East
2014-03-05,CA-2014-169061,Xerox 1891,Office Supplies,2.0,48.91,0.0,East
2015-03-01,CA-2015-102316,Square Credit Card Reader,Technology,2.0,7.99,20.0,West
2015-03-01,CA-2015-102316,Global Deluxe Steno Chair,Furniture,3.0,61.58,20.0,West
2014-02-20,CA-2014-164903,Xerox 204,Office Supplies,2.0,6.48,0.0,West
2016-05-02,CA-2016-109400,"Office Star - Contemporary Task Swivel chair with Loop Arms, Charcoal",Furniture,4.0,91.69,30.0,Central
2016-03-08,CA-2016-130400,Pressboard Hanging Data Binders for Unburst Sheets,Office Supplies,9.0,0.98,80.0,Central
2016-03-08,CA-2016-130400,"Verbatim 25 GB 6x Blu-ray Single Layer Recordable Disc, 3/Pack",Technology,5.0,5.59,20.0,Central
2016-03-08,CA-2016-130400,"Tyvek Interoffice Envelopes, 9 1/2"" x 12 1/2"", 100/Box",Office Supplies,3.0,48.78,20.0,Central
2015-12-11,CA-2015-135853,Maxell 4.7GB DVD+RW 3/Pack,Technology,11.0,15.93,0.0,Central
2015-12-11,CA-2015-135853,BlackBerry Q10,Technology,1.0,125.99,0.0,Central
2015-12-11,CA-2015-135853,Ibico Covers for Plastic or Wire Binding Elements,Office Supplies,2.0,11.5,0.0,Central
2016-12-22,CA-2016-103359,"GBC Pre-Punched Binding Paper, Plastic, White, 8-1/2"" x 11""",Office Supplies,2.0,12.79,20.0,East
2016-02-02,CA-2016-144645,"Deflect-o RollaMat Studded, Beveled Mat for Medium Pile Carpeting",Furniture,2.0,36.89,60.0,Central
2017-06-05,CA-2017-141614,Xerox 227,Office Supplies,4.0,5.18,20.0,South
2015-08-21,CA-2015-122168,"Quartet Omega Colored Chalk, 12/Pack",Office Supplies,3.0,5.84,0.0,South
2015-08-21,CA-2015-122168,"Premium Writing Pencils, Soft, #2 by Central Association for the Blind",Office Supplies,12.0,2.98,0.0,South
2016-04-07,CA-2016-132899,Newell 322,Office Supplies,2.0,1.82,0.0,East
2017-06-04,CA-2017-149720,Nu-Dell Executive Frame,Furniture,6.0,5.06,60.0,Central
2017-12-04,CA-2017-118003,"Tensor ""Hersey Kiss"" Styled Floor Lamp",Furniture,1.0,12.99,0.0,East
2017-12-04,CA-2017-118003,"Global Value Steno Chair, Gray",Furniture,3.0,60.74,0.0,East
2017-12-04,CA-2017-118003,Global Low Back Tilter Chair,Furniture,3.0,100.98,0.0,East
2016-01-11,CA-2016-141887,Ultra Door Push Plate,Furniture,14.0,3.93,20.0,East
2016-04-01,US-2016-160206,Cyber Acoustics AC-202b Speech Recognition Stereo Headset,Technology,1.0,12.99,0.0,Central
2017-09-21,CA-2017-133074,"Adams Telephone Message Book w/Frequently-Called Numbers Space, 400 Messages per Book",Office Supplies,7.0,7.98,0.0,West
2017-03-16,CA-2017-161172,OtterBox Defender Series Case - iPhone 5c,Technology,2.0,22.19,40.0,East
2017-03-16,CA-2017-161172,Nu-Dell Oak Frame,Furniture,6.0,8.54,20.0,East
2017-03-16,CA-2017-161172,Avery Binding System Hidden Tab Executive Style Index Sets,Office Supplies,3.0,1.73,70.0,East
2017-03-16,CA-2017-161172,Logitech G700s Rechargeable Gaming Mouse,Technology,2.0,79.99,20.0,East
2017-03-16,CA-2017-161172,"File Shuttle II and Handi-File, Black",Office Supplies,2.0,27.11,20.0,East
2017-11-10,CA-2017-137624,"Global Leather & Oak Executive Chair, Burgundy",Furniture,2.0,120.71,20.0,West
2016-11-30,CA-2016-156748,"REDIFORM Incoming/Outgoing Call Register, 11"" X 8 1/2"", 100 Messages",Office Supplies,4.0,8.34,0.0,Central
2016-11-30,CA-2016-156748,"Adams Phone Message Book, 200 Message Capacity, 8 1/16” x 11”",Office Supplies,2.0,6.88,0.0,Central
2016-11-30,CA-2016-156748,Sensible Storage WireTech Storage Systems,Office Supplies,7.0,70.98,0.0,Central
2016-11-30,CA-2016-156748,High-Back Leather Manager's Chair,Furniture,3.0,129.99,0.0,Central
2015-01-13,CA-2015-169677,Avery 508,Office Supplies,2.0,4.91,0.0,South
2014-05-16,US-2014-163146,Imation Clip USB flash drive - 8 GB,Technology,3.0,18.8,0.0,West
2015-06-07,CA-2015-157343,Aluminum Screw Posts,Office Supplies,4.0,4.58,70.0,East
2015-06-07,CA-2015-157343,Xerox 200,Office Supplies,5.0,5.18,20.0,East
2015-06-07,CA-2015-157343,Avery Fluorescent Highlighter Four-Color Set,Office Supplies,3.0,2.67,20.0,East
2017-03-09,CA-2017-147354,Hewlett Packard 310 Color Digital Copier,Technology,2.0,239.99,20.0,West
2017-03-09,CA-2017-147354,DXL Angle-View Binders with Locking Rings by Samsill,Office Supplies,5.0,6.17,20.0,West
2015-12-22,CA-2015-157287,"Tennsco Lockers, Sand",Office Supplies,2.0,16.78,20.0,East
2015-12-22,CA-2015-157287,Harbour Creations Steel Folding Chair,Furniture,7.0,60.38,30.0,East
2014-08-06,CA-2014-137575,Logitech G700s Rechargeable Gaming Mouse,Technology,2.0,99.99,0.0,East
2016-03-27,CA-2016-119074,DAX Two-Tone Silver Metal Document Frame,Furniture,1.0,20.24,0.0,South
2016-03-27,CA-2016-119074,"Eldon Expressions Wood and Plastic Desk Accessories, Oak",Furniture,4.0,9.98,0.0,South
2016-03-27,CA-2016-119074,"Acco Flexible ACCOHIDE Square Ring Data Binder, Dark Blue, 11 1/2"" X 14"" 7/8""",Office Supplies,2.0,16.27,0.0,South
2015-12-05,CA-2015-149566,Memorex Micro Travel Drive 8 GB,Technology,3.0,13.0,0.0,West
2015-12-05,CA-2015-149566,Avery 488,Office Supplies,4.0,3.15,0.0,West
2015-09-11,CA-2015-126186,Deflect-O Glasstique Clear Desk Accessories,Furniture,4.0,6.16,20.0,West
2015-07-17,CA-2015-121132,Avery 479,Office Supplies,3.0,2.09,20.0,Central
2015-07-17,CA-2015-121132,Advantus T-Pin Paper Clips,Office Supplies,4.0,3.61,20.0,Central
2014-05-30,CA-2014-140473,Brother DCP1000 Digital 3 in 1 Multifunction Machine,Technology,3.0,239.99,20.0,Central
2017-11-13,US-2017-102904,Anker Ultrathin Bluetooth Wireless Keyboard Aluminum Cover with Stand ,Technology,8.0,29.99,0.0,South
2016-12-09,CA-2016-102092,"Iceberg OfficeWorks 42"" Round Tables",Furniture,7.0,150.98,0.0,South
2015-03-22,CA-2015-117884,Logitech G602 Wireless Gaming Mouse,Technology,7.0,63.99,20.0,South
2015-03-22,CA-2015-117884,"Iris 3-Drawer Stacking Bin, Black",Office Supplies,9.0,16.71,20.0,South
2016-12-23,CA-2016-132829,Wireless Extenders zBoost YX545 SOHO Signal Booster,Technology,3.0,151.19,20.0,Central
2016-12-23,CA-2016-132829,"Permanent Self-Adhesive File Folder Labels for Typewriters, 1 1/8 x 3 1/2, White",Office Supplies,9.0,5.04,20.0,Central
2016-12-23,CA-2016-132829,Cisco SPA 502G IP Phone,Technology,3.0,95.96,20.0,Central
2016-12-23,CA-2016-132829,Cisco SPA112 2 Port Phone Adapter,Technology,3.0,43.96,20.0,Central
2016-12-23,CA-2016-132829,"GE General Purpose, Extra Long Life, Showcase & Floodlight Incandescent Bulbs",Furniture,2.0,1.16,60.0,Central
2016-04-02,CA-2016-123540,Global Executive Mid-Back Manager's Chair,Furniture,5.0,290.98,0.0,Central
2017-04-30,US-2017-108315,"Acco PRESSTEX Data Binder with Storage Hooks, Light Blue, 9 1/2"" X 11""",Office Supplies,3.0,1.61,70.0,South
2017-04-30,US-2017-108315,Tenex B1-RE Series Chair Mats for Low Pile Carpets,Furniture,6.0,36.78,20.0,South
2016-11-17,CA-2016-134110,Apple EarPods with Remote and Mic,Technology,3.0,22.39,20.0,Central
2016-11-17,CA-2016-134110,"TOPS Voice Message Log Book, Flash Format",Office Supplies,4.0,3.81,20.0,Central
2016-11-10,US-2016-136581,Xerox 227,Office Supplies,6.0,5.18,20.0,East
2016-12-06,CA-2016-162390,Ibico EB-19 Dual Function Manual Binding System,Office Supplies,7.0,138.39,20.0,East
2016-12-06,CA-2016-162390,Trimflex Flexible Post Binders,Office Supplies,13.0,17.1,20.0,East
2016-12-06,CA-2016-162390,Brother DCP1000 Digital 3 in 1 Multifunction Machine,Technology,2.0,239.99,20.0,East
2016-04-03,CA-2016-162222,Xerox 1962,Office Supplies,3.0,3.42,20.0,Central
2014-11-28,CA-2014-121629,StarTech.com 10/100 VDSL2 Ethernet Extender Kit,Technology,5.0,199.77,40.0,Central
2015-10-20,CA-2015-164623,Easy-staple paper,Office Supplies,2.0,12.28,0.0,East
2014-09-19,CA-2014-159849,Revere Boxed Rubber Bands by Revere,Office Supplies,3.0,1.89,0.0,West
2017-08-27,CA-2017-101273,Hoover Portapower Portable Vacuum,Office Supplies,4.0,3.58,20.0,South
2017-07-03,CA-2017-106747,Luxo Professional Combination Clamp-On Lamps,Furniture,1.0,102.3,0.0,East
2017-12-22,CA-2017-146164,"Office Impressions End Table, 20-1/2""H x 24""W x 20""D",Furniture,2.0,303.76,0.0,Central
2017-12-22,CA-2017-146164,Personal File Boxes with Fold-Down Carry Handle,Office Supplies,2.0,15.58,0.0,Central
2016-12-27,CA-2016-111605,Avery 479,Office Supplies,1.0,2.61,0.0,South
2014-05-20,CA-2014-130673,Contemporary Borderless Frame,Furniture,3.0,3.44,60.0,Central
2014-05-20,CA-2014-130673,Xerox 213,Office Supplies,2.0,5.18,20.0,Central
2014-05-20,CA-2014-130673,SanDisk Ultra 16 GB MicroSDHC Class 10 Memory Card,Technology,2.0,10.39,20.0,Central
2014-05-20,CA-2014-130673,Rogers Profile Extra Capacity Storage Tub,Office Supplies,5.0,13.39,20.0,Central
2014-02-04,CA-2014-104808,"GBC Standard Recycled Report Covers, Clear Plastic Sheets",Office Supplies,2.0,8.62,20.0,West
2017-12-09,US-2017-132927,"Wilson Jones 1"" Hanging DublLock Ring Binders",Office Supplies,7.0,1.58,70.0,East
2017-07-11,CA-2017-162015,Logitech P710e Mobile Speakerphone,Technology,5.0,257.49,0.0,West
2017-07-11,CA-2017-162015,Fellowes 8 Outlet Superior Workstation Surge Protector w/o Phone/Fax/Modem Protection,Office Supplies,5.0,33.62,0.0,West
2015-05-15,CA-2015-138492,Fellowes Neat Ideas Storage Cubes,Office Supplies,2.0,25.98,20.0,East
2017-01-29,CA-2017-145338,"Premium Writing Pencils, Soft, #2 by Central Association for the Blind",Office Supplies,2.0,2.38,20.0,East
2017-09-29,CA-2017-126676,Letter or Legal Size Expandable Poly String Tie Envelopes,Office Supplies,3.0,2.66,0.0,East
2017-04-23,CA-2017-101700,Staple envelope,Office Supplies,2.0,9.34,20.0,West
2017-04-23,CA-2017-101700,"Eldon Imàge Series Desk Accessories, Clear",Furniture,3.0,3.89,20.0,West
2017-11-09,CA-2017-159667,Logitech G602 Wireless Gaming Mouse,Technology,3.0,63.99,20.0,South
2017-11-09,CA-2017-159667,Motorola L703CM,Technology,4.0,124.79,20.0,South
2014-05-05,CA-2014-111934,Storex Dura Pro Binders,Office Supplies,2.0,5.94,0.0,South
2014-05-05,CA-2014-111934,Easy-staple paper,Office Supplies,1.0,35.44,0.0,South
2016-10-27,US-2016-117387,Avery Legal 4-Ring Binder,Office Supplies,4.0,16.78,20.0,West
2014-11-26,CA-2014-141110,Wilson Jones Easy Flow II Sheet Lifters,Office Supplies,3.0,1.44,20.0,West
2014-11-26,CA-2014-141110,Xerox 1970,Office Supplies,3.0,4.98,0.0,West
2014-11-26,CA-2014-141110,Fellowes Mighty 8 Compact Surge Protector,Office Supplies,2.0,20.27,0.0,West
2014-11-26,CA-2014-141110,SpineVue Locking Slant-D Ring Binders by Cardinal,Office Supplies,1.0,7.31,20.0,West
2014-12-31,US-2014-133949,Panasonic KX TS3282W Corded phone,Technology,7.0,67.99,20.0,West
2016-01-03,US-2016-116365,Imation Clip USB flash drive - 8 GB,Technology,2.0,15.04,20.0,Central
2016-01-03,US-2016-116365,WD My Passport Ultra 1TB Portable External Hard Drive,Technology,3.0,55.2,20.0,Central
2016-01-03,US-2016-116365,AT&T 17929 Lendline Telephone,Technology,5.0,36.19,20.0,Central
2017-08-18,CA-2017-162936,"Verbatim 25 GB 6x Blu-ray Single Layer Recordable Disc, 10/Pack",Technology,2.0,11.59,0.0,East
2014-06-04,CA-2014-151946,"Seth Thomas 14"" Day/Date Wall Clock",Furniture,2.0,28.48,0.0,East
2014-06-04,CA-2014-151946,"Commercial WindTunnel Clean Air Upright Vacuum, Replacement Belts, Filtration Bags",Office Supplies,4.0,3.89,0.0,East
2014-06-04,CA-2014-151946,O'Sullivan Living Dimensions 5-Shelf Bookcases,Furniture,2.0,176.78,20.0,East
2014-06-04,CA-2014-151946,G.E. Halogen Desk Lamp Bulbs,Furniture,2.0,6.98,0.0,East
2017-11-13,CA-2017-123624,Kensington K72356US Mouse-in-a-Box USB Desktop Mouse,Technology,5.0,16.59,0.0,West
2016-01-28,CA-2016-146437,Newell 345,Office Supplies,2.0,19.84,0.0,West
2016-11-09,CA-2016-138233,Logitech Wireless Gaming Headset G930,Technology,3.0,159.99,0.0,West
2016-09-10,CA-2016-165918,Avery 487,Office Supplies,2.0,3.69,0.0,West
2016-09-10,CA-2016-165918,Storex Dura Pro Binders,Office Supplies,3.0,4.75,20.0,West
2016-09-10,CA-2016-165918,Xerox 1945,Office Supplies,2.0,40.99,0.0,West
2016-09-10,CA-2016-165918,JM Magazine Binder,Office Supplies,3.0,13.21,20.0,West
2017-03-03,CA-2017-117513,"Lesro Sheffield Collection Coffee Table, End Table, Center Table, Corner Table",Furniture,7.0,57.1,20.0,West
2017-09-08,CA-2017-132437,Adjustable Personal File Tote,Office Supplies,4.0,16.28,0.0,East
2017-11-06,US-2017-119319,"Linden 10"" Round Wall Clock, Black",Furniture,5.0,6.11,60.0,Central
2017-05-13,CA-2017-104318,Fellowes Basic Home/Office Series Surge Protectors,Office Supplies,2.0,10.38,20.0,South
2016-11-27,US-2016-114230,Eldon Simplefile Box Office,Office Supplies,4.0,9.95,20.0,West
2015-11-13,CA-2015-136147,Catalog Binders with Expanding Posts,Office Supplies,6.0,20.18,70.0,South
2015-11-13,CA-2015-136147,Maxell LTO Ultrium - 800 GB,Technology,5.0,22.39,20.0,South
2015-12-08,CA-2015-156118,Southworth Parchment Paper & Envelopes,Office Supplies,3.0,5.23,20.0,West
2015-09-07,CA-2015-164084,Mobile Personal File Cube,Office Supplies,3.0,23.42,0.0,East
2015-09-07,CA-2015-164084,KeyTronic E03601U1 - Keyboard - Beige,Technology,5.0,18.0,0.0,East
2015-09-07,CA-2015-164084,"Acco Pressboard Covers with Storage Hooks, 9 1/2"" x 11"", Executive Red",Office Supplies,2.0,3.05,20.0,East
2015-09-07,CA-2015-164084,Bretford CR8500 Series Meeting Room Furniture,Furniture,2.0,240.59,40.0,East
2015-09-07,CA-2015-164084,Assorted Color Push Pins,Office Supplies,4.0,1.81,0.0,East
2016-07-28,CA-2016-107783,"Safco Value Mate Series Steel Bookcases, Baked Enamel Finish on Steel, Gray",Furniture,5.0,35.49,50.0,East
2016-07-28,CA-2016-107783,GBC Ibimaster 500 Manual ProClick Binding System,Office Supplies,6.0,228.29,70.0,East
2016-07-28,CA-2016-107783,"Hoover Replacement Belts For Soft Guard & Commercial Ltweight Upright Vacs, 2/Pk",Office Supplies,3.0,3.16,20.0,East
2017-08-25,CA-2017-159793,Bush Somerset Collection Bookcase,Furniture,2.0,65.49,50.0,East
2014-04-30,CA-2014-160094,Hunt Boston Vacuum Mount KS Pencil Sharpener,Office Supplies,5.0,34.99,0.0,South
2014-04-30,CA-2014-160094,Economy Rollaway Files,Office Supplies,5.0,165.2,0.0,South
2017-04-27,CA-2017-151281,Luxo Economy Swing Arm Lamp,Furniture,7.0,19.94,0.0,West
2017-07-23,CA-2017-118346,Logitech G600 MMO Gaming Mouse,Technology,5.0,79.99,0.0,Central
2014-12-13,CA-2014-129819,"ACCOHIDE 3-Ring Binder, Blue, 1""",Office Supplies,3.0,4.13,0.0,South
2017-01-12,US-2017-148551,GBC Ibimaster 500 Manual ProClick Binding System,Office Supplies,5.0,152.2,80.0,Central
2017-12-02,CA-2017-147767,Vinyl Sectional Post Binders,Office Supplies,6.0,11.31,70.0,West
2015-11-08,CA-2015-108259,OIC Binder Clips,Office Supplies,11.0,2.86,20.0,South
2015-11-08,CA-2015-108259,"Permanent Self-Adhesive File Folder Labels for Typewriters, 1 1/8 x 3 1/2, White",Office Supplies,1.0,5.04,20.0,South
2015-11-08,CA-2015-108259,Poly Designer Cover & Back,Office Supplies,7.0,5.7,70.0,South
2015-11-08,CA-2015-108259,Eldon Wave Desk Accessories,Furniture,1.0,4.71,20.0,South
2016-11-25,CA-2016-113341,"Padded Folding Chairs, Black, 4/Carton",Furniture,3.0,64.78,20.0,West
2015-12-05,US-2015-131842,"Global Push Button Manager's Chair, Indigo",Furniture,2.0,48.71,20.0,South
2016-07-29,CA-2016-164574,Fellowes High-Stak Drawer Files,Office Supplies,5.0,140.95,20.0,South
2016-07-29,CA-2016-164574,"Premier Elliptical Ring Binder, Black",Office Supplies,3.0,9.13,70.0,South
2014-09-13,CA-2014-142769,OIC Thumb-Tacks,Office Supplies,5.0,1.14,0.0,West
2014-09-13,CA-2014-142769,C-Line Cubicle Keepers Polyproplyene Holder With Velcro Backings,Furniture,3.0,4.73,0.0,West
2014-09-13,CA-2014-142769,Acme Value Line Scissors,Office Supplies,2.0,3.65,0.0,West
2014-09-13,CA-2014-142769,Logitech Wireless Performance Mouse MX for PC and Mac,Technology,2.0,99.99,0.0,West
2014-09-13,CA-2014-142769,Memorex Mini Travel Drive 64 GB USB 2.0 Flash Drive,Technology,4.0,36.24,0.0,West
2014-09-13,CA-2014-142769,WD My Passport Ultra 500GB Portable External Hard Drive,Technology,2.0,59.0,0.0,West
2014-09-13,CA-2014-142769,Xerox 1942,Office Supplies,1.0,48.94,0.0,West
2014-09-13,CA-2014-142769,"Holmes Replacement Filter for HEPA Air Cleaner, Medium Room",Office Supplies,2.0,11.33,0.0,West
2016-06-21,CA-2016-168361,Avery Durable Slant Ring Binders With Label Holder,Office Supplies,1.0,0.84,80.0,Central
2016-09-03,CA-2016-153185,"Wirebound Four 2-3/4 x 5 Forms per Page, 400 Sets per Book",Office Supplies,6.0,5.16,20.0,East
2017-11-25,CA-2017-124765,O'Sullivan Manor Hill 2-Door Library in Brianna Oak,Furniture,5.0,144.78,20.0,South
2015-05-12,CA-2015-131856,DAX Wood Document Frame.,Furniture,4.0,5.49,60.0,Central
2015-05-12,CA-2015-131856,Digium D40 VoIP phone,Technology,6.0,103.19,20.0,Central
2015-05-12,CA-2015-131856,Xerox 1964,Office Supplies,7.0,18.27,20.0,Central
2017-03-30,CA-2017-126634,Flat Face Poster Frame,Furniture,5.0,18.84,0.0,West
2016-11-17,CA-2016-118500,Acme Tagit Stainless Steel Antibacterial Scissors,Office Supplies,5.0,9.9,0.0,West
2016-12-30,CA-2016-163951,Newell 31,Office Supplies,5.0,3.3,20.0,East
2016-12-22,CA-2016-149916,Wilson Jones International Size A4 Ring Binders,Office Supplies,4.0,13.84,20.0,West
2016-12-22,CA-2016-149916,Texas Instrument TI-15 Fraction Calculator,Technology,1.0,11.56,20.0,West
2015-12-20,CA-2015-158918,Easy-staple paper,Office Supplies,4.0,4.28,0.0,West
2014-12-27,US-2014-159611,"Eldon ""L"" Workstation Diamond Chairmat",Furniture,3.0,60.78,20.0,East
2014-12-27,US-2014-159611,Safco Industrial Shelving,Office Supplies,2.0,59.08,20.0,East
2017-02-16,CA-2017-163265,"Vinyl Coated Wire Paper Clips in Organizer Box, 800/Box",Office Supplies,2.0,9.18,20.0,Central
2017-02-16,CA-2017-163265,Global Deluxe High-Back Manager's Chair,Furniture,3.0,200.19,30.0,Central
2017-02-16,CA-2017-163265,"Tennsco Lockers, Gray",Office Supplies,3.0,16.78,20.0,Central
2017-02-16,CA-2017-163265,Newell 312,Office Supplies,6.0,4.67,20.0,Central
2017-02-16,CA-2017-163265,"Executive Impressions 13"" Clairmont Wall Clock",Furniture,1.0,7.69,60.0,Central
2017-10-24,CA-2017-141705,Hon 2111 Invitation Series Straight Table,Furniture,5.0,103.48,30.0,Central
2016-09-02,CA-2016-112739,"Acco PRESSTEX Data Binder with Storage Hooks, Dark Blue, 9 1/2"" X 11""",Office Supplies,8.0,1.08,80.0,Central
2016-09-02,CA-2016-112739,Logitech MX Performance Wireless Mouse,Technology,5.0,31.91,20.0,Central
2016-12-01,CA-2016-143805,Honeywell Enviracaire Portable HEPA Air Cleaner for 17' x 22' Room,Office Supplies,7.0,300.65,0.0,South
2016-12-01,CA-2016-143805,Acme Softgrip Scissors,Office Supplies,5.0,8.14,0.0,South
2014-11-05,CA-2014-133634,Maxell 4.7GB DVD-RW 3/Pack,Technology,3.0,15.93,0.0,South
2017-11-25,CA-2017-101665,DIXON Oriole Pencils,Office Supplies,2.0,2.58,0.0,West
2016-12-16,CA-2016-155446,Imation USB 2.0 Swivel Flash Drive USB flash drive - 4 GB - Pink,Technology,7.0,3.03,0.0,West
2017-11-14,CA-2017-137323,"Letter/Legal File Tote with Clear Snap-On Lid, Black Granite",Office Supplies,6.0,16.06,0.0,East
2016-06-26,CA-2016-144015,Premier Electric Letter Opener,Office Supplies,2.0,115.86,0.0,West
2016-06-26,CA-2016-144015,OIC Binder Clips,Office Supplies,5.0,3.58,0.0,West
2016-06-26,CA-2016-144015,"Ampad Phone Message Book, Recycled, 400 Message Capacity, 5 ¾” x 11”",Office Supplies,2.0,6.24,0.0,West
2014-12-26,CA-2014-101427,"Eldon Spacemaker Box, Quick-Snap Lid, Clear",Office Supplies,3.0,2.67,20.0,East
2016-08-14,CA-2016-136770,Cisco IP Phone 7961G-GE VoIP phone,Technology,2.0,129.95,40.0,East
2016-08-14,CA-2016-136770,Plantronics Voyager Pro Legend,Technology,2.0,123.59,40.0,East
2016-08-14,CA-2016-136770,Logitech G500s Laser Gaming Mouse with Adjustable Weight Tuning,Technology,5.0,55.99,20.0,East
2016-10-24,CA-2016-118311,NETGEAR N750 Dual Band Wi-Fi Gigabit Router,Technology,5.0,90.0,0.0,West
2014-08-23,US-2014-112795,Xerox 1993,Office Supplies,3.0,6.48,0.0,Central
2017-09-15,CA-2017-127096,Bretford Rectangular Conference Table Tops,Furniture,1.0,300.9,20.0,West
2017-06-15,CA-2017-119284,HTC One,Technology,3.0,79.99,20.0,South
2017-06-15,CA-2017-119284,Staple-based wall hangings,Furniture,4.0,7.79,20.0,South
2017-06-15,CA-2017-119284,"Barricks 18"" x 48"" Non-Folding Utility Table with Bottom Storage Shelf",Furniture,2.0,60.48,40.0,South
2017-06-15,CA-2017-119284,Samsung Galaxy S III - 16GB - pebble blue (T-Mobile),Technology,8.0,279.99,20.0,South
2017-06-15,CA-2017-119284,Staple holder,Office Supplies,8.0,9.58,20.0,South
2017-06-15,CA-2017-119284,"Hot File 7-Pocket, Floor Stand",Office Supplies,1.0,142.78,20.0,South
2017-06-15,CA-2017-119284,Xerox 1955,Office Supplies,5.0,18.27,20.0,South
2015-03-01,CA-2015-133494,Hoover Replacement Belt for Commercial Guardsman Heavy-Duty Upright Vacuum,Office Supplies,2.0,1.78,20.0,East
2016-07-23,CA-2016-111318,Griffin GC17055 Auxiliary Audio Cable,Technology,8.0,14.39,20.0,Central
2014-10-01,US-2014-132745,Sterling Rubber Bands by Alliance,Office Supplies,1.0,4.71,0.0,West
2014-09-08,CA-2014-146815,Global Super Steno Chair,Furniture,2.0,86.38,10.0,East
2014-09-08,CA-2014-146815,Nontoxic Chalk,Office Supplies,2.0,1.76,0.0,East
2014-11-16,CA-2014-119144,OtterBox Commuter Series Case - Samsung Galaxy S4,Technology,4.0,19.99,20.0,West
2014-11-16,CA-2014-119144,"Bush Andora Bookcase, Maple/Graphite Gray Finish",Furniture,3.0,101.99,15.0,West
2014-11-16,CA-2014-119144,Space Solutions HD Industrial Steel Shelving.,Office Supplies,3.0,114.97,0.0,West
2014-03-03,CA-2014-105648,"Bevis Oval Conference Table, Walnut",Furniture,3.0,208.78,20.0,West
2015-12-03,US-2015-145422,"Sauder Forest Hills Library, Woodland Oak Finish",Furniture,3.0,119.83,15.0,West
2017-07-11,CA-2017-136623,Belkin iPhone and iPad Lightning Cable,Technology,6.0,11.99,20.0,West
2017-07-11,CA-2017-136623,"Acco Four Pocket Poly Ring Binder with Label Holder, Smoke, 1""",Office Supplies,5.0,5.96,20.0,West
2017-11-16,CA-2017-121678,Prestige Round Ring Binders,Office Supplies,1.0,1.82,70.0,East
2016-06-12,CA-2016-120824,APC 7 Outlet Network SurgeArrest Surge Protector,Office Supplies,4.0,16.1,80.0,Central
2016-06-12,CA-2016-120824,Dax Clear Box Frame,Furniture,2.0,3.49,60.0,Central
2016-06-12,CA-2016-120824,Nontoxic Chalk,Office Supplies,8.0,1.41,20.0,Central
2016-06-12,CA-2016-120824,Xerox 1975,Office Supplies,3.0,5.18,20.0,Central
2016-06-12,CA-2016-120824,Global Enterprise Series Seating High-Back Swivel/Tilt Chairs,Furniture,2.0,189.69,30.0,Central
2016-06-12,CA-2016-120824,Staple magnet,Office Supplies,9.0,7.5,20.0,Central
2016-06-12,CA-2016-120824,"Acco Pressboard Covers with Storage Hooks, 14 7/8"" x 11"", Executive Red",Office Supplies,2.0,0.76,80.0,Central
2016-12-29,US-2016-135209,Xerox 1898,Office Supplies,7.0,5.34,20.0,South
2016-12-29,US-2016-135209,Astroparche Fine Business Paper,Office Supplies,6.0,4.22,20.0,South
2017-03-18,CA-2017-148145,Deluxe Chalkboard Eraser Cleaner,Office Supplies,4.0,11.55,0.0,West
2015-12-27,CA-2015-103870,Maxell CD-R Discs,Technology,3.0,1.58,20.0,South
2015-12-27,CA-2015-103870,"Executive Impressions 14"" Contract Wall Clock with Quartz Movement",Furniture,3.0,17.78,20.0,South
2015-12-27,CA-2015-103870,O'Sullivan 5-Shelf Heavy-Duty Bookcases,Furniture,2.0,65.55,20.0,South
2015-12-27,CA-2015-103870,Staple magnet,Office Supplies,3.0,7.5,20.0,South
2015-12-27,CA-2015-103870,SanDisk Ultra 16 GB MicroSDHC Class 10 Memory Card,Technology,7.0,10.39,20.0,South
2015-07-31,CA-2015-111017,"Acme 10"" Easy Grip Assistive Scissors",Office Supplies,3.0,17.53,0.0,Central
2017-06-27,CA-2017-116988,Xerox 1997,Office Supplies,3.0,6.48,0.0,West
2017-06-27,CA-2017-116988,Executive Impressions Supervisor Wall Clock,Furniture,3.0,42.1,0.0,West
2017-06-27,CA-2017-116988,Logitech P710e Mobile Speakerphone,Technology,5.0,257.49,0.0,West
2014-02-07,US-2014-169390,Acco Perma 4000 Stacking Storage Drawers,Office Supplies,4.0,16.24,0.0,East
2016-09-04,CA-2016-168774,"Hot File 7-Pocket, Floor Stand",Office Supplies,3.0,178.47,0.0,Central
2017-04-06,CA-2017-161592,3M Organizer Strips,Office Supplies,5.0,1.62,70.0,South
2017-12-08,US-2017-131961,BIC Brite Liner Highlighters,Office Supplies,4.0,3.31,20.0,East
2017-12-08,US-2017-131961,iHome FM Clock Radio with Lightning Dock,Technology,2.0,41.99,40.0,East
2016-07-24,CA-2016-102498,Panasonic KP-4ABK Battery-Operated Pencil Sharpener,Office Supplies,5.0,14.64,0.0,South
2015-11-09,CA-2015-113222,Avery Poly Binder Pockets,Office Supplies,3.0,3.58,0.0,Central
2015-10-02,US-2015-144771,9-3/4 Diameter Round Wall Clock,Furniture,1.0,11.03,20.0,West
2015-10-02,US-2015-144771,SanDisk Ultra 32 GB MicroSDHC Class 10 Memory Card,Technology,3.0,17.68,20.0,West
2015-11-22,CA-2015-162376,Newell 341,Office Supplies,4.0,4.28,0.0,East
2015-11-22,CA-2015-162376,Xerox 1936,Office Supplies,3.0,19.98,0.0,East
2017-02-02,CA-2017-128076,Eldon Antistatic Chair Mats for Low to Medium Pile Carpets,Furniture,2.0,105.29,0.0,West
2017-02-02,CA-2017-128076,GBC Durable Plastic Covers,Office Supplies,2.0,15.48,20.0,West
2017-02-02,CA-2017-128076,"HP Officejet Pro 8600 e-All-In-One Printer, Copier, Scanner, Fax",Technology,2.0,119.99,20.0,West
2015-06-16,US-2015-163825,Fellowes PB500 Electric Punch Plastic Comb Binding Machine with Manual Bind,Office Supplies,3.0,1016.79,20.0,East
2015-06-16,US-2015-163825,RCA Visys Integrated PBX 8-Line Router,Technology,2.0,66.99,0.0,East
2016-05-05,CA-2016-105662,"Snap-A-Way Black Print Carbonless Speed Message, No Reply Area, Duplicate",Office Supplies,4.0,23.31,20.0,South
2016-05-05,CA-2016-105662,Avaya 4621SW VoIP phone,Technology,3.0,59.16,20.0,South
2017-09-09,CA-2017-152198,Avery 501,Office Supplies,6.0,2.95,20.0,East
2017-09-09,CA-2017-152198,3M Organizer Strips,Office Supplies,3.0,1.62,70.0,East
2017-09-09,CA-2017-152198,"Acco Data Flex Cable Posts For Top & Bottom Load Binders, 6"" Capacity",Office Supplies,2.0,3.13,70.0,East
2016-07-22,CA-2016-114307,Belkin F9H710-06 7 Outlet SurgeMaster Surge Protector,Office Supplies,2.0,18.84,0.0,East
2016-07-22,CA-2016-114307,Xerox 216,Office Supplies,8.0,6.48,0.0,East
2016-07-22,CA-2016-114307,"Eldon Stackable Tray, Side-Load, Legal, Smoke",Furniture,3.0,9.14,0.0,East
2016-07-22,CA-2016-114307,Wilson Jones Easy Flow II Sheet Lifters,Office Supplies,3.0,1.8,0.0,East
2016-01-31,CA-2016-159891,Fellowes PB500 Electric Punch Plastic Comb Binding Machine with Manual Bind,Office Supplies,1.0,1270.99,0.0,South
2016-01-31,CA-2016-159891,"#10 White Business Envelopes,4 1/8 x 9 1/2",Office Supplies,8.0,15.67,0.0,South
2016-12-29,CA-2016-112578,Project Tote Personal File,Office Supplies,1.0,14.03,0.0,West
2016-12-29,CA-2016-112578,Fiskars Spring-Action Scissors,Office Supplies,2.0,13.98,0.0,West
2015-11-21,CA-2015-107083,"Eldon Spacemaker Box, Quick-Snap Lid, Clear",Office Supplies,2.0,2.67,20.0,Central
2015-11-21,CA-2015-107083,Storex DuraTech Recycled Plastic Frosted Binders,Office Supplies,2.0,0.85,80.0,Central
2015-11-21,CA-2015-107083,Kensington 6 Outlet SmartSocket Surge Protector,Office Supplies,3.0,8.2,80.0,Central
2015-11-21,CA-2015-107083,Cardinal Hold-It CD Pocket,Office Supplies,5.0,1.6,80.0,Central
2015-10-05,CA-2015-151722,NETGEAR N750 Dual Band Wi-Fi Gigabit Router,Technology,4.0,72.0,20.0,East
2016-09-12,CA-2016-151148,Lunatik TT5L-002 Taktik Strike Impact Protection System for iPhone 5,Technology,3.0,48.98,20.0,West
2016-09-12,CA-2016-151148,"Global Stack Chair without Arms, Black",Furniture,4.0,20.78,20.0,West
2017-09-14,CA-2017-115882,3.6 Cubic Foot Counter Height Office Refrigerator,Office Supplies,4.0,235.7,20.0,South
2017-09-14,CA-2017-115882,Xerox 1988,Office Supplies,3.0,24.78,20.0,South
2015-02-23,CA-2015-132276,Hoover Portapower Portable Vacuum,Office Supplies,6.0,4.48,0.0,East
2015-02-23,CA-2015-132276,Avery Self-Adhesive Photo Pockets for Polaroid Photos,Office Supplies,2.0,5.45,20.0,East
2016-12-05,CA-2016-163636,Newell 311,Office Supplies,2.0,1.77,20.0,Central
2016-07-02,CA-2016-102813,"Global Airflow Leather Mesh Back Chair, Black",Furniture,5.0,105.69,30.0,Central
2016-07-02,CA-2016-102813,Xerox 201,Office Supplies,8.0,5.18,20.0,Central
2017-12-13,CA-2017-135377,"Bush Andora Bookcase, Maple/Graphite Gray Finish",Furniture,3.0,95.99,20.0,East
2015-03-20,CA-2015-165813,Portable Personal File Box,Office Supplies,3.0,9.77,20.0,West
2015-03-01,CA-2015-133585,Panasonic KP-350BK Electric Pencil Sharpener with Auto Stop,Office Supplies,2.0,27.66,20.0,Central
2015-03-01,CA-2015-133585,"Atlantic Metals Mobile 5-Shelf Bookcases, Custom Colors",Furniture,6.0,204.67,32.0,Central
2016-09-15,CA-2016-116911,Avery Heavy-Duty EZD View Binder with Locking Rings,Office Supplies,4.0,5.1,20.0,West
2016-09-15,CA-2016-116911,Bretford Rectangular Conference Table Tops,Furniture,3.0,376.13,0.0,West
2017-03-17,US-2017-129224,Avery 474,Office Supplies,2.0,2.3,20.0,South
2017-05-28,CA-2017-145765,Panasonic KX TS208W Corded phone,Technology,5.0,39.19,20.0,West
2017-05-28,CA-2017-145765,Xerox 230,Office Supplies,3.0,5.18,20.0,West
2017-05-28,CA-2017-145765,Logitech Gaming G510s - Keyboard,Technology,4.0,67.99,20.0,West
2017-06-15,CA-2017-126914,Global Executive Mid-Back Manager's Chair,Furniture,3.0,232.78,20.0,South
2017-06-15,CA-2017-126914,O'Sullivan 2-Shelf Heavy-Duty Bookcases,Furniture,2.0,38.86,20.0,South
2015-09-06,CA-2015-169572,"SlimView Poly Binder, 3/8""",Office Supplies,9.0,5.18,0.0,South
2017-03-18,CA-2017-162075,Pyle PMP37LED,Technology,7.0,76.79,20.0,Central
2014-12-19,CA-2014-162992,Avery 516,Office Supplies,2.0,7.31,0.0,West
2014-12-19,CA-2014-162992,Advantus T-Pin Paper Clips,Office Supplies,5.0,4.51,0.0,West
2014-12-19,CA-2014-162992,Wi-Ex zBoost YX540 Cellular Phone Signal Booster,Technology,5.0,116.76,20.0,West
2014-12-19,CA-2014-162992,Clarity 53712,Technology,4.0,52.79,20.0,West
2016-07-07,CA-2016-106397,Xerox 226,Office Supplies,2.0,6.48,0.0,West
2016-07-07,CA-2016-106397,Boston KS Multi-Size Manual Pencil Sharpener,Office Supplies,2.0,22.99,0.0,West
2016-04-06,US-2016-150140,Nortel Meridian M5316 Digital phone,Technology,5.0,258.95,0.0,East
2014-05-08,CA-2014-116666,Hewlett Packard LaserJet 3310 Copier,Technology,5.0,359.99,40.0,East
2017-11-23,CA-2017-148992,Xerox 1959,Office Supplies,2.0,5.34,20.0,Central
2016-11-10,CA-2016-140935,Samsung Convoy 3,Technology,2.0,110.99,0.0,Central
2016-11-10,CA-2016-140935,"Sauder Facets Collection Library, Sky Alder Finish",Furniture,2.0,170.98,0.0,Central
2014-12-31,CA-2014-157644,"Verbatim 25 GB 6x Blu-ray Single Layer Recordable Disc, 10/Pack",Technology,3.0,11.59,0.0,East
2014-12-31,CA-2014-157644,Avery 51,Office Supplies,3.0,6.3,0.0,East
2017-08-19,US-2017-100398,"Wilson Jones Elliptical Ring 3 1/2"" Capacity Binders, 800 sheets",Office Supplies,3.0,34.24,20.0,West
2016-09-12,CA-2016-113082,"DAX Contemporary Wood Frame with Silver Metal Mat, Desktop, 11 x 14 Size",Furniture,2.0,20.24,0.0,East
2017-10-26,US-2017-110646,"GBC Velobind Prepunched Cover Sets, Regency Series",Office Supplies,3.0,11.09,70.0,East
2017-10-26,US-2017-110646,Motorla HX550 Universal Bluetooth Headset,Technology,5.0,23.73,40.0,East
2017-10-26,US-2017-110646,Avery 517,Office Supplies,5.0,2.95,20.0,East
2017-05-30,CA-2017-120614,"Rediform S.O.S. 1-Up Phone Message Bk, 4-1/4x3-1/16 Bk, 1 Form/Pg, 40 Messages/Bk, 3/Pk",Office Supplies,4.0,9.38,0.0,West
2016-03-08,US-2016-140172,Honeywell Enviracaire Portable Air Cleaner for up to 8 x 10 Room,Office Supplies,3.0,69.05,10.0,Central
2016-03-08,US-2016-140172,Prang Drawing Pencil Set,Office Supplies,5.0,2.78,0.0,Central
2015-07-26,CA-2015-127754,Office Star - Contemporary Task Swivel Chair,Furniture,3.0,88.78,20.0,West
2015-11-23,CA-2015-144274,Nortel Meridian M3904 Professional Digital phone,Technology,2.0,153.99,0.0,East
2015-11-23,CA-2015-144274,"1/4 Fold Party Design Invitations & White Envelopes, 24 8-1/2"" X 11"" Cards, 25 Env./Pack",Office Supplies,6.0,7.35,0.0,East
2015-11-23,CA-2015-144274,"Sanford Colorific Eraseable Coloring Pencils, 12 Count",Office Supplies,4.0,3.28,0.0,East
2015-11-23,CA-2015-144274,Staple envelope,Office Supplies,2.0,8.28,0.0,East
2015-11-23,CA-2015-144274,Xerox 226,Office Supplies,6.0,6.48,0.0,East
2015-11-28,CA-2015-142930,Xerox 1941,Office Supplies,4.0,83.88,20.0,Central
2017-11-03,CA-2017-100622,Canon Image Class D660 Copier,Technology,2.0,479.99,20.0,South
2017-11-03,CA-2017-100622,Avery Self-Adhesive Photo Pockets for Polaroid Photos,Office Supplies,2.0,2.04,70.0,South
2017-11-03,CA-2017-100622,Hunt Boston Vacuum Mount KS Pencil Sharpener,Office Supplies,2.0,27.99,20.0,South
2017-11-03,CA-2017-100622,Xerox 1923,Office Supplies,2.0,5.34,20.0,South
2017-03-21,CA-2017-117156,Colored Envelopes,Office Supplies,3.0,2.95,20.0,East
2015-12-19,CA-2015-115399,Avery 474,Office Supplies,3.0,2.3,20.0,East
2014-04-02,US-2014-157847,Xerox 1898,Office Supplies,5.0,5.34,20.0,Central
2014-04-02,US-2014-157847,Xerox 1947,Office Supplies,7.0,4.78,20.0,Central
2015-06-05,CA-2015-115168,Xerox 1981,Office Supplies,2.0,5.28,0.0,Central
2014-10-06,CA-2014-109680,Fellowes Staxonsteel Drawer Files,Office Supplies,2.0,193.17,0.0,Central
2016-08-21,CA-2016-167983,Avery Durable Slant Ring Binders With Label Holder,Office Supplies,10.0,3.34,20.0,West
2015-11-15,CA-2015-145324,12-1/2 Diameter Round Wall Clock,Furniture,2.0,19.98,0.0,South
2015-06-22,CA-2015-153423,GBC Ibimaster 500 Manual ProClick Binding System,Office Supplies,2.0,608.78,20.0,East
2017-09-24,US-2017-132675,"Tenex Personal Filing Tote With Secure Closure Lid, Black/Frost",Office Supplies,1.0,15.51,0.0,South
2017-09-24,US-2017-132675,Plantronics Encore H101 Dual Earpieces Headset,Technology,2.0,44.95,0.0,South
2017-09-24,US-2017-132675,Barrel Sharpener,Office Supplies,4.0,3.57,0.0,South
2017-09-24,US-2017-132675,"BIC Brite Liner Grip Highlighters, Assorted, 5/Pack",Office Supplies,3.0,4.24,0.0,South
2017-09-24,US-2017-132675,Self-Adhesive Removable Labels,Office Supplies,5.0,3.15,0.0,South
2014-04-06,CA-2014-153808,Boston Home & Office Model 2000 Electric Pencil Sharpeners,Office Supplies,3.0,23.65,0.0,West
2014-04-06,CA-2014-153808,"Avery Trapezoid Ring Binder, 3"" Capacity, Black, 1040 sheets",Office Supplies,2.0,32.78,20.0,West
2014-04-06,CA-2014-153808,Razer Kraken 7.1 Surround Sound Over Ear USB Gaming Headset,Technology,3.0,99.99,0.0,West
2016-02-09,US-2016-112396,Logitech 910-002974 M325 Wireless Mouse for Web Scrolling,Technology,3.0,29.99,0.0,West
2016-02-09,US-2016-112396,Maxell 4.7GB DVD+RW 3/Pack,Technology,2.0,15.93,0.0,West
2014-11-18,CA-2014-141173,Fellowes Desktop Hanging File Manager,Office Supplies,5.0,13.43,0.0,Central
2017-12-18,CA-2017-156664,"Fellowes Twister Kit, Gray/Clear, 3/pkg",Office Supplies,3.0,2.41,70.0,East
2017-12-18,CA-2017-156664,Ideal Clamps,Office Supplies,3.0,1.61,20.0,East
2017-12-18,CA-2017-156664,"Xerox Color Copier Paper, 11"" x 17"", Ream",Office Supplies,5.0,18.27,20.0,East
2017-12-18,CA-2017-156664,Kensington 4 Outlet MasterPiece Compact Power Control Center,Office Supplies,2.0,65.06,20.0,East
2015-07-02,CA-2015-140718,Geemarc AmpliPOWER60,Technology,1.0,74.24,20.0,South
2015-07-02,CA-2015-140718,24-Hour Round Wall Clock,Furniture,10.0,15.98,20.0,South
2015-07-02,CA-2015-140718,Wilson Jones Turn Tabs Binder Tool for Ring Binders,Office Supplies,2.0,1.45,70.0,South
2015-07-02,CA-2015-140718,Things To Do Today Pad,Office Supplies,2.0,4.7,20.0,South
2014-10-08,CA-2014-119977,Xerox 197,Office Supplies,4.0,30.98,0.0,East
2015-09-22,US-2015-115343,"Acme Hot Forged Carbon Steel Scissors with Nickel-Plated Handles, 3 7/8"" Cut, 8""L",Office Supplies,5.0,11.12,20.0,East
2015-09-22,US-2015-115343,Logitech P710e Mobile Speakerphone,Technology,3.0,205.99,20.0,East
2017-12-24,CA-2017-163671,GBC Instant Index System for Binding Systems,Office Supplies,3.0,7.1,20.0,West
2017-10-13,CA-2017-135909,Logitech Media Keyboard K200,Technology,6.0,34.99,0.0,West
2017-10-13,CA-2017-135909,Anker Astro Mini 3000mAh Ultra-Compact Portable Charger,Technology,2.0,15.99,20.0,West
2017-10-13,CA-2017-135909,Fellowes PB500 Electric Punch Plastic Comb Binding Machine with Manual Bind,Office Supplies,5.0,1016.79,20.0,West
2017-08-20,US-2017-114356,Plantronics Encore H101 Dual Earpieces Headset,Technology,1.0,35.96,20.0,South
2015-09-11,CA-2015-125934,Avery 503,Office Supplies,3.0,10.35,0.0,East
2015-09-11,CA-2015-125934,Eldon Pizzaz Desk Accessories,Furniture,4.0,2.23,0.0,East
2015-09-11,CA-2015-125934,Ibico Laser Imprintable Binding System Covers,Office Supplies,4.0,52.4,0.0,East
2015-09-11,CA-2015-125934,Fellowes Advanced 8 Outlet Surge Suppressor with Phone/Fax Protection,Office Supplies,4.0,27.76,0.0,East
2015-09-11,CA-2015-125934,Xerox 208,Office Supplies,6.0,6.48,0.0,East
2015-12-20,CA-2015-158148,Acco 6 Outlet Guardian Standard Surge Suppressor,Office Supplies,3.0,12.09,0.0,South
2014-09-20,CA-2014-120411,"Bush Heritage Pine Collection 5-Shelf Bookcase, Albany Pine Finish, *Special Order",Furniture,5.0,98.69,30.0,Central
2014-09-20,CA-2014-120411,QVS USB Car Charger 2-Port 2.1Amp for iPod/iPhone/iPad/iPad 2/iPad 3,Technology,2.0,5.56,20.0,Central
2016-11-04,CA-2016-158260,Okidata B400 Printer,Technology,2.0,343.2,20.0,West
2017-12-01,CA-2017-101805,Ibico Presentation Index for Binding Systems,Office Supplies,5.0,3.18,20.0,West
2017-12-01,CA-2017-101805,Eldon Wave Desk Accessories,Furniture,12.0,5.89,0.0,West
2017-12-01,CA-2017-101805,"Tennsco Stur-D-Stor Boltless Shelving, 5 Shelves, 24"" Deep, Sand",Office Supplies,4.0,135.31,0.0,West
2014-10-10,US-2014-105137,Hewlett-Packard Deskjet F4180 All-in-One Color Ink-jet - Printer / copier / scanner,Technology,2.0,51.0,70.0,East
2014-10-10,US-2014-105137,"Premier Elliptical Ring Binder, Black",Office Supplies,2.0,9.13,70.0,East
2017-11-14,CA-2017-142489,Wilson Jones Legal Size Ring Binders,Office Supplies,5.0,4.4,80.0,Central
2016-08-13,US-2016-141264,Premier Electric Letter Opener,Office Supplies,2.0,92.69,20.0,Central
2016-08-13,US-2016-141264,3.6 Cubic Foot Counter Height Office Refrigerator,Office Supplies,1.0,58.92,80.0,Central
2017-09-17,CA-2017-126928,Lexmark 20R1285 X6650 Wireless All-in-One Printer,Technology,4.0,120.0,0.0,East
2017-09-17,CA-2017-126928,"SimpliFile Personal File, Black Granite, 15w x 6-15/16d x 11-1/4h",Office Supplies,3.0,11.35,0.0,East
2015-03-23,US-2015-107944,"TOPS Carbonless Receipt Book, Four 2-3/4 x 7-1/4 Money Receipts per Page",Office Supplies,11.0,17.52,0.0,West
2015-03-23,US-2015-107944,Logitech G600 MMO Gaming Mouse,Technology,3.0,79.99,0.0,West
2016-06-30,CA-2016-135594,Kingston Digital DataTraveler 16GB USB 2.0,Technology,7.0,7.16,20.0,Central
2017-10-20,US-2017-115252,PayAnywhere Card Reader,Technology,2.0,7.99,20.0,South
2017-10-20,US-2017-115252,Great White Multi-Use Recycled Paper (20Lb. and 84 Bright),Office Supplies,3.0,4.78,20.0,South
2014-08-25,CA-2014-107398,Wilson Jones Custom Binder Spines & Labels,Office Supplies,4.0,1.63,70.0,East
2014-08-25,CA-2014-107398,Insertable Tab Indexes For Data Binders,Office Supplies,3.0,0.95,70.0,East
2014-08-25,CA-2014-107398,"Cardinal Slant-D Ring Binder, Heavy Gauge Vinyl",Office Supplies,8.0,2.61,70.0,East
2014-07-27,CA-2014-169642,"SAFCO Commercial Wire Shelving, Black",Office Supplies,2.0,138.14,0.0,West
2017-12-01,CA-2017-103968,"Tenex ""The Solids"" Textured Chair Mats",Furniture,9.0,69.96,0.0,West
2016-10-17,CA-2016-147256,Panasonic KX-TG9541B DECT 6.0 Digital 2-Line Expandable Cordless Phone With Digital Answering System,Technology,3.0,149.99,0.0,Central
2016-10-17,CA-2016-147256,Honeywell Enviracaire Portable HEPA Air Cleaner for 16' x 20' Room,Office Supplies,7.0,275.37,0.0,Central
2016-09-16,CA-2016-162159,"Global Value Mid-Back Manager's Chair, Gray",Furniture,2.0,60.89,0.0,South
2015-12-01,CA-2015-111038,GuestStacker Chair with Chrome Finish Legs,Furniture,9.0,297.41,20.0,West
2014-08-05,CA-2014-124723,"SAFCO PlanMaster Heigh-Adjustable Drafting Table Base, 43w x 30d x 30-37h, Black",Furniture,2.0,244.62,30.0,Central
2016-08-15,CA-2016-167241,Luxo Professional Magnifying Clamp-On Fluorescent Lamps,Furniture,3.0,104.01,0.0,West
2016-08-15,CA-2016-167241,"Perma STOR-ALL Hanging File Box, 13 1/8""W x 12 1/4""D x 10 1/2""H",Office Supplies,3.0,5.98,0.0,West
2016-08-15,CA-2016-167241,AT&T 841000 Phone,Technology,3.0,55.2,20.0,West
2016-08-15,CA-2016-167241,"Rediform S.O.S. 1-Up Phone Message Bk, 4-1/4x3-1/16 Bk, 1 Form/Pg, 40 Messages/Bk, 3/Pk",Office Supplies,4.0,9.38,0.0,West
2015-08-07,CA-2015-163237,"Ativa D5772 2-Line 5.8GHz Digital Expandable Corded/Cordless Phone System with Answering & Caller ID/Call Waiting, Black/Silver",Technology,3.0,164.99,0.0,South
2015-08-07,CA-2015-163237,Avery 50,Office Supplies,2.0,12.53,0.0,South
2016-05-31,CA-2016-150483,"Executive Impressions 16-1/2"" Circular Wall Clock",Furniture,3.0,10.69,60.0,Central
2016-05-31,CA-2016-150483,Xerox 1899,Office Supplies,4.0,4.62,20.0,Central
2016-05-31,CA-2016-150483,Global Highback Leather Tilter in Burgundy,Furniture,3.0,63.69,30.0,Central
2016-05-31,CA-2016-150483,Xerox 212,Office Supplies,2.0,5.18,20.0,Central
2016-07-01,US-2016-126431,Avery 477,Office Supplies,1.0,30.53,0.0,East
2016-07-01,US-2016-126431,KeyTronic KT400U2 - Keyboard - Black,Technology,3.0,10.28,0.0,East
2016-07-01,US-2016-126431,Southworth 25% Cotton Antique Laid Paper & Envelopes,Office Supplies,9.0,8.34,0.0,East
2016-12-18,CA-2016-139934,I Need's 3d Hello Kitty Hybrid Silicone Case Cover for HTC One X 4g with 3d Hello Kitty Stylus Pen Green/pink,Technology,7.0,9.57,20.0,West
2015-01-26,CA-2015-109603,Xerox 1991,Office Supplies,8.0,22.84,0.0,West
2017-10-28,CA-2017-160661,Avery 519,Office Supplies,3.0,7.31,0.0,East
2017-11-04,CA-2017-102610,Logitech M510 Wireless Mouse,Technology,3.0,31.99,20.0,South
2017-11-04,CA-2017-102610,iOttie XL Car Mount,Technology,9.0,15.99,20.0,South
2017-11-04,CA-2017-102610,Storex Dura Pro Binders,Office Supplies,2.0,1.78,70.0,South
2017-11-04,CA-2017-102610,Avery 481,Office Supplies,2.0,2.46,20.0,South
2016-05-09,US-2016-144057,"Hot File 7-Pocket, Floor Stand",Office Supplies,6.0,142.78,20.0,Central
2016-05-09,US-2016-144057,Ibico Standard Transparent Covers,Office Supplies,4.0,3.3,80.0,Central
2016-05-09,US-2016-144057,Euro Pro Shark Stick Mini Vacuum,Office Supplies,4.0,12.2,80.0,Central
2016-05-09,US-2016-144057,Xerox 1911,Office Supplies,2.0,38.32,20.0,Central
2016-05-09,US-2016-144057,GBC VeloBind Cover Sets,Office Supplies,6.0,3.09,80.0,Central
2014-04-02,CA-2014-160276,Luxo Adjustable Task Clamp Lamp,Furniture,2.0,88.84,0.0,South
2014-04-28,CA-2014-132983,Logitech G600 MMO Gaming Mouse,Technology,2.0,79.99,0.0,East
2016-10-04,CA-2016-145709,Samsung HM1900 Bluetooth Headset,Technology,3.0,17.56,20.0,South
2016-10-04,CA-2016-145709,Magna Visual Magnetic Picture Hangers,Furniture,3.0,3.86,20.0,South
2017-06-11,CA-2017-133928,"Acco Pressboard Covers with Storage Hooks, 14 7/8"" x 11"", Executive Red",Office Supplies,4.0,1.14,70.0,South
2016-01-30,CA-2016-168032,Nokia Lumia 1020,Technology,4.0,359.99,20.0,Central
2016-01-30,CA-2016-168032,Avery Durable Binders,Office Supplies,3.0,0.58,80.0,Central
2016-01-30,CA-2016-168032,Bretford “Just In Time” Height-Adjustable Multi-Task Work Tables,Furniture,3.0,208.7,50.0,Central
2015-09-27,CA-2015-143616,Newell 334,Office Supplies,5.0,19.84,0.0,West
2015-04-13,US-2015-168704,"Chromcraft Bull-Nose Wood Round Conference Table Top, Wood Base",Furniture,4.0,152.49,30.0,Central
2015-04-13,US-2015-168704,"Iceberg OfficeWorks 42"" Round Tables",Furniture,2.0,105.69,30.0,Central
2015-04-13,US-2015-168704,Apple iPhone 5C,Technology,3.0,79.99,20.0,Central
2017-12-18,CA-2017-143252,Tensor Track Tree Floor Lamp,Furniture,5.0,19.99,0.0,Central
2017-12-18,CA-2017-143252,"Maxell 74 Minute CDR, 10/Pack",Technology,3.0,9.78,0.0,Central
2016-03-14,CA-2016-102134,Westinghouse Clip-On Gooseneck Lamps,Furniture,2.0,8.37,0.0,Central
2017-08-27,CA-2017-130036,Xerox 1981,Office Supplies,3.0,4.22,20.0,East
2017-08-27,CA-2017-130036,Logitech Wireless Headset h800,Technology,14.0,79.99,20.0,East
2015-12-17,CA-2015-134117,Sanford 52201 APSCO Electric Pencil Sharpener,Office Supplies,5.0,40.97,0.0,West
2015-12-17,CA-2015-134117,Panasonic KX TS3282W Corded phone,Technology,2.0,67.99,20.0,West
2015-12-17,CA-2015-134117,"Sanford Colorific Eraseable Coloring Pencils, 12 Count",Office Supplies,5.0,3.28,0.0,West
2015-12-17,CA-2015-134117,Avery Arch Ring Binders,Office Supplies,2.0,46.48,20.0,West
2014-08-22,CA-2014-130918,Acme Serrated Blade Letter Opener,Office Supplies,3.0,2.54,20.0,South
2016-11-03,CA-2016-159023,Avery Reinforcements for Hole-Punch Pages,Office Supplies,7.0,0.59,70.0,West
2016-11-03,CA-2016-159023,Okidata B401 Printer,Technology,3.0,60.0,70.0,West
2017-10-10,CA-2017-111717,Hon Comfortask Task/Swivel Chairs,Furniture,3.0,79.79,30.0,Central
2014-12-07,CA-2014-154592,Green Bar Computer Printout Paper,Office Supplies,3.0,54.96,0.0,West
2014-11-15,CA-2014-128622,Acme Value Line Scissors,Office Supplies,3.0,3.65,0.0,West
2017-12-24,CA-2017-148355,Xerox 214,Office Supplies,3.0,6.48,0.0,East
2017-12-24,CA-2017-148355,"Avery Triangle Shaped Sheet Lifters, Black, 2/Pack",Office Supplies,5.0,2.46,0.0,East
2014-12-24,CA-2014-132913,Belkin 7-Outlet SurgeMaster Home Series,Office Supplies,1.0,13.97,0.0,West
2017-12-22,CA-2017-150910,"Bevis Round Bullnose 29"" High Table Top",Furniture,6.0,155.83,40.0,South
2017-12-22,CA-2017-150910,Logitech ClearChat Comfort/USB Headset H390,Technology,2.0,23.43,20.0,South
2017-12-22,CA-2017-150910,Crate-A-Files,Office Supplies,3.0,8.72,20.0,South
2017-12-22,CA-2017-150910,Newell 325,Office Supplies,7.0,3.3,20.0,South
2017-12-22,CA-2017-150910,"Holmes Replacement Filter for HEPA Air Cleaner, Large Room",Office Supplies,5.0,11.85,20.0,South
2014-08-08,CA-2014-156790,O'Sullivan 2-Shelf Heavy-Duty Bookcases,Furniture,4.0,38.86,20.0,South
2014-09-20,CA-2014-126480,Xerox 1900,Office Supplies,2.0,4.28,0.0,West
2017-12-25,CA-2017-105620,"Eldon 400 Class Desk Accessories, Black Carbon",Furniture,3.0,7.0,20.0,South
2017-12-25,CA-2017-105620,Lexmark 20R1285 X6650 Wireless All-in-One Printer,Technology,2.0,60.0,50.0,South
2017-11-25,CA-2017-150266,Blue Parrot B250XT Professional Grade Wireless Bluetooth Headset with,Technology,5.0,59.99,20.0,Central
2017-11-25,CA-2017-150266,Fellowes Command Center 5-outlet power strip,Office Supplies,5.0,13.57,80.0,Central
2017-11-25,CA-2017-150266,Hon Deluxe Fabric Upholstered Stacking Chairs,Furniture,5.0,170.79,30.0,Central
2017-11-25,CA-2017-150266,Avery Hi-Liter Smear-Safe Highlighters,Office Supplies,4.0,4.67,20.0,Central
2016-11-05,CA-2016-157280,"3M Polarizing Task Lamp with Clamp Arm, Light Gray",Furniture,2.0,136.98,0.0,South
2016-11-05,CA-2016-157280,Microsoft Natural Ergonomic Keyboard 4000,Technology,3.0,29.99,0.0,South
2016-11-05,CA-2016-157280,"Tenex Chairmat w/ Average Lip, 45"" x 53""",Furniture,5.0,151.36,0.0,South
2017-11-06,CA-2017-106691,Zipper Ring Binder Pockets,Office Supplies,2.0,0.62,80.0,Central
2016-11-03,CA-2016-134180,NETGEAR N750 Dual Band Wi-Fi Gigabit Router,Technology,1.0,72.0,20.0,East
2016-11-03,CA-2016-134180,Bevis Steel Folding Chairs,Furniture,7.0,67.16,30.0,East
2014-12-30,CA-2014-166730,Tennsco Industrial Shelving,Office Supplies,1.0,39.13,20.0,South
2017-12-02,CA-2017-157469,Rogers Handheld Barrel Pencil Sharpener,Office Supplies,9.0,2.19,20.0,East
2017-12-02,CA-2017-157469,AT&T CL2909,Technology,2.0,75.59,40.0,East
2017-03-24,CA-2017-122308,"Global Airflow Leather Mesh Back Chair, Black",Furniture,2.0,135.88,10.0,East
2014-11-19,US-2014-149034,Logitech G105 Gaming Keyboard,Technology,1.0,47.5,20.0,East
2017-04-25,CA-2017-159226,"Bush Westfield Collection Bookcases, Medium Cherry Finish",Furniture,7.0,49.28,15.0,West
2017-11-23,CA-2017-156622,Xerox 22,Office Supplies,7.0,5.18,20.0,Central
2017-11-23,CA-2017-156622,Xerox 1942,Office Supplies,2.0,39.15,20.0,Central
2017-11-23,CA-2017-156622,"Lesro Round Back Collection Coffee Table, End Table",Furniture,1.0,127.78,30.0,Central
2017-11-23,CA-2017-156622,Aluminum Screw Posts,Office Supplies,2.0,3.05,80.0,Central
2014-11-03,CA-2014-119529,Avery Durable Binders,Office Supplies,2.0,2.88,0.0,East
2015-10-19,CA-2015-150413,Avery Printable Repositionable Plastic Tabs,Office Supplies,1.0,1.72,80.0,Central
2014-02-06,CA-2014-108182,"Avery Flip-Chart Easel Binder, Black",Office Supplies,2.0,4.48,80.0,Central
2016-03-06,CA-2016-110898,"Commercial WindTunnel Clean Air Upright Vacuum, Replacement Belts, Filtration Bags",Office Supplies,3.0,0.78,80.0,Central
2016-03-06,CA-2016-110898,Peel & Stick Add-On Corner Pockets,Office Supplies,4.0,0.43,80.0,Central
2016-03-06,CA-2016-110898,Eldon Cleatmat Plus Chair Mats for High Pile Carpets,Furniture,5.0,31.81,60.0,Central
2016-03-06,CA-2016-110898,Bevis Rectangular Conference Tables,Furniture,2.0,72.99,50.0,Central
2015-12-03,CA-2015-123092,"Seth Thomas 16"" Steel Case Clock",Furniture,3.0,25.98,20.0,South
2015-12-03,CA-2015-123092,GBC DocuBind P50 Personal Binding Machine,Office Supplies,5.0,19.19,70.0,South
2015-12-03,CA-2015-123092,Panasonic KX-TG6844B Expandable Digital Cordless Telephone,Technology,2.0,52.79,20.0,South
2015-12-03,CA-2015-123092,Newell 312,Office Supplies,2.0,4.67,20.0,South
2015-12-24,US-2015-128587,"Eldon Regeneration Recycled Desk Accessories, Black",Furniture,2.0,4.84,0.0,Central
2015-12-24,US-2015-128587,Canon PC1060 Personal Laser Copier,Technology,7.0,699.99,0.0,Central
2017-10-01,US-2017-139577,Sony 32GB Class 10 Micro SDHC R40 Memory Card,Technology,5.0,20.95,0.0,West
2017-10-16,CA-2017-159100,Memorex Mini Travel Drive 8 GB USB 2.0 Flash Drive,Technology,2.0,9.26,20.0,South
2017-10-16,CA-2017-159100,Balt Solid Wood Round Tables,Furniture,7.0,267.89,40.0,South
2014-08-15,CA-2014-109043,Xerox 1955,Office Supplies,5.0,18.27,20.0,South
2014-08-15,CA-2014-109043,Fellowes Superior 10 Outlet Split Surge Protector,Office Supplies,5.0,30.45,20.0,South
2017-11-11,US-2017-116491,OtterBox Commuter Series Case - iPhone 5 & 5s,Technology,2.0,17.59,20.0,Central
2017-03-20,CA-2017-122763,Easy-staple paper,Office Supplies,2.0,28.35,20.0,Central
2017-03-20,CA-2017-122763,Xerox 1916,Office Supplies,7.0,39.15,20.0,Central
2017-05-13,CA-2017-137785,Office Star - Mesh Screen back chair with Vinyl seat,Furniture,5.0,91.69,30.0,East
2014-06-22,CA-2014-133389,SpineVue Locking Slant-D Ring Binders by Cardinal,Office Supplies,3.0,2.74,70.0,West
2014-12-02,CA-2014-103807,Kingston Digital DataTraveler 8GB USB 2.0,Technology,1.0,5.95,0.0,South
2014-12-02,CA-2014-103807,"RSVP Cards & Envelopes, Blank White, 8-1/2"" X 11"", 24 Cards/25 Envelopes/Set",Office Supplies,3.0,5.08,0.0,South
2015-04-05,CA-2015-102855,SanDisk Ultra 64 GB MicroSDHC Class 10 Memory Card,Technology,6.0,39.99,0.0,West
2015-04-05,CA-2015-102855,Dixon Ticonderoga Pencils,Office Supplies,8.0,2.98,0.0,West
2017-11-18,CA-2017-107825,"Decoflex Hanging Personal Folder File, Blue",Office Supplies,6.0,15.42,0.0,Central
2017-11-18,CA-2017-107825,"Companion Letter/Legal File, Black",Office Supplies,1.0,37.76,0.0,Central
2017-11-18,CA-2017-107825,Avery 487,Office Supplies,2.0,3.69,0.0,Central
2017-11-18,CA-2017-107825,"GE General Purpose, Extra Long Life, Showcase & Floodlight Incandescent Bulbs",Furniture,2.0,2.91,0.0,Central
2017-07-12,CA-2017-106047,"Wirebound Message Books, Four 2 3/4 x 5 Forms per Page, 200 Sets per Book",Office Supplies,1.0,3.82,20.0,East
2017-05-19,CA-2017-127803,Wilson Jones Four-Pocket Poly Binders,Office Supplies,4.0,6.54,0.0,South
2015-12-20,CA-2015-137071,Hypercom P1300 Pinpad,Technology,2.0,50.4,20.0,Central
2016-02-21,CA-2016-121447,"Floodlight Indoor Halogen Bulbs, 1 Bulb per Pack, 60 Watts",Furniture,7.0,19.4,0.0,East
2017-03-18,CA-2017-143084,Prang Drawing Pencil Set,Office Supplies,5.0,2.78,0.0,West
2017-03-18,CA-2017-143084,Peel & Seel Envelopes,Office Supplies,5.0,3.88,0.0,West
2016-12-17,CA-2016-131639,Ibico Plastic and Wire Spiral Binding Combs,Office Supplies,2.0,6.74,20.0,West
2016-12-17,CA-2016-131639,"GBC Laser Imprintable Binding System Covers, Desert Sand",Office Supplies,1.0,11.42,20.0,West
2016-03-26,CA-2016-161361,"Adams Telephone Message Book W/Dividers/Space For Phone Numbers, 5 1/4""X8 1/2"", 300/Messages",Office Supplies,3.0,5.88,0.0,West
2016-03-26,CA-2016-161361,"Wilson Jones Hanging View Binder, White, 1""",Office Supplies,3.0,5.68,20.0,West
2014-12-16,CA-2014-100706,Case Logic 2.4GHz Wireless Keyboard,Technology,2.0,49.99,0.0,South
2014-12-16,CA-2014-100706,Ultra Door Push Plate,Furniture,6.0,4.91,0.0,South
2015-11-15,CA-2015-129525,"Wilson Jones Elliptical Ring 3 1/2"" Capacity Binders, 800 sheets",Office Supplies,13.0,12.84,70.0,East
2016-08-22,US-2016-141880,Dana Halogen Swing-Arm Architect Lamp,Furniture,3.0,32.78,20.0,West
2015-06-29,CA-2015-165799,Office Star - Mesh Screen back chair with Vinyl seat,Furniture,1.0,117.88,10.0,East
2016-06-26,CA-2016-102127,AmazonBasics 3-Button USB Wired Mouse,Technology,3.0,6.99,0.0,East
2016-06-26,CA-2016-102127,"Perixx PERIBOARD-512B, Ergonomic Split Keyboard",Technology,4.0,34.99,0.0,East
2016-06-26,CA-2016-102127,"DAX Executive Solid Wood Document Frame, Desktop or Hang, Mahogany, 5 x 7",Furniture,3.0,12.58,0.0,East
2016-09-17,US-2016-152415,"C-Line Magnetic Cubicle Keepers, Clear Polypropylene",Furniture,3.0,4.94,0.0,East
2016-09-17,US-2016-152415,"Howard Miller 14-1/2"" Diameter Chrome Round Wall Clock",Furniture,3.0,63.94,0.0,East
2014-07-18,CA-2014-138198,"Cardinal Slant-D Ring Binder, Heavy Gauge Vinyl",Office Supplies,2.0,6.95,20.0,East
2017-09-01,CA-2017-128041,Honeywell Quietcare HEPA Air Cleaner,Office Supplies,4.0,78.65,0.0,West
2017-09-01,CA-2017-128041,KI Conference Tables,Furniture,4.0,70.89,0.0,West
2017-06-22,CA-2017-105823,"Hon Deluxe Fabric Upholstered Stacking Chairs, Rounded Back",Furniture,2.0,243.98,0.0,Central
2014-09-02,CA-2014-152268,GBC DocuBind TL300 Electric Binding System,Office Supplies,2.0,896.99,0.0,South
2015-10-01,CA-2015-148873,Accohide Poly Flexible Ring Binders,Office Supplies,4.0,0.75,80.0,Central
2015-10-01,CA-2015-148873,Lenovo 17-Key USB Numeric Keypad,Technology,4.0,27.19,20.0,Central
2015-04-07,CA-2015-166492,Xerox 192,Office Supplies,4.0,6.48,0.0,East
2015-04-07,CA-2015-166492,X-Rack File for Hanging Folders,Office Supplies,2.0,11.29,0.0,East
2017-11-21,CA-2017-157420,Motorola HK250 Universal Bluetooth Headset,Technology,3.0,18.39,20.0,Central
2016-12-17,CA-2016-117121,GBC Ibimaster 500 Manual ProClick Binding System,Office Supplies,13.0,760.98,0.0,Central
2014-09-19,CA-2014-138177,Hon 2111 Invitation Series Straight Table,Furniture,1.0,73.92,50.0,West
2014-09-28,CA-2014-114335,Deflect-o DuraMat Antistatic Studded Beveled Mat for Medium Pile Carpeting,Furniture,4.0,84.27,20.0,South
2015-09-22,CA-2015-168760,Kensington 6 Outlet Guardian Standard Surge Protector,Office Supplies,3.0,20.48,0.0,West
2016-11-07,CA-2016-168830,NETGEAR AC1750 Dual Band Gigabit Smart WiFi Router,Technology,3.0,159.99,0.0,West
2017-12-16,CA-2017-137463,Accohide Poly Flexible Ring Binders,Office Supplies,2.0,2.99,20.0,West
2017-12-16,CA-2017-137463,Imation Secure Drive + Hardware Encrypted USB flash drive - 16 GB,Technology,5.0,37.99,0.0,West
2017-12-16,CA-2017-137463,Microsoft Natural Ergonomic Keyboard 4000,Technology,5.0,29.99,0.0,West
2017-12-16,CA-2017-137463,Bulldog Table or Wall-Mount Pencil Sharpener,Office Supplies,5.0,5.99,0.0,West
2017-12-16,CA-2017-137463,Avery 475,Office Supplies,3.0,14.8,0.0,West
2014-09-21,CA-2014-124513,Boston 16801 Nautilus Battery Pencil Sharpener,Office Supplies,3.0,22.01,0.0,East
2015-05-18,CA-2015-165554,"Wirebound Message Book, 4 per Page",Office Supplies,2.0,5.43,0.0,West
2014-03-26,CA-2014-141838,Newell 308,Office Supplies,2.0,1.68,0.0,West
2014-03-26,CA-2014-141838,Wilson Jones Leather-Like Binders with DublLock Round Rings,Office Supplies,4.0,6.98,20.0,West
2014-03-26,CA-2014-141838,Griffin GC17055 Auxiliary Audio Cable,Technology,2.0,14.39,20.0,West
2017-09-22,CA-2017-117009,Fiskars Softgrip Scissors,Office Supplies,2.0,10.98,0.0,West
2015-09-12,CA-2015-128993,Memorex Froggy Flash Drive 4 GB,Technology,2.0,10.99,0.0,West
2015-11-02,CA-2015-160227,Hon Olson Stacker Chairs,Furniture,11.0,238.3,10.0,East
2015-10-20,CA-2015-149097,Nu-Dell Oak Frame,Furniture,7.0,10.68,0.0,West
2015-10-20,CA-2015-149097,"SAFCO PlanMaster Boards, 60w x 37-1/2d, White Melamine",Furniture,3.0,121.59,20.0,West
2016-06-14,CA-2016-132304,Hon Non-Folding Utility Tables,Furniture,7.0,159.31,0.0,West
2015-11-20,CA-2015-136420,"Performers Binder/Pad Holder, Black",Office Supplies,4.0,22.42,20.0,West
2015-11-20,CA-2015-136420,Avery 485,Office Supplies,4.0,12.53,0.0,West
2016-02-28,CA-2016-101623,Staples,Office Supplies,6.0,6.08,0.0,East
2014-10-14,US-2014-151015,Xerox 1951,Office Supplies,13.0,24.78,20.0,Central
2014-10-14,US-2014-151015,"Pressboard Covers with Storage Hooks, 9 1/2"" x 11"", Light Blue",Office Supplies,3.0,0.98,80.0,Central
2014-10-14,US-2014-151015,Xerox 1903,Office Supplies,4.0,4.78,20.0,Central
2017-05-26,CA-2017-152968,"Verbatim Slim CD and DVD Storage Cases, 50/Pack",Technology,2.0,11.54,0.0,South
2016-02-04,CA-2016-150077,AT&T 17929 Lendline Telephone,Technology,2.0,45.24,0.0,East
2016-09-02,CA-2016-106278,"Global Leather Task Chair, Black",Furniture,3.0,71.99,20.0,West
2016-09-02,CA-2016-106278,"Inter-Office Recycled Envelopes, Brown Kraft, Button-String,10"" x 13"" , 100/Box",Office Supplies,3.0,21.98,0.0,West
2017-12-04,CA-2017-147550,C-Line Cubicle Keepers Polyproplyene Holder With Velcro Backings,Furniture,3.0,3.78,20.0,East
2015-06-12,CA-2015-136105,Recycled Eldon Regeneration Jumbo File,Office Supplies,2.0,12.28,0.0,Central
2016-09-04,CA-2016-142524,Staple envelope,Office Supplies,2.0,8.28,0.0,Central
2016-09-04,CA-2016-142524,Sony Micro Vault Click 16 GB USB 2.0 Flash Drive,Technology,5.0,55.99,0.0,Central
2014-04-21,CA-2014-136336,"SAFCO Commercial Wire Shelving, Black",Office Supplies,6.0,138.14,0.0,South
2015-11-05,US-2015-136259,Insertable Tab Post Binder Dividers,Office Supplies,3.0,2.41,70.0,East
2015-11-05,US-2015-136259,Acme Titanium Bonded Scissors,Office Supplies,4.0,6.8,20.0,East
2014-11-03,US-2014-124625,Belkin F8E887 USB Wired Ergonomic Keyboard,Technology,3.0,29.99,0.0,Central
2016-02-16,CA-2016-108105,Eldon Cleatmat Plus Chair Mats for High Pile Carpets,Furniture,4.0,79.52,0.0,South
2016-02-16,CA-2016-108105,Wilson Jones “Snap” Scratch Pad Binder Tool for Ring Binders,Office Supplies,1.0,5.8,0.0,South
2017-09-11,CA-2017-166898,OtterBox Defender Series Case - Samsung Galaxy S4,Technology,6.0,23.99,20.0,West
2017-09-11,CA-2017-166898,Xerox 192,Office Supplies,3.0,6.48,0.0,West
2017-11-02,CA-2017-169005,Newell 318,Office Supplies,2.0,2.78,0.0,South
2015-02-06,CA-2015-104038,Tennsco Industrial Shelving,Office Supplies,3.0,48.91,0.0,South
2015-02-06,CA-2015-104038,Xerox 1920,Office Supplies,5.0,5.98,0.0,South
2016-09-10,CA-2016-126102,Ibico EB-19 Dual Function Manual Binding System,Office Supplies,2.0,138.39,20.0,West
2016-09-26,CA-2016-143406,Hoover Commercial Lightweight Upright Vacuum with E-Z Empty Dirt Cup,Office Supplies,2.0,46.52,80.0,Central
2016-09-26,CA-2016-143406,High-Back Leather Manager's Chair,Furniture,5.0,90.99,30.0,Central
2015-12-15,CA-2015-150308,Cisco Small Business SPA 502G VoIP phone,Technology,3.0,82.06,20.0,South
2016-09-17,CA-2016-131093,Safco Industrial Shelving,Office Supplies,5.0,59.08,20.0,East
2017-10-13,US-2017-148831,"Trav-L-File Heavy-Duty Shuttle II, Black",Office Supplies,8.0,43.57,0.0,South
2015-06-28,CA-2015-162950,Xerox 1999,Office Supplies,3.0,5.18,20.0,East
2015-06-28,CA-2015-162950,"Sauder Forest Hills Library with Doors, Woodland Oak Finish",Furniture,6.0,80.49,50.0,East
2015-06-01,US-2015-132836,Polycom CX300 Desktop Phone USB VoIP phone,Technology,2.0,149.99,0.0,Central
2015-06-01,US-2015-132836,Catalog Binders with Expanding Posts,Office Supplies,6.0,67.28,0.0,Central
2015-06-01,US-2015-132836,"iKross Bluetooth Portable Keyboard + Cell Phone Stand Holder + Brush for Apple iPhone 5S 5C 5, 4S 4",Technology,2.0,20.95,0.0,Central
2015-06-01,US-2015-132836,Avery 491,Office Supplies,7.0,4.13,0.0,Central
2014-04-12,US-2014-158365,Xerox 213,Office Supplies,5.0,6.48,0.0,Central
2017-10-12,CA-2017-152933,Clarity 53712,Technology,7.0,52.79,20.0,Central
2017-10-12,CA-2017-152933,Xerox 1993,Office Supplies,2.0,5.18,20.0,Central
2017-10-12,CA-2017-152933,Plantronics CS510 - Over-the-Head monaural Wireless Headset System,Technology,3.0,263.96,20.0,Central
2015-11-07,CA-2015-163181,Lumber Crayons,Office Supplies,3.0,7.88,20.0,Central
2015-11-07,CA-2015-163181,"Gould Plastics 9-Pocket Panel Bin, 18-3/8w x 5-1/4d x 20-1/2h, Black",Office Supplies,2.0,42.39,20.0,Central
2015-11-07,CA-2015-163181,Tenex Chairmats For Use with Hard Floors,Furniture,5.0,12.99,60.0,Central
2015-11-07,CA-2015-163181,Avery Recycled Flexi-View Covers for Binding Systems,Office Supplies,10.0,3.21,80.0,Central
2015-11-07,CA-2015-163181,Fellowes Recycled Storage Drawers,Office Supplies,2.0,88.82,20.0,Central
2015-11-07,CA-2015-163181,Canon PC170 Desktop Personal Copier,Technology,3.0,95.97,40.0,Central
2015-05-25,CA-2015-132941,Fiskars Spring-Action Scissors,Office Supplies,2.0,11.18,20.0,Central
2015-05-25,CA-2015-132941,Xerox 1978,Office Supplies,7.0,4.62,20.0,Central
2015-05-25,CA-2015-132941,Logitech G35 7.1-Channel Surround Sound Headset,Technology,2.0,103.99,20.0,Central
2014-10-13,CA-2014-132010,Pastel Pink Envelopes,Office Supplies,5.0,7.28,0.0,South
2014-10-13,CA-2014-132010,SanDisk Cruzer 16 GB USB Flash Drive,Technology,2.0,11.48,0.0,South
2014-10-13,CA-2014-132010,Space Solutions Industrial Galvanized Steel Shelving.,Office Supplies,4.0,78.8,0.0,South
2014-10-13,CA-2014-132010,Wilson Jones Standard D-Ring Binders,Office Supplies,3.0,5.06,0.0,South
2016-02-07,CA-2016-135461,Motorola L703CM,Technology,5.0,124.79,20.0,West
2017-01-19,CA-2017-153045,Wilson Electronics DB Pro Signal Booster,Technology,2.0,214.8,40.0,East
2017-01-19,CA-2017-153045,12-1/2 Diameter Round Wall Clock,Furniture,2.0,15.98,20.0,East
2017-01-19,CA-2017-153045,Global Comet Stacking Arm Chair,Furniture,3.0,295.76,30.0,East
2017-01-19,CA-2017-153045,Strathmore Photo Mount Cards,Office Supplies,4.0,5.42,20.0,East
2016-06-06,US-2016-155971,Avery 488,Office Supplies,7.0,3.15,0.0,West
2016-06-06,US-2016-155971,Xerox Blank Computer Paper,Office Supplies,5.0,19.98,0.0,West
2017-03-18,CA-2017-122007,Fellowes Basic Home/Office Series Surge Protectors,Office Supplies,7.0,12.98,0.0,West
2017-11-24,CA-2017-162250,"Southworth 100% Résumé Paper, 24lb.",Office Supplies,1.0,7.78,0.0,West
2016-11-26,US-2016-158288,Binding Machine Supplies,Office Supplies,9.0,8.75,70.0,East
2016-08-18,CA-2016-128916,Staple-based wall hangings,Furniture,3.0,3.18,60.0,Central
2016-08-18,CA-2016-128916,OIC Stacking Trays,Furniture,4.0,1.34,60.0,Central
2015-11-28,CA-2015-157028,BIC Brite Liner Highlighters,Office Supplies,2.0,4.14,0.0,West
2017-05-25,CA-2017-112473,"Iris 3-Drawer Stacking Bin, Black",Office Supplies,3.0,16.71,20.0,Central
2017-09-04,US-2017-147655,"Avery Trapezoid Extra Heavy Duty 4"" Binders",Office Supplies,7.0,12.58,70.0,West
2016-03-24,CA-2016-130911,O'Sullivan Living Dimensions 3-Shelf Bookcases,Furniture,3.0,100.49,50.0,East
2016-03-24,CA-2016-130911,"Hunt BOSTON Vista Battery-Operated Pencil Sharpener, Black",Office Supplies,2.0,9.33,20.0,East
2017-05-28,CA-2017-100055,DAX Wood Document Frame,Furniture,2.0,13.73,0.0,East
2017-05-28,CA-2017-100055,Fellowes 8 Outlet Superior Workstation Surge Protector,Office Supplies,3.0,41.71,0.0,East
2015-08-31,CA-2015-157805,Toshiba IPT2010-SD IP Telephone,Technology,5.0,111.19,20.0,West
2016-04-12,CA-2016-124254,Fellowes Bankers Box Recycled Super Stor/Drawer,Office Supplies,3.0,43.18,20.0,South
2016-04-12,CA-2016-124254,Fellowes Bankers Box Staxonsteel Drawer File/Stacking System,Office Supplies,1.0,51.98,20.0,South
2016-04-12,CA-2016-124254,"TOPS ""Important Message"" Pads, Canary, 4-1/4 x 5-1/2, 50 Sheets per Pad",Office Supplies,3.0,3.42,20.0,South
2014-02-02,CA-2014-123400,Surelock Post Binders,Office Supplies,2.0,9.17,70.0,South
2014-02-02,CA-2014-123400,AT&T 17929 Lendline Telephone,Technology,5.0,36.19,20.0,South
2014-09-02,CA-2014-106971,Logitech Gaming G510s - Keyboard,Technology,7.0,67.99,20.0,Central
2017-09-30,CA-2017-123029,Razer Kraken PRO Over Ear PC and Music Headset,Technology,2.0,79.99,0.0,West
2016-09-05,CA-2016-139409,"LF Elite 3D Dazzle Designer Hard Case Cover, Lf Stylus Pen and Wiper For Apple Iphone 5c Mini Lite",Technology,4.0,10.9,0.0,East
2017-05-20,US-2017-166688,Wilson Jones Impact Binders,Office Supplies,2.0,4.14,20.0,West
2017-05-20,US-2017-166688,Motorola L703CM,Technology,9.0,124.79,20.0,West
2017-05-20,US-2017-166688,Fellowes Basic Home/Office Series Surge Protectors,Office Supplies,5.0,12.98,0.0,West
2015-09-20,CA-2015-126970,Acco Translucent Poly Ring Binders,Office Supplies,3.0,0.94,80.0,Central
2016-01-23,US-2016-165505,Logitech Wireless Marathon Mouse M705,Technology,2.0,49.99,0.0,East
2016-01-23,US-2016-165505,4009 Highlighters,Office Supplies,6.0,1.34,0.0,East
2016-01-23,US-2016-165505,Iceberg Mobile Mega Data/Printer Cart ,Office Supplies,13.0,120.33,0.0,East
2014-06-01,US-2014-157070,Wilson Jones Heavy-Duty Casebound Ring Binders with Metal Hinges,Office Supplies,4.0,34.64,0.0,Central
2014-06-01,US-2014-157070,Acco 6 Outlet Guardian Premium Surge Suppressor,Office Supplies,5.0,13.1,10.0,Central
2015-09-24,US-2015-106873,Dixon Ticonderoga Core-Lock Colored Pencils,Office Supplies,2.0,7.29,20.0,West
2015-09-24,US-2015-106873,HP Standard 104 key PS/2 Keyboard,Technology,2.0,11.6,20.0,West
2015-09-24,US-2015-106873,Newell 317,Office Supplies,7.0,2.35,20.0,West
2016-08-01,CA-2016-132990,Eldon 500 Class Desk Accessories,Furniture,2.0,9.66,20.0,East
2014-01-23,CA-2014-102645,Xerox 195,Office Supplies,6.0,6.68,0.0,West
2014-08-04,CA-2014-134215,Eureka The Boss Cordless Rechargeable Stick Vac,Office Supplies,2.0,50.98,0.0,East
2014-08-04,CA-2014-134215,Southworth 25% Cotton Premium Laser Paper and Envelopes,Office Supplies,13.0,19.98,0.0,East
2014-08-04,CA-2014-134215,Maxell 4.7GB DVD-R,Technology,9.0,28.38,0.0,East
2016-08-09,CA-2016-118934,Tuff Stuff Recycled Round Ring Binders,Office Supplies,3.0,1.45,70.0,South
2016-08-09,CA-2016-118934,Avery Durable Slant Ring Binders,Office Supplies,5.0,2.38,70.0,South
2016-12-08,CA-2016-160108,"Bush Westfield Collection Bookcases, Dark Cherry Finish",Furniture,7.0,57.98,0.0,Central
2016-12-08,CA-2016-160108,Hon GuestStacker Chair,Furniture,3.0,226.67,0.0,Central
2015-06-08,CA-2015-164007,Maxell 4.7GB DVD+R 5/Pack,Technology,3.0,0.79,20.0,Central
2015-06-08,CA-2015-164007,Hoover Shoulder Vac Commercial Portable Vacuum,Office Supplies,2.0,71.56,80.0,Central
2016-06-24,CA-2016-100300,Okidata MB760 Printer,Technology,4.0,1119.2,20.0,West
2016-06-24,CA-2016-100300,Xerox 189,Office Supplies,1.0,104.85,0.0,West
2016-06-24,CA-2016-100300,APC 7 Outlet Network SurgeArrest Surge Protector,Office Supplies,3.0,80.48,0.0,West
2016-03-15,CA-2016-140571,Xerox 1964,Office Supplies,14.0,22.84,0.0,South
2016-03-15,CA-2016-140571,Xerox 1964,Office Supplies,2.0,22.84,0.0,South
2016-12-01,US-2016-155768,Tenex Chairmats For Use With Carpeted Floors,Furniture,2.0,15.98,0.0,West
2016-12-01,US-2016-155768,Xerox 1886,Office Supplies,1.0,47.9,0.0,West
2016-12-01,US-2016-155768,"Sauder Facets Collection Locker/File Cabinet, Sky Alder Finish",Office Supplies,3.0,370.98,0.0,West
2016-12-01,US-2016-155768,"#10- 4 1/8"" x 9 1/2"" Security-Tint Envelopes",Office Supplies,3.0,7.64,0.0,West
2017-06-12,CA-2017-119424,OtterBox Defender Series Case - Samsung Galaxy S4,Technology,3.0,23.99,20.0,West
2017-06-12,CA-2017-119424,Xerox 203,Office Supplies,3.0,6.48,0.0,West
2016-03-19,CA-2016-118178,Ibico Recycled Grain-Textured Covers,Office Supplies,3.0,10.36,70.0,South
2016-11-14,CA-2016-166618,"SmartStand Mobile Device Holder, Assorted Colors",Technology,2.0,6.99,0.0,East
2016-11-14,CA-2016-166618,Boston Home & Office Model 2000 Electric Pencil Sharpeners,Office Supplies,1.0,23.65,0.0,East
2017-08-07,CA-2017-156776,Polycom VoiceStation 500 Conference phone,Technology,3.0,235.96,20.0,West
2017-08-07,CA-2017-156776,Cardinal Holdit Business Card Pockets,Office Supplies,3.0,3.98,20.0,West
2017-08-07,CA-2017-156776,"Mead 1st Gear 2"" Zipper Binder, Asst. Colors",Office Supplies,3.0,10.38,20.0,West
2017-08-07,CA-2017-156776,Sony Micro Vault Click 4 GB USB 2.0 Flash Drive,Technology,4.0,13.94,0.0,West
2017-08-07,CA-2017-156776,Xerox 1881,Office Supplies,2.0,12.28,0.0,West
2017-08-07,CA-2017-156776,"Howard Miller 13-3/4"" Diameter Brushed Chrome Round Wall Clock",Furniture,1.0,51.75,0.0,West
2017-08-07,CA-2017-156776,Global Enterprise Series Seating Low-Back Swivel/Tilt Chairs,Furniture,1.0,207.18,20.0,West
2017-08-07,CA-2017-156776,3.6 Cubic Foot Counter Height Office Refrigerator,Office Supplies,5.0,294.62,0.0,West
2015-08-21,US-2015-130512,Staple remover,Office Supplies,2.0,1.74,20.0,East
2015-08-21,US-2015-130512,Sabrent 4-Port USB 2.0 Hub,Technology,4.0,5.43,20.0,East
2015-08-21,US-2015-130512,"SAFCO Commercial Wire Shelving, Black",Office Supplies,6.0,110.51,20.0,East
2015-08-21,US-2015-130512,GBC DocuBind P100 Manual Binding Machine,Office Supplies,2.0,49.79,70.0,East
2015-08-21,US-2015-130512,Xerox 1979,Office Supplies,2.0,24.78,20.0,East
2015-11-02,CA-2015-141810,GBC Premium Transparent Covers with Diagonal Lined Pattern,Office Supplies,7.0,4.2,80.0,Central
2015-11-02,CA-2015-141810,Aastra 6757i CT Wireless VoIP phone,Technology,2.0,172.35,20.0,Central
2014-11-30,CA-2014-146843,Acme Office Executive Series Stainless Steel Trimmers,Office Supplies,7.0,6.86,20.0,West
2014-11-30,CA-2014-146843,"Memorex 25GB 6X Branded Blu-Ray Recordable Disc, 30/Pack",Technology,4.0,25.56,20.0,West
2014-05-10,CA-2014-103310,Southworth 25% Cotton Premium Laser Paper and Envelopes,Office Supplies,2.0,19.98,0.0,West
2014-05-10,CA-2014-103310,Wilson Electronics DB Pro Signal Booster,Technology,5.0,286.4,20.0,West
2014-05-10,CA-2014-103310,Acme Design Stainless Steel Bent Scissors,Office Supplies,6.0,6.84,0.0,West
2014-05-10,CA-2014-103310,Hon Pagoda Stacking Chairs,Furniture,1.0,256.78,20.0,West
2016-10-17,CA-2016-152688,O'Sullivan Living Dimensions 2-Shelf Bookcases,Furniture,1.0,120.98,0.0,East
2016-10-17,CA-2016-152688,GBC ProClick 150 Presentation Binding System,Office Supplies,1.0,315.98,0.0,East
2016-10-30,CA-2016-153836,GBC Personal VeloBind Strips,Office Supplies,3.0,9.58,20.0,East
2016-10-30,CA-2016-153836,Boston KS Multi-Size Manual Pencil Sharpener,Office Supplies,5.0,22.99,0.0,East
2016-12-01,CA-2016-104689,"Sanford Colorific Colored Pencils, 12/Box",Office Supplies,8.0,2.88,0.0,West
2016-04-21,CA-2016-146423,Colorific Watercolor Pencils,Office Supplies,3.0,5.16,0.0,East
2016-04-21,CA-2016-146423,Xerox 209,Office Supplies,8.0,6.48,0.0,East
2017-08-03,CA-2017-140781,Kensington K72356US Mouse-in-a-Box USB Desktop Mouse,Technology,3.0,13.27,20.0,Central
2017-08-03,CA-2017-141747,"Letter/Legal File Tote with Clear Snap-On Lid, Black Granite",Office Supplies,1.0,16.06,0.0,West
2017-12-11,CA-2017-142776,Pastel Pink Envelopes,Office Supplies,1.0,7.28,0.0,Central
2017-12-11,CA-2017-142776,Wilson Jones Easy Flow II Sheet Lifters,Office Supplies,3.0,1.8,0.0,Central
2015-03-14,CA-2015-167479,Xerox 223,Office Supplies,3.0,6.48,0.0,West
2014-12-08,CA-2014-144071,Luxo Economy Swing Arm Lamp,Furniture,2.0,19.94,0.0,West
2014-12-08,CA-2014-144071,DAX Natural Wood-Tone Poster Frame,Furniture,3.0,26.48,0.0,West
2017-09-30,US-2017-120908,Self-Adhesive Address Labels for Typewriters with Dispenser Box,Office Supplies,7.0,2.95,20.0,East
2016-11-21,CA-2016-152646,Xerox 222,Office Supplies,5.0,6.48,0.0,West
2017-11-24,CA-2017-103765,"Holmes Replacement Filter for HEPA Air Cleaner, Very Large Room, HEPA Filter",Office Supplies,1.0,13.76,80.0,Central
2017-11-14,US-2017-118157,Security-Tint Envelopes,Office Supplies,2.0,7.64,0.0,Central
2015-08-16,US-2015-164238,Iris Project Case,Office Supplies,7.0,6.38,20.0,East
2015-08-16,US-2015-164238,O'Sullivan Plantations 2-Door Library in Landvery Oak,Furniture,3.0,100.49,50.0,East
2017-10-13,CA-2017-103212,Avery 52,Office Supplies,3.0,3.69,0.0,South
2017-10-13,CA-2017-103212,Bretford Rectangular Conference Table Tops,Furniture,4.0,376.13,0.0,South
2017-10-13,CA-2017-103212,Xerox 231,Office Supplies,4.0,6.48,0.0,South
2017-11-04,CA-2017-121160,GBC Standard Plastic Binding Systems' Combs,Office Supplies,6.0,1.26,80.0,Central
2017-11-04,CA-2017-121160,Self-Adhesive Ring Binder Labels,Office Supplies,2.0,0.7,80.0,Central
2017-11-04,CA-2017-121160,Wilson Jones Impact Binders,Office Supplies,4.0,1.04,80.0,Central
2017-11-04,CA-2017-121160,Rogers Deluxe File Chest,Office Supplies,3.0,17.58,20.0,Central
2017-03-19,CA-2017-140515,Belkin 5 Outlet SurgeMaster Power Centers,Office Supplies,7.0,54.48,0.0,West
2014-11-03,CA-2014-153619,Prang Dustless Chalk Sticks,Office Supplies,4.0,1.68,0.0,West
2017-07-23,CA-2017-133718,"Cardinal HOLDit! Binder Insert Strips,Extra Strips",Office Supplies,3.0,5.06,20.0,West
2017-07-23,CA-2017-133718,Weyerhaeuser First Choice Laser/Copy Paper (20Lb. and 88 Bright),Office Supplies,9.0,6.48,0.0,West
2014-12-27,CA-2014-148383,GBC DocuBind 300 Electric Binding Machine,Office Supplies,6.0,157.79,70.0,West
2016-09-02,CA-2016-126732,Ultra Door Pull Handle,Furniture,9.0,10.52,0.0,West
2016-09-02,CA-2016-126732,Akro Stacking Bins,Office Supplies,3.0,7.89,0.0,West
2016-09-02,CA-2016-126732,Cisco Unified IP Phone 7945G VoIP phone,Technology,4.0,272.79,20.0,West
2016-09-02,CA-2016-126732,Blackstonian Pencils,Office Supplies,7.0,2.67,0.0,West
2016-09-02,CA-2016-126732,Chromcraft Rectangular Conference Tables,Furniture,3.0,189.58,20.0,West
2016-09-02,CA-2016-126732,SpineVue Locking Slant-D Ring Binders by Cardinal,Office Supplies,1.0,7.31,20.0,West
2017-02-11,CA-2017-138156,"Deflect-o RollaMat Studded, Beveled Mat for Medium Pile Carpeting",Furniture,2.0,73.78,20.0,East
2017-10-27,CA-2017-110310,Easy-staple paper,Office Supplies,7.0,8.11,20.0,South
2017-10-27,CA-2017-110310,Avery Hole Reinforcements,Office Supplies,3.0,1.87,70.0,South
2017-10-27,CA-2017-110310,Rogers Handheld Barrel Pencil Sharpener,Office Supplies,3.0,2.19,20.0,South
2014-07-09,CA-2014-113271,Avery Hidden Tab Dividers for Binding Systems,Office Supplies,6.0,2.38,20.0,West
2014-07-09,CA-2014-113271,"Bush Heritage Pine Collection 5-Shelf Bookcase, Albany Pine Finish, *Special Order",Furniture,1.0,119.83,15.0,West
2014-07-09,CA-2014-113271,Prang Drawing Pencil Set,Office Supplies,2.0,2.78,0.0,West
2014-07-09,CA-2014-113271,Xerox 1967,Office Supplies,5.0,6.48,0.0,West
2017-05-22,CA-2017-130106,Newell 350,Office Supplies,3.0,3.28,0.0,West
2017-05-22,CA-2017-130106,Newell 333,Office Supplies,1.0,2.78,0.0,West
2016-11-10,CA-2016-127761,Presstex Flexible Ring Binders,Office Supplies,1.0,3.64,20.0,East
2016-11-10,CA-2016-127761,BlackBerry Q10,Technology,7.0,125.99,0.0,East
2016-12-02,CA-2016-105354,"GBC White Gloss Covers, Plain Front",Office Supplies,8.0,14.48,0.0,Central
2017-03-02,CA-2017-155712,Catalog Binders with Expanding Posts,Office Supplies,2.0,53.82,20.0,West
2017-09-23,CA-2017-102309,Microsoft Wireless Mobile Mouse 4000,Technology,5.0,39.99,0.0,South
2017-09-23,CA-2017-102309,Xerox 225,Office Supplies,2.0,6.48,0.0,South
2014-02-11,CA-2014-168368,"Global Value Mid-Back Manager's Chair, Gray",Furniture,1.0,60.89,0.0,Central
2014-02-11,CA-2014-168368,Avery 483,Office Supplies,3.0,4.98,0.0,Central
2014-02-11,CA-2014-168368,Wilson Jones Turn Tabs Binder Tool for Ring Binders,Office Supplies,2.0,4.82,0.0,Central
2014-02-11,CA-2014-168368,"Rubbermaid ClusterMat Chairmats, Mat Size- 66"" x 60"", Lip 20"" x 11"" -90 Degree Angle",Furniture,3.0,110.98,0.0,Central
2014-02-11,CA-2014-168368,VariCap6 Expandable Binder,Office Supplies,3.0,17.3,0.0,Central
2014-02-11,CA-2014-168368,Fellowes Neat Ideas Storage Cubes,Office Supplies,2.0,32.48,0.0,Central
2017-11-11,CA-2017-167976,Acme Titanium Bonded Scissors,Office Supplies,3.0,8.5,0.0,Central
2017-09-02,CA-2017-111388,"Global Leather Task Chair, Black",Furniture,3.0,71.99,20.0,West
2015-10-09,CA-2015-124499,High-Back Leather Manager's Chair,Furniture,3.0,129.99,0.0,Central
2015-10-09,CA-2015-124499,Belkin 8 Outlet SurgeMaster II Gold Surge Protector,Office Supplies,5.0,53.98,10.0,Central
2017-11-24,US-2017-128118,"Mead 1st Gear 2"" Zipper Binder, Asst. Colors",Office Supplies,3.0,3.89,70.0,South
2017-11-24,US-2017-128118,"Peel & Seel Recycled Catalog Envelopes, Brown",Office Supplies,7.0,9.26,20.0,South
2014-02-08,CA-2014-125759,"Master Caster Door Stop, Large Brown",Furniture,2.0,7.28,0.0,West
2015-09-25,CA-2015-151869,Hon Comfortask Task/Swivel Chairs,Furniture,1.0,102.58,10.0,East
2015-09-25,CA-2015-151869,Xerox 1923,Office Supplies,3.0,6.68,0.0,East
2017-08-21,US-2017-102183,Avery Metallic Poly Binders,Office Supplies,7.0,4.58,20.0,East
2017-08-21,US-2017-102183,GBC DocuBind TL300 Electric Binding System,Office Supplies,6.0,717.59,20.0,East
2016-05-12,CA-2016-100510,OIC Stacking Trays,Furniture,3.0,3.34,0.0,East
2016-05-12,CA-2016-100510,Jawbone JAMBOX Wireless Bluetooth Speaker,Technology,4.0,157.99,0.0,East
2017-09-02,CA-2017-146983,GBC DocuBind 300 Electric Binding Machine,Office Supplies,3.0,525.98,0.0,South
2014-10-10,US-2014-134054,"Dixon Ticonderoga Core-Lock Colored Pencils, 48-Color Set",Office Supplies,7.0,36.55,0.0,West
2016-05-26,CA-2016-113236,Advantus Rolling Drawer Organizers,Office Supplies,6.0,30.78,20.0,South
2016-05-26,CA-2016-113236,Imation 32GB Pocket Pro USB 3.0 Flash Drive - 32 GB - Black - 1 P ...,Technology,2.0,23.96,20.0,South
2017-12-01,CA-2017-122539,Avery 483,Office Supplies,4.0,3.98,20.0,East
2017-12-01,CA-2017-122539,"Acco Pressboard Covers with Storage Hooks, 14 7/8"" x 11"", Dark Blue",Office Supplies,7.0,1.14,70.0,East
2017-12-01,CA-2017-122539,Global Commerce Series High-Back Swivel/Tilt Chairs,Furniture,2.0,199.49,30.0,East
2016-09-20,CA-2016-166772,O'Sullivan 5-Shelf Heavy-Duty Bookcases,Furniture,2.0,81.94,0.0,West
2017-09-11,US-2017-152898,Hoover Commercial SteamVac,Office Supplies,5.0,13.58,0.0,South
2016-12-30,CA-2016-160486,Embossed Ink Jet Note Cards,Office Supplies,4.0,18.06,20.0,South
2017-09-02,CA-2017-102218,Avery 519,Office Supplies,2.0,5.85,20.0,West
2014-11-18,CA-2014-161032,Office Star - Mesh Screen back chair with Vinyl seat,Furniture,3.0,130.98,0.0,Central
2015-11-21,CA-2015-102778,"Executive Impressions 14"" Two-Color Numerals Wall Clock",Furniture,1.0,18.18,20.0,South
2017-06-19,CA-2017-154011,GBC Plasticlear Binding Covers,Office Supplies,3.0,2.3,80.0,Central
2017-06-19,CA-2017-154011,"Chromcraft Bull-Nose Wood Round Conference Table Top, Wood Base",Furniture,3.0,152.49,30.0,Central
2017-11-30,US-2017-165456,Global Commerce Series Low-Back Swivel/Tilt Chairs,Furniture,6.0,179.89,30.0,East
2014-04-23,CA-2014-111857,Xerox 1891,Office Supplies,1.0,48.91,0.0,West
2014-09-23,CA-2014-163650,Newell 351,Office Supplies,3.0,3.28,0.0,East
2014-09-23,CA-2014-163650,Ibico Covers for Plastic or Wire Binding Elements,Office Supplies,3.0,11.5,0.0,East
2017-03-02,CA-2017-124114,Acco Suede Grain Vinyl Round Ring Binder,Office Supplies,1.0,0.56,80.0,Central
2017-11-17,US-2017-116505,"Angle-D Binders with Locking Rings, Label Holders",Office Supplies,6.0,7.3,0.0,East
2017-05-28,CA-2017-161340,HP Office Recycled Paper (20Lb. and 87 Bright),Office Supplies,3.0,4.62,20.0,East
2017-05-28,CA-2017-161340,"Bush Westfield Collection Bookcases, Medium Cherry Finish",Furniture,4.0,28.99,50.0,East
2015-04-18,US-2015-163433,"TRENDnet 56K USB 2.0 Phone, Internet and Fax Modem",Technology,2.0,20.71,20.0,Central
2015-04-18,US-2015-163433,Grandstream GXP2100 Mainstream Business Phone,Technology,4.0,61.19,20.0,Central
2015-04-18,US-2015-163433,"Boston School Pro Electric Pencil Sharpener, 1670",Office Supplies,3.0,24.78,20.0,Central
2015-04-18,US-2015-163433,"GBC Standard Recycled Report Covers, Clear Plastic Sheets",Office Supplies,2.0,2.16,80.0,Central
2015-04-18,US-2015-163433,"Global Geo Office Task Chair, Gray",Furniture,1.0,56.69,30.0,Central
2015-04-18,US-2015-163433,Lunatik TT5L-002 Taktik Strike Impact Protection System for iPhone 5,Technology,2.0,48.98,20.0,Central
2015-04-18,US-2015-163433,Newell 348,Office Supplies,3.0,2.62,20.0,Central
2015-04-18,US-2015-163433,Xerox 1994,Office Supplies,3.0,5.18,20.0,Central
2015-04-18,US-2015-163433,GBC Plastic Binding Combs,Office Supplies,1.0,1.48,80.0,Central
2015-09-19,CA-2015-137603,Newell 323,Office Supplies,5.0,1.68,0.0,West
2014-03-25,CA-2014-128237,Newell 35,Office Supplies,2.0,3.28,0.0,West
2014-03-25,CA-2014-128237,"Eberhard Faber 3 1/2"" Golf Pencils",Office Supplies,2.0,7.44,0.0,West
2014-03-25,CA-2014-128237,Imation Swivel Flash Drive USB flash drive - 8 GB,Technology,4.0,11.37,0.0,West
2014-03-25,CA-2014-128237,"BIC Brite Liner Grip Highlighters, Assorted, 5/Pack",Office Supplies,6.0,4.24,0.0,West
2016-08-26,US-2016-102141,Deluxe Heavy-Duty Vinyl Round Ring Binder,Office Supplies,8.0,18.34,20.0,East
2017-03-06,CA-2017-148642,Avery 511,Office Supplies,2.0,2.46,20.0,Central
2017-03-06,CA-2017-148642,Newell 345,Office Supplies,4.0,15.87,20.0,Central
2015-11-11,CA-2015-111948,"Advantus 10-Drawer Portable Organizer, Chrome Metal Frame, Smoke Drawers",Office Supplies,7.0,59.76,0.0,Central
2015-11-11,CA-2015-111948,"Holmes Replacement Filter for HEPA Air Cleaner, Very Large Room, HEPA Filter",Office Supplies,2.0,61.93,10.0,Central
2016-04-05,CA-2016-161907,Clearsounds A400,Technology,3.0,39.59,40.0,East
2016-04-05,CA-2016-161907,Premier Automatic Letter Opener,Office Supplies,4.0,192.3,20.0,East
2017-02-21,CA-2017-124940,Microsoft Natural Keyboard Elite,Technology,1.0,47.9,20.0,Central
2017-07-20,US-2017-108343,Xerox 1977,Office Supplies,2.0,6.68,0.0,East
2017-07-20,US-2017-108343,Office Star - Task Chair with Contemporary Loop Arms,Furniture,2.0,81.88,10.0,East
2017-07-20,US-2017-108343,Tenex B1-RE Series Chair Mats for Low Pile Carpets,Furniture,4.0,45.98,0.0,East
2016-11-04,US-2016-111563,"DAX Two-Tone Rosewood/Black Document Frame, Desktop, 5 x 7",Furniture,3.0,3.79,60.0,Central
2016-11-04,US-2016-111563,"Deflect-o EconoMat Studded, No Bevel Mat for Low Pile Carpeting",Furniture,4.0,16.53,60.0,Central
2017-09-23,CA-2017-121853,Xerox 1909,Office Supplies,8.0,26.38,0.0,West
2017-09-23,CA-2017-121853,GuestStacker Chair with Chrome Finish Legs,Furniture,2.0,297.41,20.0,West
2017-09-23,CA-2017-121853,Ibico Plastic Spiral Binding Combs,Office Supplies,3.0,24.32,20.0,West
2017-09-07,US-2017-130687,DAX Two-Tone Silver Metal Document Frame,Furniture,4.0,20.24,0.0,West
2017-09-07,US-2017-130687,Konftel 250 Conference phone - Charcoal black,Technology,2.0,227.86,20.0,West
2017-09-07,US-2017-130687,Boston 1799 Powerhouse Electric Pencil Sharpener,Office Supplies,1.0,25.98,0.0,West
2015-11-28,CA-2015-164497,"Holmes Visible Mist Ultrasonic Humidifier with 2.3-Gallon Output per Day, Replacement Filter",Office Supplies,4.0,11.32,0.0,West
2015-11-12,US-2015-153283,Staple envelope,Office Supplies,2.0,7.78,0.0,East
2016-09-29,CA-2016-108056,Wilson Electronics DB Pro Signal Booster,Technology,3.0,286.4,20.0,West
2017-09-11,CA-2017-127726,"Fellowes Premier Superior Surge Suppressor, 10-Outlet, With Phone and Remote",Office Supplies,4.0,48.92,0.0,South
2017-09-11,CA-2017-127726,"Acco Clips to Go Binder Clips, 24 Clips in Two Sizes",Office Supplies,4.0,3.55,0.0,South
2017-05-01,CA-2017-110198,Bush Somerset Collection Bookcase,Furniture,3.0,104.78,20.0,South
2017-05-01,CA-2017-110198,Avery 492,Office Supplies,2.0,2.3,20.0,South
2017-09-16,CA-2017-130715,"OIC Colored Binder Clips, Assorted Sizes",Office Supplies,5.0,3.58,0.0,West
2014-10-19,CA-2014-155264,Accohide Poly Flexible Ring Binders,Office Supplies,1.0,2.99,20.0,West
2014-10-19,CA-2014-155264,Avery Durable Slant Ring Binders With Label Holder,Office Supplies,6.0,3.34,20.0,West
2014-10-19,CA-2014-155264,Xerox 1917,Office Supplies,3.0,48.91,0.0,West
2014-10-19,CA-2014-155264,Avery 480,Office Supplies,5.0,3.75,0.0,West
2014-10-19,CA-2014-155264,Panasonic KX TS208W Corded phone,Technology,3.0,39.19,20.0,West
2016-03-13,CA-2016-119123,Cardinal EasyOpen D-Ring Binders,Office Supplies,7.0,7.31,20.0,West
2017-02-17,CA-2017-109085,"SAFCO PlanMaster Boards, 60w x 37-1/2d, White Melamine",Furniture,5.0,91.19,40.0,East
2017-02-17,CA-2017-109085,"Acco Pressboard Covers with Storage Hooks, 14 7/8"" x 11"", Executive Red",Office Supplies,5.0,1.14,70.0,East
2017-02-17,CA-2017-109085,Vtech CS6719,Technology,1.0,57.59,40.0,East
2017-02-17,CA-2017-109085,Flat Face Poster Frame,Furniture,2.0,15.07,20.0,East
2017-02-17,CA-2017-109085,Global Commerce Series Low-Back Swivel/Tilt Chairs,Furniture,5.0,179.89,30.0,East
2016-12-22,CA-2016-114860,Deflect-o DuraMat Antistatic Studded Beveled Mat for Medium Pile Carpeting,Furniture,8.0,105.34,0.0,West
2016-12-22,CA-2016-114860,Magnifier Swing Arm Lamp,Furniture,2.0,20.98,0.0,West
2016-09-23,CA-2016-159009,"ACCOHIDE 3-Ring Binder, Blue, 1""",Office Supplies,4.0,3.3,20.0,West
2016-09-23,CA-2016-159009,Global Deluxe Steno Chair,Furniture,3.0,61.58,20.0,West
2017-09-24,CA-2017-148411,GuestStacker Chair with Chrome Finish Legs,Furniture,2.0,260.23,30.0,Central
2017-09-24,CA-2017-148411,Wirebound Voice Message Log Book,Office Supplies,3.0,3.81,20.0,Central
2015-12-01,CA-2015-110324,Xerox 207,Office Supplies,3.0,6.48,0.0,Central
2015-12-01,CA-2015-110324,Newell 307,Office Supplies,2.0,1.82,0.0,Central
2015-12-01,CA-2015-110324,"Wirebound Message Books, Four 2 3/4"" x 5"" Forms per Page, 600 Sets per Book",Office Supplies,2.0,9.27,0.0,Central
2016-01-25,CA-2016-168046,"GBC Standard Recycled Report Covers, Clear Plastic Sheets",Office Supplies,5.0,8.62,20.0,East
2016-01-25,CA-2016-168046,Chromcraft Round Conference Tables,Furniture,3.0,104.57,40.0,East
2016-01-25,CA-2016-168046,Tenex B1-RE Series Chair Mats for Low Pile Carpets,Furniture,1.0,45.98,0.0,East
2016-01-25,CA-2016-168046,"SAFCO Commercial Wire Shelving, 72h",Office Supplies,7.0,61.24,0.0,East
2017-03-21,CA-2017-111591,"C-Line Peel & Stick Add-On Filing Pockets, 8-3/4 x 5-1/8, 10/Pack",Office Supplies,6.0,5.1,20.0,West
2017-03-21,CA-2017-111591,"Super Bands, 12/Pack",Office Supplies,7.0,1.86,0.0,West
2017-03-21,CA-2017-111591,"Eldon Expressions Wood Desk Accessories, Oak",Furniture,3.0,7.38,0.0,West
2017-03-21,CA-2017-111591,Fellowes Officeware Wire Shelving,Office Supplies,4.0,89.83,0.0,West
2014-08-22,US-2014-166828,Xerox 1899,Office Supplies,2.0,5.78,0.0,Central
2014-06-08,CA-2014-108147,"Green Canvas Binder for 8-1/2"" x 14"" Sheets",Office Supplies,2.0,34.24,20.0,East
2014-06-08,CA-2014-108147,"Tennsco Snap-Together Open Shelving Units, Starter Sets and Add-On Units",Office Supplies,6.0,279.48,0.0,East
2016-04-07,CA-2016-154998,Xerox 1939,Office Supplies,2.0,18.97,0.0,East
2017-11-07,CA-2017-113460,Global Highback Leather Tilter in Burgundy,Furniture,3.0,90.99,0.0,East
2015-05-29,CA-2015-111339,"Tensor ""Hersey Kiss"" Styled Floor Lamp",Furniture,4.0,10.39,20.0,East
2015-05-29,CA-2015-111339,Novimex Swivel Fabric Task Chair,Furniture,3.0,105.69,30.0,East
2015-05-29,CA-2015-111339,Ideal Clamps,Office Supplies,5.0,1.61,20.0,East
2017-05-07,CA-2017-102820,Blue Parrot B250XT Professional Grade Wireless Bluetooth Headset with,Technology,7.0,59.99,20.0,West
2016-06-05,CA-2016-149671,Acme Box Cutter Scissors,Office Supplies,6.0,10.23,0.0,West
2015-12-14,CA-2015-126347,Micro Innovations USB RF Wireless Keyboard with Mouse,Technology,2.0,25.0,0.0,West
2017-12-25,CA-2017-108756,Memorex Micro Travel Drive 4 GB,Technology,3.0,10.6,0.0,East
2017-12-17,CA-2017-155362,Adjustable Personal File Tote,Office Supplies,2.0,16.28,0.0,Central
2016-05-10,CA-2016-117625,Grip Seal Envelopes,Office Supplies,2.0,3.54,20.0,Central
2014-12-23,CA-2014-154158,Computer Printout Paper with Letter-Trim Perforations,Office Supplies,3.0,15.18,20.0,South
2014-12-23,CA-2014-154158,"Padded Folding Chairs, Black, 4/Carton",Furniture,1.0,64.78,20.0,South
2014-12-23,CA-2014-154158,Tennsco 6- and 18-Compartment Lockers,Office Supplies,2.0,212.14,20.0,South
2014-12-23,CA-2014-154158,Prang Dustless Chalk Sticks,Office Supplies,1.0,1.34,20.0,South
2014-12-23,CA-2014-154158,Acco Perma 3000 Stacking Storage Drawers,Office Supplies,5.0,16.78,20.0,South
2017-08-11,CA-2017-100433,Xerox 226,Office Supplies,4.0,6.48,0.0,East
2017-08-27,CA-2017-163097,Flat Face Poster Frame,Furniture,8.0,15.07,20.0,West
2017-01-19,US-2017-127292,Xerox 191,Office Supplies,4.0,19.98,0.0,East
2017-01-19,US-2017-127292,Xerox 1881,Office Supplies,1.0,12.28,0.0,East
2017-01-19,US-2017-127292,Avanti 4.4 Cu. Ft. Refrigerator,Office Supplies,3.0,180.98,0.0,East
2017-01-19,US-2017-127292,Poly String Tie Envelopes,Office Supplies,1.0,2.04,0.0,East
2015-06-19,CA-2015-163734,Recycled Steel Personal File for Hanging File Folders,Office Supplies,5.0,45.78,20.0,Central
2017-03-13,CA-2017-162474,PowerGen Dual USB Car Charger,Technology,1.0,7.99,20.0,Central
2015-10-25,CA-2015-130848,Global Highback Leather Tilter in Burgundy,Furniture,8.0,72.79,20.0,West
2014-09-20,CA-2014-125997,Ooma Telo VoIP Home Phone System,Technology,5.0,125.99,0.0,East
2014-09-20,CA-2014-125997,Global Leather Executive Chair,Furniture,2.0,315.89,10.0,East
2014-09-20,CA-2014-125997,DMI Eclipse Executive Suite Bookcases,Furniture,2.0,400.78,20.0,East
2014-09-20,CA-2014-125997,Avery 485,Office Supplies,6.0,12.53,0.0,East
2014-09-20,CA-2014-125997,Euro-Pro Shark Turbo Vacuum,Office Supplies,1.0,30.98,0.0,East
2014-09-20,CA-2014-125997,Panasonic KX-TG9541B DECT 6.0 Digital 2-Line Expandable Cordless Phone With Digital Answering System,Technology,9.0,149.99,0.0,East
2016-11-11,CA-2016-103128,Newell 332,Office Supplies,6.0,2.35,20.0,Central
2015-09-16,CA-2015-167696,Staple envelope,Office Supplies,4.0,7.78,0.0,South
2014-06-24,CA-2014-159814,Acrylic Self-Standing Desk Frames,Furniture,2.0,2.14,20.0,West
2016-08-12,CA-2016-105459,Chromcraft Round Conference Tables,Furniture,2.0,104.57,40.0,East
2016-08-12,CA-2016-105459,Tennsco 6- and 18-Compartment Lockers,Office Supplies,6.0,265.17,0.0,East
2017-04-13,CA-2017-141663,Translucent Push Pins by OIC,Office Supplies,5.0,1.58,20.0,East
2014-03-14,CA-2014-152618,Hewlett-Packard Deskjet 6540 Color Inkjet Printer,Technology,2.0,287.46,30.0,Central
2014-03-14,CA-2014-152618,Xerox 1963,Office Supplies,2.0,4.22,20.0,Central
2017-09-22,CA-2017-162789,WD My Passport Ultra 2TB Portable External Hard Drive,Technology,9.0,119.0,0.0,East
2017-09-22,CA-2017-162789,Eldon 500 Class Desk Accessories,Furniture,1.0,12.07,0.0,East
2017-12-10,US-2017-110149,Heavy-Duty E-Z-D Binders,Office Supplies,1.0,3.27,70.0,East
2017-12-10,US-2017-110149,"Contract Clock, 14"", Brown",Furniture,5.0,17.58,20.0,East
2016-03-10,CA-2016-108959,"Mini 13-1/2 Capacity Data Binder Rack, Pearl",Office Supplies,1.0,104.7,20.0,West
2015-01-27,CA-2015-164777,HON 5400 Series Task Chairs for Big and Tall,Furniture,5.0,560.78,20.0,West
2016-09-26,CA-2016-132017,GBC Recycled VeloBinder Covers,Office Supplies,2.0,3.41,80.0,Central
2015-10-18,CA-2015-127824,Motorola L703CM,Technology,2.0,124.79,20.0,West
2015-10-18,CA-2015-127824,Xerox 1903,Office Supplies,3.0,5.98,0.0,West
2015-10-18,CA-2015-127824,Eldon 100 Class Desk Accessories,Furniture,3.0,3.37,0.0,West
2014-10-27,CA-2014-148285,Xerox 2,Office Supplies,2.0,5.18,20.0,South
2014-10-27,CA-2014-148285,Easy-staple paper,Office Supplies,3.0,3.98,20.0,South
2017-10-02,CA-2017-152926,Fellowes Superior 10 Outlet Split Surge Protector,Office Supplies,2.0,7.61,80.0,Central
2017-10-02,CA-2017-152926,Acco 6 Outlet Guardian Premium Plus Surge Suppressor,Office Supplies,6.0,3.66,80.0,Central
2014-07-23,CA-2014-145254,VTech DS6151,Technology,6.0,100.79,20.0,West
2014-07-23,CA-2014-145254,Acme Softgrip Scissors,Office Supplies,5.0,8.14,0.0,West
2014-07-23,CA-2014-145254,AT&T CL2909,Technology,3.0,100.79,20.0,West
2014-07-23,CA-2014-145254,Imation 8gb Micro Traveldrive Usb 2.0 Flash Drive,Technology,3.0,15.0,0.0,West
2014-09-12,CA-2014-116246,HON 5400 Series Task Chairs for Big and Tall,Furniture,6.0,630.88,10.0,East
2016-09-15,CA-2016-160479,SANFORD Major Accent Highlighters,Office Supplies,5.0,7.08,0.0,West
2014-11-27,CA-2014-167486,Eldon Radial Chair Mat for Low to Medium Pile Carpets,Furniture,5.0,39.98,0.0,East
2014-05-11,CA-2014-152100,Hon Multipurpose Stacking Arm Chairs,Furniture,8.0,151.62,30.0,Central
2015-08-28,CA-2015-166219,Mitel MiVoice 5330e IP Phone,Technology,5.0,219.99,20.0,Central
2015-08-28,CA-2015-166219,Hon 2111 Invitation Series Straight Table,Furniture,1.0,103.48,30.0,Central
2015-06-19,CA-2015-111864,Self-Adhesive Address Labels for Typewriters with Dispenser Box,Office Supplies,2.0,2.95,20.0,East
2015-08-17,CA-2015-119627,Imation Clip USB flash drive - 8 GB,Technology,2.0,15.04,20.0,West
2015-08-17,CA-2015-119627,Xerox 21,Office Supplies,7.0,5.18,20.0,West
2015-08-17,CA-2015-119627,Newell 336,Office Supplies,3.0,3.42,20.0,West
2015-08-17,CA-2015-119627,First Data FD10 PIN Pad,Technology,4.0,63.2,20.0,West
2015-09-25,CA-2015-160787,"Acco Pressboard Covers with Storage Hooks, 14 7/8"" x 11"", Light Blue",Office Supplies,2.0,1.47,70.0,East
2017-05-26,CA-2017-107853,Xerox 201,Office Supplies,2.0,6.48,0.0,West
2017-07-31,CA-2017-126144,Polycom SoundPoint Pro SE-225 Corded phone,Technology,4.0,71.39,40.0,East
2014-10-12,US-2014-154655,"Acme Hot Forged Carbon Steel Scissors with Nickel-Plated Handles, 3 7/8"" Cut, 8""L",Office Supplies,2.0,11.12,20.0,Central
2014-05-25,CA-2014-100391,Strathmore Photo Frame Cards,Office Supplies,2.0,7.31,0.0,East
2014-12-29,CA-2014-165477,Acco 6 Outlet Guardian Standard Surge Suppressor,Office Supplies,5.0,9.67,20.0,East
2017-04-07,CA-2017-165904,50 Colored Long Pencils,Office Supplies,2.0,8.13,20.0,South
2017-04-07,CA-2017-165904,AT&T 1080 Corded phone,Technology,2.0,109.59,20.0,South
2015-03-01,CA-2015-104052,Jackery Bar Premium Fast-charging Portable Charger,Technology,4.0,23.96,20.0,Central
2015-05-29,CA-2015-168277,Avery 476,Office Supplies,3.0,4.13,0.0,Central
2016-09-22,CA-2016-158617,Xerox 1895,Office Supplies,6.0,5.98,0.0,Central
2017-05-27,CA-2017-136882,"Electrix Architect's Clamp-On Swing Arm Lamp, Black",Furniture,5.0,95.46,0.0,Central
2016-09-17,US-2016-148957,Avery 481,Office Supplies,4.0,3.08,0.0,West
2014-09-08,CA-2014-140032,"Acco PRESSTEX Data Binder with Storage Hooks, Light Blue, 9 1/2"" X 11""",Office Supplies,2.0,4.3,20.0,West
2017-06-03,CA-2017-145506,Eldon Gobal File Keepers,Office Supplies,9.0,15.14,0.0,West
2015-09-28,CA-2015-129546,"Acco Smartsocket Table Surge Protector, 6 Color-Coded Adapter Outlets",Office Supplies,3.0,62.05,0.0,West
2015-09-28,CA-2015-129546,GBC Recycled VeloBinder Covers,Office Supplies,6.0,13.63,20.0,West
2015-09-28,CA-2015-129546,Acme Galleria Hot Forged Steel Scissors with Colored Handles,Office Supplies,3.0,15.73,0.0,West
2015-09-28,CA-2015-129546,Motorola HK250 Universal Bluetooth Headset,Technology,2.0,18.39,20.0,West
2016-06-16,CA-2016-140977,Penpower WorldCard Pro Card Scanner,Technology,1.0,91.48,50.0,South
2017-05-27,CA-2017-151855,Sony 8GB Class 10 Micro SDHC R40 Memory Card,Technology,3.0,9.06,20.0,South
2017-05-27,CA-2017-151855,"Fellowes Twister Kit, Gray/Clear, 3/pkg",Office Supplies,5.0,2.41,70.0,South
2014-10-09,CA-2014-138240,Boston Heavy-Duty Trimline Electric Pencil Sharpeners,Office Supplies,3.0,48.2,0.0,West
2014-10-09,CA-2014-138240,iOttie HLCRIO102 Car Mount,Technology,1.0,15.99,20.0,West
2014-11-17,CA-2014-101833,Southworth 100% Cotton The Best Paper,Office Supplies,3.0,11.48,0.0,East
2014-10-19,CA-2014-100867,RCA Visys Integrated PBX 8-Line Router,Technology,6.0,53.59,20.0,West
2017-11-25,US-2017-109610,Office Star - Professional Matrix Back Chair with 2-to-1 Synchro Tilt and Mesh Fabric Seat,Furniture,2.0,350.98,0.0,South
2014-02-27,CA-2014-156545,Zebra Zazzle Fluorescent Highlighters,Office Supplies,4.0,4.86,20.0,East
2014-12-21,CA-2014-109127,Avery 492,Office Supplies,6.0,2.88,0.0,East
2016-11-19,CA-2016-126858,Tenex Chairmats For Use With Carpeted Floors,Furniture,2.0,15.98,0.0,West
2017-11-05,CA-2017-102925,GBC Prestige Therm-A-Bind Covers,Office Supplies,6.0,27.45,20.0,East
2017-11-05,CA-2017-102925,Balt Split Level Computer Training Table,Furniture,2.0,83.25,40.0,East
2017-11-05,CA-2017-102925,Xerox 202,Office Supplies,2.0,6.48,0.0,East
2017-11-05,CA-2017-102925,"Eaton Premium Continuous-Feed Paper, 25% Cotton, Letter Size, White, 1000 Shts/Box",Office Supplies,2.0,55.48,0.0,East
2017-11-05,CA-2017-102925,Anker Astro 15000mAh USB Portable Charger,Technology,2.0,49.99,0.0,East
2017-11-05,CA-2017-102925,Avery Premier Heavy-Duty Binder with Round Locking Rings,Office Supplies,1.0,11.42,20.0,East
2017-11-05,CA-2017-102925,Harbour Creations 67200 Series Stacking Chairs,Furniture,2.0,64.06,10.0,East
2017-11-05,CA-2017-102925,"Career Cubicle Clock, 8 1/4"", Black",Furniture,5.0,20.28,0.0,East
2015-05-31,CA-2015-100818,Avery 501,Office Supplies,2.0,2.95,20.0,Central
2015-05-31,CA-2015-100818,Xerox 1988,Office Supplies,7.0,24.78,20.0,Central
2015-05-31,CA-2015-100818,"Tenex Traditional Chairmats for Hard Floors, Average Lip, 36"" x 48""",Furniture,2.0,25.78,60.0,Central
2015-05-31,CA-2015-100818,Storex Dura Pro Binders,Office Supplies,3.0,1.19,80.0,Central
2014-09-07,CA-2014-126193,Acco Hot Clips Clips to Go,Office Supplies,5.0,2.63,20.0,Central
2014-09-07,CA-2014-126193,Avery Heavy-Duty EZD View Binder with Locking Rings,Office Supplies,3.0,1.28,80.0,Central
2014-09-07,CA-2014-126193,Ibico Hi-Tech Manual Binding System,Office Supplies,5.0,61.0,80.0,Central
2017-11-06,CA-2017-150504,"SimpliFile Personal File, Black Granite, 15w x 6-15/16d x 11-1/4h",Office Supplies,2.0,9.08,20.0,Central
2015-06-20,CA-2015-158351,Razer Tiamat Over Ear 7.1 Surround Sound PC Gaming Headset,Technology,2.0,159.99,20.0,East
2014-07-22,CA-2014-122679,Crayola Colored Pencils,Office Supplies,6.0,3.28,0.0,West
2016-12-02,CA-2016-164770,Sauder Camden County Collection Library,Furniture,10.0,78.19,32.0,Central
2016-12-02,CA-2016-164770,Xerox 1962,Office Supplies,9.0,3.42,20.0,Central
2017-10-12,CA-2017-130505,"Chromcraft 48"" x 96"" Racetrack Double Pedestal Table",Furniture,3.0,224.45,30.0,East
2017-12-11,US-2017-125213,Stockwell Push Pins,Office Supplies,3.0,2.18,0.0,East
2015-10-01,CA-2015-156566,Wilson Electronics DB Pro Signal Booster,Technology,2.0,286.4,20.0,West
2016-08-05,US-2016-102232,"Boston Model 1800 Electric Pencil Sharpener, Gray",Office Supplies,7.0,28.15,0.0,South
2017-01-03,CA-2017-111738,GBC ProClick 150 Presentation Binding System,Office Supplies,8.0,252.78,20.0,West
2017-01-03,CA-2017-111738,Manco Dry-Lighter Erasable Highlighter,Office Supplies,3.0,3.04,0.0,West
2017-11-07,CA-2017-163188,Storex DuraTech Recycled Plastic Frosted Binders,Office Supplies,9.0,4.24,0.0,Central
2016-01-03,CA-2016-105207,"Hon Practical Foundations 30 x 60 Training Table, Light Gray/Charcoal",Furniture,7.0,227.55,0.0,Central
2016-01-03,CA-2016-105207,Storex Dura Pro Binders,Office Supplies,2.0,5.94,0.0,Central
2016-05-12,US-2016-123610,Memorex Mini Travel Drive 32 GB USB 2.0 Flash Drive,Technology,6.0,20.0,0.0,West
2016-05-12,US-2016-123610,Staple holder,Office Supplies,1.0,8.67,0.0,West
2017-11-05,CA-2017-118213,"Ampad Gold Fibre Wirebound Steno Books, 6"" x 9"", Gregg Ruled",Office Supplies,1.0,4.41,0.0,Central
2017-11-05,CA-2017-118213,Easy-staple paper,Office Supplies,3.0,55.98,0.0,Central
2017-11-05,CA-2017-118213,Strathmore Photo Mount Cards,Office Supplies,10.0,6.78,0.0,Central
2016-05-26,CA-2016-149237,Nu-Dell Float Frame 11 x 14 1/2,Furniture,3.0,8.98,0.0,Central
2015-11-20,US-2015-158589,Dana Swing-Arm Lamps,Furniture,3.0,10.68,0.0,West
2016-04-22,CA-2016-101329,Barrel Sharpener,Office Supplies,9.0,3.57,0.0,East
2016-04-22,CA-2016-101329,Newell 32,Office Supplies,1.0,2.88,0.0,East
2016-10-14,CA-2016-113607,Motorola L703CM,Technology,7.0,155.99,0.0,East
2016-10-14,CA-2016-113607,Xerox 1908,Office Supplies,2.0,55.98,0.0,East
2014-04-05,CA-2014-149104,Stanley Contemporary Battery Pencil Sharpeners,Office Supplies,2.0,13.35,0.0,Central
2014-04-05,CA-2014-149104,"Fellowes Twister Kit, Gray/Clear, 3/pkg",Office Supplies,5.0,8.04,0.0,Central
2014-04-05,CA-2014-149104,"Binney & Smith Crayola Metallic Colored Pencils, 8-Color Set",Office Supplies,3.0,4.63,0.0,Central
2014-04-05,CA-2014-149104,Space Solutions HD Industrial Steel Shelving.,Office Supplies,6.0,114.97,0.0,Central
2016-08-06,CA-2016-105263,"Dixon Prang Watercolor Pencils, 10-Color Set with Brush",Office Supplies,9.0,4.26,0.0,East
2014-12-14,CA-2014-130575,GBC VeloBind Cover Sets,Office Supplies,3.0,3.09,80.0,Central
2017-05-30,CA-2017-142461,"Atlantic Metals Mobile 5-Shelf Bookcases, Custom Colors",Furniture,1.0,204.67,32.0,Central
2016-10-14,CA-2016-125220,Plantronics CS510 - Over-the-Head monaural Wireless Headset System,Technology,5.0,329.95,0.0,Central
2014-03-14,CA-2014-100293,Xerox 1887,Office Supplies,6.0,15.18,20.0,South
2014-02-17,CA-2014-154165,Staples in misc. colors,Office Supplies,14.0,3.87,20.0,Central
2015-08-24,CA-2015-123939,"Belkin SportFit Armband For iPhone 5s/5c, Fuchsia",Technology,3.0,8.99,40.0,East
2015-08-24,CA-2015-123939,Avery 474,Office Supplies,3.0,2.3,20.0,East
2015-08-24,CA-2015-123939,Adjustable Depth Letter/Legal Cart,Office Supplies,3.0,145.17,20.0,East
2017-05-08,US-2017-104451,Fellowes Mighty 8 Compact Surge Protector,Office Supplies,4.0,20.27,0.0,West
2016-02-04,CA-2016-101189,Safco Commercial Shelving,Office Supplies,2.0,46.51,0.0,West
2014-12-19,CA-2014-169446,RCA ViSYS 25425RE1 Corded phone,Technology,3.0,107.99,20.0,Central
2014-12-19,CA-2014-169446,Xerox 229,Office Supplies,3.0,5.18,20.0,Central
2014-12-19,CA-2014-169446,"Rogers Jumbo File, Granite",Office Supplies,3.0,10.86,20.0,Central
2017-12-05,CA-2017-156958,GBC Premium Transparent Covers with Diagonal Lined Pattern,Office Supplies,5.0,16.78,20.0,West
2017-12-05,CA-2017-156958,Eldon Radial Chair Mat for Low to Medium Pile Carpets,Furniture,5.0,39.98,0.0,West
2017-12-05,CA-2017-156958,Cyber Acoustics AC-202b Speech Recognition Stereo Headset,Technology,3.0,10.39,20.0,West
2017-12-05,CA-2017-156958,GBC VeloBinder Manual Binding System,Office Supplies,6.0,28.79,20.0,West
2017-12-05,CA-2017-156958,Fellowes Black Plastic Comb Bindings,Office Supplies,2.0,4.65,20.0,West
2017-03-24,CA-2017-101637,Iris Project Case,Office Supplies,2.0,6.38,20.0,Central
2017-07-08,CA-2017-111759,Easy-staple paper,Office Supplies,2.0,26.38,0.0,West
2017-10-26,CA-2017-102729,"Multi-Use Personal File Cart and Caster Set, Three Stacking Bins",Office Supplies,2.0,27.81,20.0,Central
2016-10-27,CA-2016-116596,"Metal Folding Chairs, Beige, 4/Carton",Furniture,14.0,30.55,10.0,East
2016-10-27,CA-2016-116596,"Advantus Push Pins, Aluminum Head",Office Supplies,7.0,5.81,0.0,East
2016-10-27,CA-2016-116596,Rogers Profile Extra Capacity Storage Tub,Office Supplies,2.0,16.74,0.0,East
2016-10-27,CA-2016-116596,Prestige Round Ring Binders,Office Supplies,2.0,4.86,20.0,East
2017-06-12,CA-2017-124191,"Eldon Expressions Wood Desk Accessories, Oak",Furniture,3.0,2.95,60.0,Central
2016-09-25,CA-2016-148747,"Atlantic Metals Mobile 4-Shelf Bookcases, Custom Colors",Furniture,2.0,238.83,15.0,West
2017-09-07,US-2017-169488,Avoid Verbal Orders Carbonless Minifold Book,Office Supplies,5.0,3.38,0.0,East
2017-09-07,US-2017-169488,Xerox 191,Office Supplies,2.0,19.98,0.0,East
2015-05-11,CA-2015-135727,Global Chrome Stack Chair,Furniture,7.0,27.42,20.0,West
2015-08-06,CA-2015-135251,Avery 505,Office Supplies,3.0,11.84,20.0,Central
2015-08-06,CA-2015-135251,Avery Hole Reinforcements,Office Supplies,5.0,1.25,80.0,Central
2015-08-06,CA-2015-135251,Xerox 1906,Office Supplies,2.0,28.35,20.0,Central
2015-08-06,CA-2015-135251,O'Sullivan Manor Hill 2-Door Library in Brianna Oak,Furniture,3.0,123.07,32.0,Central
2014-10-29,CA-2014-166590,Maxell 4.7GB DVD+R 5/Pack,Technology,2.0,0.99,0.0,Central
2014-10-29,CA-2014-166590,"Snap-A-Way Black Print Carbonless Ruled Speed Letter, Triplicate",Office Supplies,2.0,37.94,0.0,Central
2016-06-18,CA-2016-131744,Xerox 1900,Office Supplies,2.0,3.42,20.0,East
2016-06-18,CA-2016-131744,DXL Angle-View Binders with Locking Rings by Samsill,Office Supplies,2.0,2.31,70.0,East
2016-06-18,CA-2016-131744,Harmony Air Purifier,Office Supplies,3.0,151.2,20.0,East
2015-05-03,CA-2015-160864,Avery Binding System Hidden Tab Executive Style Index Sets,Office Supplies,3.0,4.62,20.0,West
2015-11-10,CA-2015-147690,Iceberg Mobile Mega Data/Printer Cart ,Office Supplies,6.0,96.26,20.0,East
2015-05-30,CA-2015-163923,Imation Secure Drive + Hardware Encrypted USB flash drive - 16 GB,Technology,4.0,37.99,0.0,South
2016-09-22,CA-2016-125724,Aluminum Document Frame,Furniture,7.0,9.78,20.0,West
2015-11-28,CA-2015-111612,"Seth Thomas 13 1/2"" Wall Clock",Furniture,5.0,14.22,20.0,East
2015-11-28,CA-2015-111612,Staples,Office Supplies,2.0,1.5,20.0,East
2015-12-03,CA-2015-156853,Xerox 1935,Office Supplies,7.0,26.38,0.0,East
2014-10-17,CA-2014-103086,G.E. Longer-Life Indoor Recessed Floodlight Bulbs,Furniture,2.0,2.66,60.0,Central
2016-05-03,CA-2016-129280,Imation 16GB Mini TravelDrive USB 2.0 Flash Drive,Technology,5.0,26.5,20.0,East
2016-05-03,CA-2016-129280,Tennsco Industrial Shelving,Office Supplies,5.0,39.13,20.0,East
2016-05-03,CA-2016-129280,"Computer Room Manger, 14""",Furniture,2.0,25.98,20.0,East
2016-05-03,CA-2016-129280,Logitech VX Revolution Cordless Laser Mouse for Notebooks (Black),Technology,3.0,143.99,20.0,East
2016-05-03,CA-2016-129280,Cisco 8961 IP Phone Charcoal,Technology,3.0,74.98,70.0,East
2016-05-03,CA-2016-129280,Avery 496,Office Supplies,2.0,3.0,20.0,East
2015-06-01,CA-2015-161242,"Adams Telephone Message Book W/Dividers/Space For Phone Numbers, 5 1/4""X8 1/2"", 300/Messages",Office Supplies,2.0,5.88,0.0,West
2014-03-31,CA-2014-130428,"Global Leather Highback Executive Chair with Pneumatic Height Adjustment, Black",Furniture,7.0,160.78,20.0,South
2014-03-31,CA-2014-130428,Ibico Plastic and Wire Spiral Binding Combs,Office Supplies,5.0,2.53,70.0,South
2014-03-31,CA-2014-130428,"Binney & Smith inkTank Erasable Desk Highlighter, Chisel Tip, Yellow, 12/Box",Office Supplies,2.0,2.02,20.0,South
2017-07-05,CA-2017-104388,Anker 36W 4-Port USB Wall Charger Travel Power Adapter for iPhone 5s 5c 5,Technology,4.0,19.99,0.0,Central
2015-09-24,CA-2015-113131,Accohide Poly Flexible Ring Binders,Office Supplies,6.0,1.12,70.0,East
2015-09-24,CA-2015-113131,"Tennsco Lockers, Sand",Office Supplies,2.0,16.78,20.0,East
2015-09-24,CA-2015-113131,#6 3/4 Gummed Flap White Envelopes,Office Supplies,2.0,7.92,20.0,East
2015-09-24,CA-2015-113131,"Avery 4027 File Folder Labels for Dot Matrix Printers, 5000 Labels per Box, White",Office Supplies,1.0,24.42,20.0,East
2015-09-24,CA-2015-113131,Newell 347,Office Supplies,5.0,3.42,20.0,East
2015-08-13,CA-2015-148495,Ultra Door Pull Handle,Furniture,3.0,10.52,0.0,West
2015-05-26,CA-2015-143147,Novimex Swivel Fabric Task Chair,Furniture,1.0,105.69,30.0,Central
2015-05-26,CA-2015-143147,StarTech.com 10/100 VDSL2 Ethernet Extender Kit,Technology,2.0,199.77,40.0,Central
2015-05-26,CA-2015-143147,"Global Stack Chair with Arms, Black",Furniture,5.0,20.99,30.0,Central
2017-09-14,CA-2017-152975,Wilson SignalBoost 841262 DB PRO Amplifier Kit,Technology,3.0,359.95,0.0,East
2017-09-14,CA-2017-152975,Sensible Storage WireTech Storage Systems,Office Supplies,1.0,70.98,0.0,East
2017-09-14,CA-2017-152975,Bulldog Table or Wall-Mount Pencil Sharpener,Office Supplies,5.0,5.99,0.0,East
2017-09-14,CA-2017-152975,"Office Star - Contemporary Task Swivel chair with Loop Arms, Charcoal",Furniture,5.0,117.88,10.0,East
2016-06-07,CA-2016-107475,Ideal Clamps,Office Supplies,6.0,1.61,20.0,East
2017-06-25,CA-2017-116127,DMI Eclipse Executive Suite Bookcases,Furniture,1.0,400.78,20.0,East
2017-08-26,CA-2017-132584,"Neat Ideas Personal Hanging Folder Files, Black",Office Supplies,4.0,13.43,0.0,Central
2016-08-26,CA-2016-160598,Xerox 1944,Office Supplies,1.0,31.01,20.0,South
2016-11-18,CA-2016-108630,Recycled Premium Regency Composition Covers,Office Supplies,5.0,12.22,20.0,West
2017-04-17,US-2017-129203,Carina Media Storage Towers in Natural & Black,Office Supplies,4.0,48.78,20.0,Central
2017-07-23,CA-2017-110940,"Hunt PowerHouse Electric Pencil Sharpener, Blue",Office Supplies,4.0,30.38,20.0,Central
2014-05-11,CA-2014-119172,"Black Print Carbonless 8 1/2"" x 8 1/4"" Rapid Memo Book",Office Supplies,3.0,5.82,20.0,Central
2014-05-11,CA-2014-119172,Avery Arch Ring Binders,Office Supplies,9.0,11.62,80.0,Central
2016-07-28,US-2016-105452,"Eldon Image Series Desk Accessories, Ebony",Furniture,5.0,4.94,60.0,Central
2016-07-28,US-2016-105452,"Tenex Chairmat w/ Average Lip, 45"" x 53""",Furniture,5.0,60.54,60.0,Central
2017-09-14,CA-2017-108931,Xerox 1980,Office Supplies,2.0,4.28,0.0,East
2017-09-14,CA-2017-108931,Xerox 1987,Office Supplies,2.0,5.78,0.0,East
2017-01-24,CA-2017-104619,"Acco Six-Outlet Power Strip, 4' Cord Length",Office Supplies,3.0,8.62,0.0,West
2017-01-24,CA-2017-104619,Ibico EB-19 Dual Function Manual Binding System,Office Supplies,2.0,138.39,20.0,West
2017-01-24,CA-2017-104619,Jensen SMPS-640 - speaker phone,Technology,3.0,36.78,20.0,West
2015-09-19,CA-2015-149517,"Seth Thomas 8 1/2"" Cubicle Clock",Furniture,3.0,20.28,0.0,West
2015-04-14,CA-2015-116841,Acco Smartsocket Color-Coded Six-Outlet AC Adapter Model Surge Protectors,Office Supplies,1.0,35.21,20.0,West
2017-05-08,CA-2017-107797,Xerox 1997,Office Supplies,8.0,5.18,20.0,Central
2016-09-04,CA-2016-117604,Xerox 1886,Office Supplies,5.0,47.9,0.0,South
2014-05-19,CA-2014-130155,Acme Design Stainless Steel Bent Scissors,Office Supplies,5.0,6.84,0.0,South
2016-06-17,CA-2016-129861,Hon 2111 Invitation Series Corner Table,Furniture,3.0,125.62,40.0,East
2015-11-02,CA-2015-138625,"Eureka Hand Vacuum, Bagless",Office Supplies,4.0,49.43,0.0,South
2017-11-04,US-2017-122672,SanDisk Ultra 32 GB MicroSDHC Class 10 Memory Card,Technology,4.0,17.68,20.0,East
2017-11-04,US-2017-122672,"Carina 42""Hx23 3/4""W Media Storage Unit",Office Supplies,3.0,64.78,20.0,East
2017-12-05,CA-2017-117128,"Telephone Message Books with Fax/Mobile Section, 4 1/4"" x 6""",Office Supplies,6.0,3.6,0.0,East
2017-12-05,CA-2017-117128,Avery 52,Office Supplies,3.0,3.69,0.0,East
2016-05-16,CA-2016-130638,"Tenex Carpeted, Granite-Look or Clear Contemporary Contour Shape Chair Mats",Furniture,4.0,70.71,0.0,West
2016-05-16,CA-2016-130638,Avery 481,Office Supplies,9.0,3.08,0.0,West
2017-10-24,CA-2017-144365,Staples,Office Supplies,4.0,2.92,0.0,South
2016-09-18,CA-2016-110086,Polycom CX300 Desktop Phone USB VoIP phone,Technology,2.0,119.99,20.0,West
2014-11-11,CA-2014-128524,Belkin F5C206VTEL 6 Outlet Surge,Office Supplies,1.0,22.98,0.0,West
2014-11-11,CA-2014-128524,Belkin Standard 104 key USB Keyboard,Technology,7.0,14.59,0.0,West
2014-11-11,CA-2014-128524,Fellowes PB500 Electric Punch Plastic Comb Binding Machine with Manual Bind,Office Supplies,2.0,1016.79,20.0,West
2016-08-22,CA-2016-140256,Newell 346,Office Supplies,2.0,2.88,0.0,West
2017-11-16,CA-2017-160633,Hewlett Packard 610 Color Digital Copier / Printer,Technology,3.0,299.99,40.0,East
2017-11-16,CA-2017-160633,Panasonic KP-380BK Classic Electric Pencil Sharpener,Office Supplies,3.0,28.78,20.0,East
2017-11-16,CA-2017-160633,Logitech Media Keyboard K200,Technology,5.0,27.99,20.0,East
2014-09-26,CA-2014-115133,Hoover Commercial Lightweight Upright Vacuum,Office Supplies,6.0,2.78,20.0,East
2014-09-26,CA-2014-115133,Maxell CD-R Discs,Technology,2.0,1.58,20.0,East
2014-09-26,CA-2014-115133,"Message Book, Wirebound, Four 5 1/2"" X 4"" Forms/Pg., 200 Dupl. Sets/Book",Office Supplies,4.0,8.22,20.0,East
2017-06-29,CA-2017-137449,Belkin F9G930V10-GRY 9 Outlet Surge,Office Supplies,2.0,10.7,80.0,Central
2017-06-29,CA-2017-137449,Bevis Round Conference Table Top & Single Column Base,Furniture,3.0,102.44,30.0,Central
2017-06-29,CA-2017-137449,O'Sullivan Plantations 2-Door Library in Landvery Oak,Furniture,3.0,136.67,32.0,Central
2017-09-23,CA-2017-103520,Xerox 1899,Office Supplies,2.0,4.62,20.0,Central
2014-11-23,CA-2014-139283,UniKeep View Case Binders,Office Supplies,3.0,4.89,0.0,Central
2014-01-13,CA-2014-118192,Xerox 1923,Office Supplies,7.0,5.34,20.0,East
2014-01-13,CA-2014-118192,Avery Metallic Poly Binders,Office Supplies,2.0,1.72,70.0,East
2016-05-31,CA-2016-168844,Avery Hidden Tab Dividers for Binding Systems,Office Supplies,3.0,2.38,20.0,East
2016-05-31,CA-2016-168844,Jackery Bar Premium Fast-charging Portable Charger,Technology,6.0,29.95,0.0,East
2017-02-13,CA-2017-154809,"Holmes Replacement Filter for HEPA Air Cleaner, Medium Room",Office Supplies,8.0,11.33,0.0,Central
2014-10-14,CA-2014-151330,WD My Passport Ultra 500GB Portable External Hard Drive,Technology,3.0,59.0,0.0,East
2014-10-14,CA-2014-151330,"SimpliFile Personal File, Black Granite, 15w x 6-15/16d x 11-1/4h",Office Supplies,7.0,11.35,0.0,East
2014-10-14,CA-2014-151330,Office Star - Ergonomic Mid Back Chair with 2-Way Adjustable Arms,Furniture,9.0,180.98,0.0,East
2014-11-18,CA-2014-124702,"Howard Miller 13-1/2"" Diameter Rosebrook Wall Clock",Furniture,2.0,68.77,0.0,West
2014-11-18,CA-2014-124702,"Lesro Round Back Collection Coffee Table, End Table",Furniture,4.0,182.55,0.0,West
2017-11-12,US-2017-125808,Xerox 1899,Office Supplies,2.0,5.78,0.0,West
2015-01-28,CA-2015-116638,Chromcraft Bull-Nose Wood Oval Conference Tables & Bases,Furniture,13.0,330.59,40.0,South
2014-03-07,CA-2014-104563,Newell Chalk Holder,Office Supplies,5.0,4.13,0.0,West
2014-03-07,CA-2014-104563,"Contico 72""H Heavy-Duty Storage System",Office Supplies,5.0,40.98,0.0,West
2014-03-07,CA-2014-104563,Office Star - Task Chair with Contemporary Loop Arms,Furniture,6.0,72.78,20.0,West
2014-03-07,CA-2014-104563,"Global Leather and Oak Executive Chair, Black",Furniture,2.0,240.78,20.0,West
2017-06-08,US-2017-107979,Memorex Micro Travel Drive 16 GB,Technology,7.0,12.79,20.0,West
2017-06-08,US-2017-107979,Rogers Deluxe File Chest,Office Supplies,2.0,17.58,20.0,West
2017-06-08,US-2017-107979,GBC VeloBinder Electric Binding Machine,Office Supplies,2.0,36.29,70.0,West
2014-11-19,CA-2014-150518,Recycled Steel Personal File for Standard File Folders,Office Supplies,4.0,55.29,0.0,Central
2014-11-19,CA-2014-150518,Jabra SPEAK 410,Technology,3.0,93.99,0.0,Central
2016-11-26,CA-2016-107104,DMI Eclipse Executive Suite Bookcases,Furniture,8.0,425.83,15.0,West
2016-11-26,CA-2016-107104,Newell 31,Office Supplies,9.0,4.13,0.0,West
2016-11-26,CA-2016-107104,Belkin F9S820V06 8 Outlet Surge,Office Supplies,2.0,32.48,0.0,West
2016-11-26,CA-2016-107104,"GE 48"" Fluorescent Tube, Cool White Energy Saver, 34 Watts, 30/Box",Furniture,6.0,99.23,0.0,West
2017-01-23,CA-2017-161893,Logitech Wireless Anywhere Mouse MX for PC and Mac,Technology,2.0,47.99,20.0,West
2017-01-23,CA-2017-161893,Wilson Jones data.warehouse D-Ring Binders with DublLock,Office Supplies,2.0,2.47,70.0,West
2014-09-22,CA-2014-156160,"Computer Room Manger, 14""",Furniture,3.0,32.48,0.0,East
2014-09-22,CA-2014-156160,Cardinal Holdit Business Card Pockets,Office Supplies,1.0,3.98,20.0,East
2014-09-22,CA-2014-156160,"Avery Hi-Liter GlideStik Fluorescent Highlighter, Yellow Ink",Office Supplies,4.0,3.26,0.0,East
2014-09-22,CA-2014-156160,Office Star - Mid Back Dual function Ergonomic High Back Chair with 2-Way Adjustable Arms,Furniture,4.0,144.88,10.0,East
2014-03-26,CA-2014-100860,Smead Alpha-Z Color-Coded Name Labels First Letter Starter Set,Office Supplies,5.0,3.75,0.0,West
2016-06-06,CA-2016-160717,Samsung Galaxy Mega 6.3,Technology,9.0,335.99,20.0,West
2016-06-06,CA-2016-160717,Rosewill 107 Normal Keys USB Wired Standard Keyboard,Technology,2.0,13.48,0.0,West
2016-06-06,CA-2016-160717,Bose SoundLink Bluetooth Speaker,Technology,3.0,159.2,20.0,West
2017-08-31,CA-2017-132619,Space Solutions Commercial Steel Shelving,Office Supplies,3.0,64.65,0.0,West
2015-12-07,US-2015-120957,Xerox 218,Office Supplies,2.0,6.48,0.0,West
2017-11-16,CA-2017-157448,Eldon Radial Chair Mat for Low to Medium Pile Carpets,Furniture,3.0,39.98,0.0,West
2017-11-16,CA-2017-157448,Eldon Image Series Black Desk Accessories,Furniture,3.0,4.14,0.0,West
2016-04-23,CA-2016-126270,Recycled Pressboard Report Cover with Reinforced Top Hinge,Office Supplies,7.0,2.58,20.0,West
2016-04-23,CA-2016-126270,"Recycled Interoffice Envelopes with String and Button Closure, 10 x 13",Office Supplies,3.0,23.99,0.0,West
2017-04-02,CA-2017-145275,Avery 499,Office Supplies,3.0,4.98,0.0,South
2015-08-13,CA-2015-133396,Newell 309,Office Supplies,7.0,9.24,20.0,South
2017-11-13,US-2017-140312,Samsung Replacement EH64AVFWE Premium Headset,Technology,5.0,4.4,20.0,West
2016-12-23,CA-2016-114867,Xerox 1952,Office Supplies,2.0,3.98,20.0,East
2016-12-23,CA-2016-114867,LG G2,Technology,5.0,299.99,40.0,East
2014-07-22,US-2014-164644,Fellowes Bases and Tops For Staxonsteel/High-Stak Systems,Office Supplies,1.0,26.63,20.0,Central
2016-05-06,CA-2016-137393,"Executive Impressions 8-1/2"" Career Panel/Partition Cubicle Clock",Furniture,4.0,10.4,0.0,West
2014-11-28,US-2014-120175,Laser & Ink Jet Business Envelopes,Office Supplies,6.0,10.67,0.0,Central
2016-04-18,CA-2016-144785,American Pencil,Office Supplies,3.0,2.33,0.0,East
2016-04-18,CA-2016-144785,"Acme Design Line 8"" Stainless Steel Bent Scissors w/Champagne Handles, 3-1/8"" Cut",Office Supplies,1.0,6.84,0.0,East
2015-12-27,CA-2015-130113,Fellowes Super Stor/Drawer Files,Office Supplies,2.0,161.55,0.0,West
2015-12-27,CA-2015-130113,Geemarc AmpliPOWER60,Technology,9.0,74.24,20.0,West
2017-12-13,CA-2017-122770,Avery 49,Office Supplies,3.0,2.88,0.0,West
2017-12-13,CA-2017-122770,Xerox 1996,Office Supplies,6.0,6.48,0.0,West
2017-12-13,CA-2017-122770,"Eldon Executive Woodline II Desk Accessories, Mahogany",Furniture,8.0,25.13,0.0,West
2017-12-13,CA-2017-122770,Xerox 1975,Office Supplies,2.0,6.48,0.0,West
2017-01-02,CA-2017-118668,Kensington K72356US Mouse-in-a-Box USB Desktop Mouse,Technology,1.0,16.59,0.0,West
2017-05-30,CA-2017-116498,"Dixon My First Ticonderoga Pencil, #2",Office Supplies,6.0,5.85,0.0,West
2017-09-30,US-2017-130603,GBC Instant Report Kit,Office Supplies,9.0,1.29,80.0,Central
2017-06-20,US-2017-135986,Xerox 230,Office Supplies,5.0,6.48,0.0,South
2017-06-20,US-2017-135986,BlackBerry Q10,Technology,4.0,125.99,0.0,South
2017-04-04,CA-2017-140536,Newell 326,Office Supplies,4.0,1.76,0.0,East
2015-11-13,CA-2015-130183,"Atlantic Metals Mobile 5-Shelf Bookcases, Custom Colors",Furniture,3.0,204.67,32.0,Central
2015-08-28,CA-2015-107902,"SAFCO Mobile Desk Side File, Wire Frame",Office Supplies,11.0,42.76,0.0,East
2017-09-24,CA-2017-130148,Array Memo Cubes,Office Supplies,6.0,5.18,0.0,West
2017-09-24,CA-2017-130148,Acme Value Line Scissors,Office Supplies,2.0,3.65,0.0,West
2016-12-11,US-2016-151260,Belkin F5C206VTEL 6 Outlet Surge,Office Supplies,4.0,18.38,20.0,East
2014-06-10,CA-2014-144281,"Dot Matrix Printer Tape Reel Labels, White, 5000/Box",Office Supplies,5.0,98.31,0.0,Central
2016-03-11,CA-2016-122511,"DAX Charcoal/Nickel-Tone Document Frame, 5 x 7",Furniture,4.0,7.58,20.0,East
2017-12-15,CA-2017-154116,"Wirebound Message Books, Two 4 1/4"" x 5"" Forms per Page",Office Supplies,3.0,7.61,0.0,West
2017-12-15,CA-2017-154116,Hoover Commercial SteamVac,Office Supplies,4.0,13.58,0.0,West
2017-12-15,CA-2017-154116,Panasonic KX TS3282B Corded phone,Technology,3.0,65.59,20.0,West
2016-10-30,CA-2016-105291,Assorted Color Push Pins,Office Supplies,2.0,1.81,0.0,West
2017-07-31,CA-2017-147032,Avery Personal Creations Heavyweight Cards,Office Supplies,1.0,11.54,0.0,East
2017-07-31,CA-2017-147032,Fellowes PB200 Plastic Comb Binding Machine,Office Supplies,5.0,169.99,0.0,East
2017-07-31,CA-2017-147032,"Black Avery Memo-Size 3-Ring Binder, 5 1/2"" x 8 1/2""",Office Supplies,3.0,3.67,0.0,East
2017-10-19,CA-2017-125990,JM Magazine Binder,Office Supplies,3.0,13.21,20.0,West
2016-10-21,CA-2016-161746,Office Star Flex Back Scooter Chair with Aluminum Finish Frame,Furniture,3.0,80.71,20.0,West
2016-10-21,CA-2016-161746,Newell Chalk Holder,Office Supplies,3.0,4.13,0.0,West
2016-10-21,CA-2016-161746,"Eldon Expressions Wood and Plastic Desk Accessories, Oak",Furniture,2.0,9.98,0.0,West
2016-10-21,CA-2016-161746,SAFCO Boltless Steel Shelving,Office Supplies,3.0,113.64,0.0,West
2014-11-05,CA-2014-114251,Tenex Antistatic Computer Chair Mats,Furniture,2.0,136.78,20.0,East
2014-11-05,CA-2014-114251,Wilson Jones Legal Size Ring Binders,Office Supplies,2.0,6.6,70.0,East
2014-11-05,CA-2014-114251,Tennsco Double-Tier Lockers,Office Supplies,6.0,180.02,20.0,East
2014-11-05,CA-2014-114251,Sony 16GB Class 10 Micro SDHC R40 Memory Card,Technology,5.0,10.31,20.0,East
2014-11-05,CA-2014-114251,Memorex Micro Travel Drive 32 GB,Technology,2.0,29.21,20.0,East
2016-11-07,CA-2016-116379,GBC VeloBinder Manual Binding System,Office Supplies,2.0,28.79,20.0,West
2016-08-12,US-2016-144477,Boston 16765 Mini Stand Up Battery Pencil Sharpener,Office Supplies,4.0,9.33,20.0,East
2016-05-30,CA-2016-108210,Anker 36W 4-Port USB Wall Charger Travel Power Adapter for iPhone 5s 5c 5,Technology,5.0,15.99,20.0,Central
2016-05-30,CA-2016-108210,Sony Micro Vault Click 16 GB USB 2.0 Flash Drive,Technology,5.0,44.79,20.0,Central
2017-11-12,CA-2017-166835,"SAFCO Commercial Wire Shelving, Black",Office Supplies,2.0,110.51,20.0,East
2016-09-22,CA-2016-119641,"DAX Two-Tone Rosewood/Black Document Frame, Desktop, 5 x 7",Furniture,2.0,9.48,0.0,Central
2016-02-16,CA-2016-105781,Hon Every-Day Chair Series Swivel Task Chairs,Furniture,3.0,108.88,10.0,East
2016-02-16,CA-2016-105781,Logitech 910-002974 M325 Wireless Mouse for Web Scrolling,Technology,3.0,29.99,0.0,East
2014-12-22,CA-2014-101364,Lock-Up Easel 'Spel-Binder',Office Supplies,13.0,22.82,20.0,East
2015-12-05,CA-2015-117898,Security-Tint Envelopes,Office Supplies,2.0,6.11,20.0,Central
2017-09-17,CA-2017-142293,Logitech Trackman Marble Mouse,Technology,3.0,29.99,0.0,West
2017-12-02,CA-2017-167395,Belkin 8 Outlet Surge Protector,Office Supplies,7.0,40.98,0.0,East
2017-12-02,CA-2017-167395,GE 30524EE4,Technology,5.0,195.99,0.0,East
2017-12-02,CA-2017-167395,Staple remover,Office Supplies,2.0,2.18,0.0,East
2014-09-29,CA-2014-111962,GBC Standard Plastic Binding Systems' Combs,Office Supplies,2.0,5.02,20.0,West
2014-09-29,CA-2014-111962,Fellowes Super Stor/Drawer Files,Office Supplies,5.0,161.55,0.0,West
2017-11-14,CA-2017-124261,Newell 347,Office Supplies,8.0,4.28,0.0,West
2014-08-20,CA-2014-114321,"Safco Chair Connectors, 6/Carton",Furniture,13.0,38.48,0.0,South
2014-08-20,CA-2014-114321,Riverleaf Stik-Withit Designer Note Cubes,Office Supplies,2.0,10.06,0.0,South
2014-08-20,CA-2014-114321,GBC DocuBind TL300 Electric Binding System,Office Supplies,1.0,896.99,0.0,South
2014-11-19,CA-2014-128062,"1/4 Fold Party Design Invitations & White Envelopes, 24 8-1/2"" X 11"" Cards, 25 Env./Pack",Office Supplies,1.0,5.88,20.0,East
2015-06-29,US-2015-100069,Cisco 8x8 Inc. 6753i IP Business Phone System,Technology,2.0,134.99,0.0,Central
2017-03-16,CA-2017-129294,"Dual Level, Single-Width Filing Carts",Office Supplies,2.0,155.06,0.0,West
2017-03-16,CA-2017-129294,"XtraLife ClearVue Slant-D Ring Binder, White, 3""",Office Supplies,6.0,11.74,20.0,West
2017-03-16,CA-2017-129294,Pressboard Hanging Data Binders for Unburst Sheets,Office Supplies,5.0,3.94,20.0,West
2017-03-16,CA-2017-129294,Bionaire Personal Warm Mist Humidifier/Vaporizer,Office Supplies,3.0,46.89,0.0,West
2015-11-08,CA-2015-117086,"Riverside Palais Royal Lawyers Bookcase, Royale Cherry Finish",Furniture,5.0,880.98,0.0,East
2017-11-28,CA-2017-131303,Round Specialty Laser Printer Labels,Office Supplies,5.0,12.53,0.0,West
2016-06-16,CA-2016-137127,Avery 518,Office Supplies,3.0,3.15,0.0,East
2017-01-21,CA-2017-141782,Airmail Envelopes,Office Supplies,4.0,67.14,20.0,Central
2017-11-24,CA-2017-137505,"Hon Practical Foundations 30 x 60 Training Table, Light Gray/Charcoal",Furniture,2.0,182.04,20.0,West
2017-11-24,CA-2017-137505,Hon 61000 Series Interactive Training Tables,Furniture,2.0,35.54,20.0,West
2014-11-11,US-2014-140914,DAX Wood Document Frame.,Furniture,2.0,5.49,60.0,Central
2014-11-11,US-2014-140914,Global Commerce Series High-Back Swivel/Tilt Chairs,Furniture,4.0,199.49,30.0,Central
2016-03-04,CA-2016-158358,Logitech G602 Wireless Gaming Mouse,Technology,2.0,79.99,0.0,East
2016-10-11,CA-2016-113390,Avery Fluorescent Highlighter Four-Color Set,Office Supplies,2.0,2.67,20.0,Central
2016-10-11,CA-2016-113390,Newell 309,Office Supplies,3.0,9.24,20.0,Central
2016-07-01,US-2016-158680,Zipper Ring Binder Pockets,Office Supplies,1.0,2.5,20.0,West
2017-03-27,CA-2017-113705,"Avery 05222 Permanent Self-Adhesive File Folder Labels for Typewriters, on Rolls, White, 250/Roll",Office Supplies,2.0,4.13,0.0,South
2017-03-27,CA-2017-113705,GBC Instant Index System for Binding Systems,Office Supplies,2.0,8.88,0.0,South
2017-03-27,CA-2017-113705,"Carina Mini System Audio Rack, Model AR050B",Office Supplies,3.0,110.98,0.0,South
2017-03-27,CA-2017-113705,BPI Conference Tables,Furniture,2.0,146.05,0.0,South
2017-03-27,CA-2017-113705,Panasonic KX - TS880B Telephone,Technology,5.0,41.22,0.0,South
2017-03-27,CA-2017-113705,"Ampad Gold Fibre Wirebound Steno Books, 6"" x 9"", Gregg Ruled",Office Supplies,4.0,4.41,0.0,South
2016-10-31,CA-2016-146913,Office Star - Professional Matrix Back Chair with 2-to-1 Synchro Tilt and Mesh Fabric Seat,Furniture,5.0,280.78,20.0,West
2017-11-04,CA-2017-159135,"Binney & Smith inkTank Desk Highlighter, Chisel Tip, Yellow, 12/Box",Office Supplies,2.0,2.15,0.0,South
2014-02-14,CA-2014-121762,Logitech G600 MMO Gaming Mouse,Technology,3.0,79.99,0.0,West
2014-02-14,CA-2014-121762,Belkin 8 Outlet Surge Protector,Office Supplies,2.0,40.98,0.0,West
2014-02-14,CA-2014-121762,Compact Automatic Electric Letter Opener,Office Supplies,2.0,119.31,0.0,West
2014-06-18,CA-2014-123855,Plantronics Cordless Phone Headset with In-line Volume - M214C,Technology,5.0,27.96,20.0,West
2017-02-28,CA-2017-101959,Pressboard Hanging Data Binders for Unburst Sheets,Office Supplies,2.0,4.92,0.0,East
2017-02-28,CA-2017-101959,"Southworth 100% Résumé Paper, 24lb.",Office Supplies,1.0,7.78,0.0,East
2017-12-09,CA-2017-102659,GBC Imprintable Covers,Office Supplies,5.0,10.98,0.0,Central
2017-12-07,CA-2017-142328,"REDIFORM Incoming/Outgoing Call Register, 11"" X 8 1/2"", 100 Messages",Office Supplies,6.0,8.34,0.0,West
2016-11-24,CA-2016-123533,O'Sullivan Cherrywood Estates Traditional Bookcase,Furniture,5.0,67.98,20.0,South
2016-11-24,CA-2016-123533,Tops Wirebound Message Log Books,Office Supplies,4.0,2.63,20.0,South
2016-11-24,CA-2016-123533,Fellowes Advanced Computer Series Surge Protectors,Office Supplies,2.0,21.19,20.0,South
2016-07-03,CA-2016-104983,Xerox 1925,Office Supplies,5.0,24.78,20.0,East
2016-06-26,CA-2016-160234,Cisco IP Phone 7961G VoIP phone - Dark gray,Technology,1.0,135.95,0.0,South
2014-07-26,CA-2014-169019,GBC DocuBind P400 Electric Binding System,Office Supplies,8.0,272.2,80.0,Central
2014-07-26,CA-2014-169019,DAX Clear Channel Poster Frame,Furniture,3.0,5.83,60.0,Central
2014-07-26,CA-2014-169019,GBC Premium Transparent Covers with Diagonal Lined Pattern,Office Supplies,4.0,4.2,80.0,Central
2014-07-26,CA-2014-169019,Microsoft Natural Keyboard Elite,Technology,9.0,47.9,20.0,Central
2014-07-26,CA-2014-169019,GBC Instant Index System for Binding Systems,Office Supplies,5.0,1.78,80.0,Central
2014-07-26,CA-2014-169019,Acco 6 Outlet Guardian Standard Surge Suppressor,Office Supplies,2.0,2.42,80.0,Central
2016-09-14,CA-2016-153178,Wi-Ex zBoost YX540 Cellular Phone Signal Booster,Technology,3.0,145.95,0.0,East
2016-09-14,CA-2016-153178,GBC DocuBind 200 Manual Binding Machine,Office Supplies,2.0,336.78,20.0,East
2015-05-31,CA-2015-149748,Xerox 1889,Office Supplies,5.0,54.96,0.0,East
2015-05-31,CA-2015-149748,"Fellowes Mobile File Cart, Black",Office Supplies,1.0,62.18,0.0,East
2015-05-31,CA-2015-149748,Eldon Image Series Black Desk Accessories,Furniture,2.0,4.14,0.0,East
2015-05-09,CA-2015-155635,"Acco Flexible ACCOHIDE Square Ring Data Binder, Dark Blue, 11 1/2"" X 14"" 7/8""",Office Supplies,3.0,16.27,0.0,South
2014-11-05,US-2014-114377,"Global Stack Chair with Arms, Black",Furniture,5.0,29.98,0.0,South
2017-03-27,CA-2017-144491,"Atlantic Metals Mobile 5-Shelf Bookcases, Custom Colors",Furniture,5.0,204.67,32.0,Central
2017-03-27,CA-2017-144491,Global Deluxe High-Back Manager's Chair,Furniture,3.0,200.19,30.0,Central
2017-03-27,CA-2017-144491,Kensington SlimBlade Notebook Wireless Mouse with Nano Receiver ,Technology,1.0,39.99,20.0,Central
2017-03-27,CA-2017-144491,"Global Leather & Oak Executive Chair, Burgundy",Furniture,2.0,105.62,30.0,Central
2014-05-21,CA-2014-127166,Staple envelope,Office Supplies,6.0,9.34,20.0,Central
2014-05-21,CA-2014-127166,Global Deluxe Steno Chair,Furniture,2.0,53.89,30.0,Central
2014-05-21,CA-2014-127166,"Adams Telephone Message Books, 5 1/4” x 11”",Office Supplies,1.0,4.83,20.0,Central
2014-05-21,CA-2014-127166,Ibico Plastic Spiral Binding Combs,Office Supplies,3.0,6.08,80.0,Central
2016-05-21,CA-2016-125920,"Cardinal HOLDit! Binder Insert Strips,Extra Strips",Office Supplies,3.0,1.27,80.0,Central
2015-01-12,CA-2015-128608,"BIC Brite Liner Highlighters, Chisel Tip",Office Supplies,2.0,5.18,20.0,East
2015-01-12,CA-2015-128608,GE 30524EE4,Technology,2.0,117.59,40.0,East
2015-01-12,CA-2015-128608,Anker 24W Portable Micro USB Car Charger,Technology,4.0,6.59,40.0,East
2015-01-12,CA-2015-128608,SanDisk Cruzer 4 GB USB Flash Drive,Technology,2.0,5.19,20.0,East
2015-01-12,CA-2015-128608,LG Electronics Tone+ HBS-730 Bluetooth Headset,Technology,3.0,35.71,40.0,East
2017-09-29,CA-2017-137918,"Acme Hot Forged Carbon Steel Scissors with Nickel-Plated Handles, 3 7/8"" Cut, 8""L",Office Supplies,7.0,13.9,0.0,West
2015-07-18,CA-2015-122973,Economy Binders,Office Supplies,2.0,1.66,20.0,East
2015-07-18,CA-2015-122973,"Plantronics CS 50-USB - headset - Convertible, Monaural",Technology,1.0,135.99,0.0,East
2015-07-18,CA-2015-122973,"Eldon Expressions Wood Desk Accessories, Oak",Furniture,1.0,7.38,0.0,East
2016-10-21,CA-2016-136322,"Seth Thomas 14"" Day/Date Wall Clock",Furniture,2.0,22.78,20.0,South
2016-10-21,CA-2016-136322,GBC Personal VeloBind Strips,Office Supplies,8.0,3.59,70.0,South
2017-07-27,CA-2017-107209,"Global Value Mid-Back Manager's Chair, Gray",Furniture,4.0,48.71,20.0,South
2017-07-21,CA-2017-145093,"Wilson Jones 1"" Hanging DublLock Ring Binders",Office Supplies,2.0,1.06,80.0,Central
2014-11-07,US-2014-139640,Xerox 1995,Office Supplies,5.0,5.18,20.0,West
2014-11-07,US-2014-139640,Panasonic KP-150 Electric Pencil Sharpener,Office Supplies,4.0,30.19,20.0,West
2016-11-27,CA-2016-117583,Xerox 215,Office Supplies,4.0,6.48,0.0,East
2016-11-27,CA-2016-117583,Newell 324,Office Supplies,3.0,11.55,0.0,East
2016-11-27,CA-2016-117583,Xerox 1945,Office Supplies,5.0,40.99,0.0,East
2016-11-27,CA-2016-117583,"GBC Pre-Punched Binding Paper, Plastic, White, 8-1/2"" x 11""",Office Supplies,5.0,15.99,0.0,East
2015-06-08,CA-2015-162201,Xerox 1951,Office Supplies,7.0,24.78,20.0,South
2015-06-08,CA-2015-162201,Fellowes Super Stor/Drawer Files,Office Supplies,4.0,129.24,20.0,South
2015-06-08,CA-2015-162201,"Advantus Employee of the Month Certificate Frame, 11 x 13-1/2",Furniture,7.0,24.74,20.0,South
2015-06-08,CA-2015-162201,Newell 344,Office Supplies,2.0,2.22,20.0,South
2015-06-08,CA-2015-162201,Smead Alpha-Z Color-Coded Name Labels First Letter Starter Set,Office Supplies,3.0,3.0,20.0,South
2015-06-08,CA-2015-162201,Xerox 1963,Office Supplies,10.0,4.22,20.0,South
2015-06-08,CA-2015-162201,"Premier Elliptical Ring Binder, Black",Office Supplies,2.0,9.13,70.0,South
2014-08-15,US-2014-164406,Tripp Lite TLP810NET Broadband Surge for Modem/Fax,Office Supplies,3.0,50.97,0.0,West
2014-08-15,US-2014-164406,Xerox 1925,Office Supplies,3.0,30.98,0.0,West
2014-08-15,US-2014-164406,Avery Heavy-Duty EZD  Binder With Locking Rings,Office Supplies,4.0,4.46,20.0,West
2014-08-15,US-2014-164406,GBC Durable Plastic Covers,Office Supplies,3.0,15.48,20.0,West
2014-08-15,US-2014-164406,Novimex Fabric Task Chair,Furniture,4.0,48.78,20.0,West
2017-06-19,CA-2017-169999,Space Solutions Commercial Steel Shelving,Office Supplies,2.0,64.65,0.0,East
2017-06-19,CA-2017-169999,Wilson Jones Turn Tabs Binder Tool for Ring Binders,Office Supplies,3.0,3.86,20.0,East
2017-07-16,US-2017-152842,"Global Fabric Manager's Chair, Dark Gray",Furniture,3.0,80.78,20.0,South
2014-12-16,CA-2014-113257,Razer Kraken 7.1 Surround Sound Over Ear USB Gaming Headset,Technology,4.0,79.99,20.0,Central
2014-12-16,CA-2014-113257,Longer-Life Soft White Bulbs,Furniture,7.0,1.23,60.0,Central
2014-05-18,CA-2014-133963,Xerox 1949,Office Supplies,1.0,3.98,20.0,Central
2017-09-14,CA-2017-130302,Logitech Wireless Gaming Headset G930,Technology,7.0,127.99,20.0,East
2016-10-10,CA-2016-126627,"Eldon 400 Class Desk Accessories, Black Carbon",Furniture,4.0,3.5,60.0,Central
2016-10-10,CA-2016-126627,"Wilson Jones Ledger-Size, Piano-Hinge Binder, 2"", Blue",Office Supplies,2.0,8.2,80.0,Central
2016-09-25,US-2016-125402,"Ampad Evidence Wirebond Steno Books, 6"" x 9""",Office Supplies,5.0,2.18,0.0,West
2016-09-25,US-2016-125402,Alphabetical Labels for Top Tab Filing,Office Supplies,2.0,14.8,0.0,West
2016-09-25,US-2016-125402,Avery 513,Office Supplies,1.0,4.98,0.0,West
2016-09-25,US-2016-125402,Canon PC-428 Personal Copier,Technology,3.0,159.99,20.0,West
2016-09-25,US-2016-125402,"SmartStand Mobile Device Holder, Assorted Colors",Technology,8.0,5.59,20.0,West
2016-09-25,US-2016-125402,Newell 346,Office Supplies,2.0,2.88,0.0,West
2016-09-25,US-2016-125402,"Global Airflow Leather Mesh Back Chair, Black",Furniture,4.0,120.78,20.0,West
2014-06-03,CA-2014-163867,Avery 513,Office Supplies,4.0,3.98,20.0,Central
2014-06-03,CA-2014-163867,"Contract Clock, 14"", Brown",Furniture,7.0,8.79,60.0,Central
2014-06-03,CA-2014-163867,Recycled Steel Personal File for Standard File Folders,Office Supplies,3.0,44.23,20.0,Central
2017-09-02,CA-2017-169327,"Acco Six-Outlet Power Strip, 4' Cord Length",Office Supplies,5.0,8.62,0.0,West
2017-09-02,CA-2017-169327,Luxo Professional Combination Clamp-On Lamps,Furniture,5.0,102.3,0.0,West
2017-09-02,CA-2017-169327,"GBC Velobind Prepunched Cover Sets, Regency Series",Office Supplies,5.0,29.58,20.0,West
2014-04-12,CA-2014-142979,Prismacolor Color Pencil Set,Office Supplies,2.0,19.84,0.0,West
2016-05-02,CA-2016-158155,Eldon 200 Class Desk Accessories,Furniture,2.0,6.28,0.0,East
2016-05-02,CA-2016-158155,Vinyl Sectional Post Binders,Office Supplies,3.0,30.16,20.0,East
2016-05-02,CA-2016-158155,Southworth Parchment Paper & Envelopes,Office Supplies,2.0,6.54,0.0,East
2016-05-02,CA-2016-158155,"Howard Miller 13"" Diameter Pewter Finish Round Wall Clock",Furniture,5.0,42.94,0.0,East
2017-06-19,CA-2017-138870,"DAX Copper Panel Document Frame, 5 x 7 Size",Furniture,4.0,12.58,0.0,West
2017-06-19,CA-2017-138870,Xerox 1907,Office Supplies,2.0,12.28,0.0,West
2014-11-06,CA-2014-120950,"Array Parchment Paper, Assorted Colors",Office Supplies,6.0,7.28,0.0,South
2015-03-26,CA-2015-164301,Bush Advantage Collection Racetrack Conference Table,Furniture,8.0,424.21,0.0,West
2017-01-14,CA-2017-113278,"Tenex Personal Project File with Scoop Front Design, Black",Office Supplies,5.0,13.48,0.0,Central
2017-01-14,CA-2017-113278,Bagged Rubber Bands,Office Supplies,2.0,1.26,0.0,Central
2017-01-14,CA-2017-113278,ARKON Windshield Dashboard Air Vent Car Mount Holder,Technology,4.0,16.95,0.0,Central
2017-01-14,CA-2017-113278,Staple magnet,Office Supplies,2.0,9.38,0.0,Central
2017-01-14,CA-2017-113278,Imation USB 2.0 Swivel Flash Drive USB flash drive - 4 GB - Pink,Technology,4.0,3.03,0.0,Central
2017-01-14,CA-2017-113278,Xerox 188,Office Supplies,1.0,11.34,0.0,Central
2017-01-14,CA-2017-113278,Microsoft Sculpt Comfort Mouse,Technology,4.0,39.95,0.0,Central
2017-01-14,CA-2017-113278,"DAX Charcoal/Nickel-Tone Document Frame, 5 x 7",Furniture,2.0,9.48,0.0,Central
2015-03-26,US-2015-116981,"Dual Level, Single-Width Filing Carts",Office Supplies,7.0,155.06,0.0,East
2015-03-26,US-2015-116981,Disposable Triple-Filter Dust Bags,Office Supplies,3.0,4.37,0.0,East
2014-11-01,CA-2014-114195,"Howard Miller 13"" Diameter Pewter Finish Round Wall Clock",Furniture,2.0,34.35,20.0,East
2014-11-01,CA-2014-114195,Acco Economy Flexible Poly Round Ring Binder,Office Supplies,2.0,1.57,70.0,East
2014-11-01,CA-2014-114195,GBC Standard Therm-A-Bind Covers,Office Supplies,3.0,7.48,70.0,East
2017-10-06,CA-2017-146269,Adjustable Depth Letter/Legal Cart,Office Supplies,2.0,145.17,20.0,Central
2017-10-06,CA-2017-146269,Staples in misc. colors,Office Supplies,2.0,9.58,20.0,Central
2016-12-10,CA-2016-100587,Xerox 221,Office Supplies,1.0,6.48,0.0,East
2016-09-22,CA-2016-166653,"Blue String-Tie & Button Interoffice Envelopes, 10 x 13",Office Supplies,2.0,31.98,20.0,East
2015-12-29,CA-2015-130855,Acme Serrated Blade Letter Opener,Office Supplies,2.0,3.18,0.0,East
2017-04-20,US-2017-166324,Tennsco 6- and 18-Compartment Lockers,Office Supplies,4.0,212.14,20.0,East
2017-04-20,US-2017-166324,"Wilson Jones Clip & Carry Folder Binder Tool for Ring Binders, Clear",Office Supplies,5.0,1.74,70.0,East
2017-04-20,US-2017-166324,Avaya 5410 Digital phone,Technology,3.0,40.79,40.0,East
2016-08-21,CA-2016-122581,"Leather Task Chair, Black",Furniture,7.0,81.88,10.0,East
2015-05-29,CA-2015-104297,Easy-staple paper,Office Supplies,3.0,28.35,20.0,East
2014-08-12,CA-2014-153927,Acco Translucent Poly Ring Binders,Office Supplies,3.0,4.68,0.0,South
2014-08-12,CA-2014-153927,"Maxell 74 Minute CD-R Spindle, 50/Pack",Technology,13.0,20.97,0.0,South
2014-04-03,CA-2014-112291,Staple envelope,Office Supplies,2.0,5.58,0.0,West
2014-04-03,CA-2014-112291,Enermax Briskie RF Wireless Keyboard and Mouse Combo,Technology,3.0,20.77,0.0,West
2014-04-03,CA-2014-112291,Logitech G600 MMO Gaming Mouse,Technology,2.0,79.99,0.0,West
2014-01-23,CA-2014-146997,"Alliance Big Bands Rubber Bands, 12/Pack",Office Supplies,3.0,1.98,0.0,Central
2017-10-12,CA-2017-169607,Xerox 1952,Office Supplies,2.0,4.98,0.0,East
2015-08-08,CA-2015-127544,Logitech G600 MMO Gaming Mouse,Technology,1.0,79.99,0.0,East
2017-03-19,CA-2017-166499,Dixon Ticonderoga Pencils,Office Supplies,3.0,2.98,0.0,East
2016-07-25,US-2016-115441,"Speediset Carbonless Redi-Letter 7"" x 8 1/2""",Office Supplies,2.0,10.31,0.0,Central
2016-07-25,US-2016-115441,Memorex Froggy Flash Drive 8 GB,Technology,7.0,17.75,0.0,Central
2016-07-25,US-2016-115441,LG Electronics Tone+ HBS-730 Bluetooth Headset,Technology,5.0,59.51,0.0,Central
2016-07-25,US-2016-115441,Office Star Flex Back Scooter Chair with Aluminum Finish Frame,Furniture,4.0,100.89,0.0,Central
2016-07-25,US-2016-115441,"Eldon Expressions Desk Accessory, Wood Photo Frame, Mahogany",Furniture,5.0,19.04,0.0,Central
2014-09-26,CA-2014-115049,"Maxell Pro 80 Minute CD-R, 10/Pack",Technology,11.0,13.98,20.0,Central
2014-06-17,CA-2014-156342,Xerox 1892,Office Supplies,2.0,31.01,20.0,Central
2016-06-06,CA-2016-112830,Electrix Halogen Magnifier Lamp,Furniture,3.0,155.44,20.0,East
2016-06-06,CA-2016-112830,"Deflect-o EconoMat Nonstudded, No Bevel Mat",Furniture,2.0,41.32,20.0,East
2014-03-28,US-2014-117380,Chromcraft Bull-Nose Wood Oval Conference Tables & Bases,Furniture,1.0,330.59,40.0,East
2017-08-21,CA-2017-117646,"Recycled Data-Pak for Archival Bound Computer Printouts, 12-1/2 x 12-1/2 x 16",Office Supplies,3.0,79.03,20.0,West
2017-08-21,CA-2017-117646,"DAX Charcoal/Nickel-Tone Document Frame, 5 x 7",Furniture,3.0,7.58,20.0,West
2017-08-21,CA-2017-117646,Southworth 25% Cotton Antique Laid Paper & Envelopes,Office Supplies,1.0,6.67,20.0,West
2014-11-12,CA-2014-122609,"GE General Use Halogen Bulbs, 100 Watts, 1 Bulb per Pack",Furniture,3.0,8.38,60.0,Central
2014-11-12,CA-2014-122609,Logitech G602 Wireless Gaming Mouse,Technology,2.0,63.99,20.0,Central
2015-09-13,US-2015-129007,Flat Face Poster Frame,Furniture,7.0,18.84,0.0,West
2015-09-13,US-2015-129007,"Acco Data Flex Cable Posts For Top & Bottom Load Binders, 6"" Capacity",Office Supplies,3.0,8.34,20.0,West
2015-09-13,US-2015-129007,Global Comet Stacking Armless Chair,Furniture,3.0,239.24,20.0,West
2015-09-13,US-2015-129007,Eldon Econocleat Chair Mats for Low Pile Carpets,Furniture,5.0,41.47,0.0,West
2015-09-13,US-2015-129007,Tensor Computer Mounted Lamp,Furniture,3.0,14.89,0.0,West
2015-09-13,US-2015-129007,Xerox 1915,Office Supplies,2.0,104.85,0.0,West
2014-04-05,US-2014-157231,Ibico Standard Transparent Covers,Office Supplies,7.0,16.48,0.0,South
2015-10-10,CA-2015-132388,"Global Leather & Oak Executive Chair, Burgundy",Furniture,3.0,120.71,20.0,West
2015-10-10,CA-2015-132388,Avery 503,Office Supplies,3.0,10.35,0.0,West
2017-01-29,CA-2017-160927,Xerox 1997,Office Supplies,2.0,6.48,0.0,Central
2017-01-29,CA-2017-160927,Xerox 1887,Office Supplies,5.0,18.97,0.0,Central
2017-01-29,CA-2017-160927,"Tenex Personal Project File with Scoop Front Design, Black",Office Supplies,1.0,13.48,0.0,Central
2017-01-29,CA-2017-160927,"DAX Value U-Channel Document Frames, Easel Back",Furniture,3.0,4.97,0.0,Central
2015-09-24,CA-2015-105508,"Blue String-Tie & Button Interoffice Envelopes, 10 x 13",Office Supplies,1.0,39.98,0.0,East
2016-03-15,CA-2016-149272,Novimex Swivel Fabric Task Chair,Furniture,5.0,105.69,30.0,Central
2016-03-15,CA-2016-149272,"GBC Pre-Punched Binding Paper, Plastic, White, 8-1/2"" x 11""",Office Supplies,7.0,3.2,80.0,Central
2014-11-24,CA-2014-111360,Acco Expandable Hanging Binders,Office Supplies,3.0,1.91,70.0,East
2017-05-06,US-2017-162124,Kensington Orbit Wireless Mobile Trackball for PC and Mac,Technology,4.0,47.99,20.0,Central
2015-03-20,CA-2015-159534,Wilson Jones Century Plastic Molded Ring Binders,Office Supplies,3.0,16.62,20.0,East
2015-03-20,CA-2015-159534,"Recycled Interoffice Envelopes with String and Button Closure, 10 x 13",Office Supplies,1.0,23.99,0.0,East
2015-03-20,CA-2015-159534,Fellowes PB200 Plastic Comb Binding Machine,Office Supplies,8.0,135.99,20.0,East
2015-03-20,CA-2015-159534,Panasonic KX T7731-B Digital phone,Technology,2.0,99.99,0.0,East
2015-03-20,CA-2015-159534,"Tennsco Lockers, Sand",Office Supplies,4.0,20.98,0.0,East
2016-09-04,CA-2016-129630,"6"" Cubicle Wall Clock, Black",Furniture,3.0,8.09,0.0,West
2016-09-04,CA-2016-129630,Canon PC1060 Personal Laser Copier,Technology,5.0,559.99,20.0,West
2015-11-13,CA-2015-104948,"Universal Recycled Hanging Pressboard Report Binders, Letter Size",Office Supplies,2.0,4.94,20.0,West
2015-11-13,CA-2015-104948,O'Sullivan Living Dimensions 3-Shelf Bookcases,Furniture,4.0,170.83,15.0,West
2015-11-13,CA-2015-104948,Xerox 1900,Office Supplies,7.0,4.28,0.0,West
2014-07-11,CA-2014-166555,Cisco SPA112 2 Port Phone Adapter,Technology,3.0,54.95,0.0,East
2016-04-07,CA-2016-114405,Belkin 7-Outlet SurgeMaster Home Series,Office Supplies,3.0,11.18,20.0,East
2016-04-07,CA-2016-114405,Eldon Jumbo ProFile Portable File Boxes Graphite/Black,Office Supplies,3.0,12.25,20.0,East
2017-06-24,CA-2017-132955,GBC Prestige Therm-A-Bind Covers,Office Supplies,3.0,34.31,0.0,East
2016-06-03,CA-2016-164889,Hon 61000 Series Interactive Training Tables,Furniture,2.0,35.54,20.0,West
2016-12-12,CA-2016-169824,Eldon 500 Class Desk Accessories,Furniture,5.0,12.07,0.0,East
2016-12-12,CA-2016-169824,Fiskars Home & Office Scissors,Office Supplies,4.0,8.88,0.0,East
2016-12-12,CA-2016-169824,Sanford Pocket Accent Highlighters,Office Supplies,7.0,1.6,0.0,East
2017-11-24,CA-2017-164028,Memorex Mini Travel Drive 16 GB USB 2.0 Flash Drive,Technology,14.0,15.97,0.0,West
2014-12-28,CA-2014-143371,"Carina Mini System Audio Rack, Model AR050B",Office Supplies,9.0,110.98,0.0,West
2014-12-28,CA-2014-143371,Acme Box Cutter Scissors,Office Supplies,5.0,10.23,0.0,West
2015-04-12,CA-2015-145415,"Rogers Jumbo File, Granite",Office Supplies,3.0,13.58,0.0,West
2014-03-02,CA-2014-111157,Xerox 1971,Office Supplies,1.0,3.42,20.0,East
2014-03-02,CA-2014-111157,Hypercom P1300 Pinpad,Technology,3.0,50.4,20.0,East
2017-06-01,CA-2017-121559,Hon 4070 Series Pagoda Round Back Stacking Chairs,Furniture,6.0,320.98,0.0,Central
2017-06-01,CA-2017-121559,Honeywell Enviracaire Portable HEPA Air Cleaner for 17' x 22' Room,Office Supplies,8.0,300.65,0.0,Central
2017-06-01,CA-2017-121559,Maxell LTO Ultrium - 800 GB,Technology,3.0,27.99,0.0,Central
2017-06-01,CA-2017-121559,Logitech MX Performance Wireless Mouse,Technology,1.0,39.89,0.0,Central
2017-06-01,CA-2017-121559,Cardinal Slant-D Ring Binders,Office Supplies,2.0,8.69,0.0,Central
2015-12-14,CA-2015-141593,Ibico Recycled Grain-Textured Covers,Office Supplies,2.0,27.63,20.0,West
2015-12-14,CA-2015-141593,Xerox 23,Office Supplies,1.0,6.48,0.0,West
2015-12-14,CA-2015-141593,"GBC Laser Imprintable Binding System Covers, Desert Sand",Office Supplies,3.0,11.42,20.0,West
2015-12-14,CA-2015-141593,"Bush Andora Conference Table, Maple/Graphite Gray Finish",Furniture,2.0,136.78,20.0,West
2014-11-11,US-2014-143287,"Wirebound Message Books, Four 2 3/4"" x 5"" Forms per Page, 600 Sets per Book",Office Supplies,5.0,9.27,0.0,East
2014-11-11,US-2014-143287,Xerox 1882,Office Supplies,4.0,55.98,0.0,East
2014-11-11,US-2014-143287,Acme Value Line Scissors,Office Supplies,2.0,3.65,0.0,East
2017-10-06,CA-2017-137421,Avery Hi-Liter Smear-Safe Highlighters,Office Supplies,2.0,4.67,20.0,West
2017-09-16,CA-2017-141446,KeyTronic E03601U1 - Keyboard - Beige,Technology,1.0,18.0,0.0,South
2015-03-19,CA-2015-168088,Xerox 1919,Office Supplies,2.0,32.79,20.0,Central
2015-03-19,CA-2015-168088,"Bush Heritage Pine Collection 5-Shelf Bookcase, Albany Pine Finish, *Special Order",Furniture,4.0,95.87,32.0,Central
2015-07-26,CA-2015-143700,"Eureka Recycled Copy Paper 8 1/2"" x 11"", Ream",Office Supplies,2.0,5.18,20.0,East
2016-12-05,CA-2016-146374,Electrix 20W Halogen Replacement Bulb for Zoom-In Desk Lamp,Furniture,1.0,13.4,0.0,East
2016-12-05,CA-2016-146374,Easy-staple paper,Office Supplies,1.0,4.98,0.0,East
2016-12-05,CA-2016-146374,"#10 White Business Envelopes,4 1/8 x 9 1/2",Office Supplies,7.0,15.67,0.0,East
2017-12-11,CA-2017-153871,"Fellowes Twister Kit, Gray/Clear, 3/pkg",Office Supplies,5.0,8.04,0.0,East
2017-12-11,CA-2017-153871,Ibico Ibimaster 300 Manual Binding System,Office Supplies,2.0,367.99,0.0,East
2017-12-11,CA-2017-153871,"Bravo II Megaboss 12-Amp Hard Body Upright, Replacement Belts, 2 Belts per Pack",Office Supplies,7.0,3.25,0.0,East
2015-06-28,CA-2015-103772,GBC Recycled Regency Composition Covers,Office Supplies,2.0,59.78,0.0,South
2015-06-28,CA-2015-103772,"Boston Model 1800 Electric Pencil Sharpener, Gray",Office Supplies,5.0,28.15,0.0,South
2016-09-11,CA-2016-130225,Cameo Buff Policy Envelopes,Office Supplies,2.0,49.78,20.0,Central
2016-12-06,US-2016-103674,Avaya 5410 Digital phone,Technology,5.0,54.39,20.0,West
2016-12-06,US-2016-103674,Blackstonian Pencils,Office Supplies,7.0,2.67,0.0,West
2016-12-06,US-2016-103674,Xerox 1977,Office Supplies,2.0,6.68,0.0,West
2016-12-06,US-2016-103674,Cisco SPA301,Technology,2.0,124.79,20.0,West
2016-12-06,US-2016-103674,"Alliance Big Bands Rubber Bands, 12/Pack",Office Supplies,7.0,1.98,0.0,West
2016-12-06,US-2016-103674,Avery Durable Slant Ring Binders With Label Holder,Office Supplies,4.0,3.34,20.0,West
2016-12-06,US-2016-103674,Ibico Recycled Linen-Style Covers,Office Supplies,14.0,31.25,20.0,West
2015-09-06,US-2015-151435,KI Adjustable-Height Table,Furniture,1.0,85.98,0.0,South
2017-08-03,CA-2017-163566,Avery 476,Office Supplies,5.0,3.3,20.0,East
2016-09-22,US-2016-157728,"RSVP Cards & Envelopes, Blank White, 8-1/2"" X 11"", 24 Cards/25 Envelopes/Set",Office Supplies,7.0,5.08,0.0,Central
2016-09-22,US-2016-157728,Panasonic KX TS208W Corded phone,Technology,2.0,48.99,0.0,Central
2015-05-17,CA-2015-100251,Self-Adhesive Removable Labels,Office Supplies,10.0,3.15,0.0,East
2015-05-17,CA-2015-100251,"Acme Hot Forged Carbon Steel Scissors with Nickel-Plated Handles, 3 7/8"" Cut, 8""L",Office Supplies,4.0,13.9,0.0,East
2016-09-29,CA-2016-125794,Memorex Mini Travel Drive 64 GB USB 2.0 Flash Drive,Technology,1.0,36.24,0.0,West
2017-11-17,CA-2017-163629,Logitech G430 Surround Sound Gaming Headset with Dolby 7.1 Technology,Technology,1.0,79.99,0.0,South
2017-11-17,CA-2017-163629,Panasonic KX - TS880B Telephone,Technology,5.0,41.22,0.0,South
2014-01-21,CA-2014-110422,Ultra Door Pull Handle,Furniture,3.0,8.42,20.0,South
2017-02-26,CA-2017-121258,Tenex B1-RE Series Chair Mats for Low Pile Carpets,Furniture,2.0,45.98,0.0,West
2017-02-26,CA-2017-121258,Aastra 57i VoIP phone,Technology,2.0,129.29,20.0,West
2017-02-26,CA-2017-121258,"It's Hot Message Books with Stickers, 2 3/4"" x 5""",Office Supplies,4.0,7.4,0.0,West
2017-05-04,CA-2017-119914,"Acco 7-Outlet Masterpiece Power Center, Wihtout Fax/Phone Line Protection",Office Supplies,2.0,121.58,0.0,West
